:020000041000EA
:1000000000B5324B212058609868022188439860DF
:10001000D860186158612E4B002199600221596106
:100020000121F02299502B49196001219960352056
:1000300000F044F80222904214D00621196600F024
:1000400034F8196E01211966002018661A6600F04E
:100050002CF8196E196E196E052000F02FF8012189
:100060000842F9D1002199601B49196000215960AB
:100070001A491B48016001219960EB211966A021F2
:10008000196600F012F800219960164914480160C1
:100090000121996001BC002800D000471248134993
:1000A000086003C880F30888084703B5996A0420EC
:1000B0000142FBD001200142F8D103BD02B5186610
:1000C0001866FFF7F2FF186E186E02BD00000240BE
:1000D000000000180000070000035F00212200005C
:1000E000F4000018222000A00001001008ED00E03C
:1000F00000000000000000000000000074B24E7A12
:1001000000200420F7010010CB010010CD010010E9
:10011000C9010010C9010010C9010010C901001077
:10012000C9010010C9010010C9010010CF01001061
:10013000C9010010C9010010D1010010D301001045
:10014000C1010010C1010010C1010010C101001067
:10015000C1010010C1010010C1010010C101001057
:10016000C1010010C1010010C1010010C101001047
:10017000C1010010C1010010C1010010C101001037
:10018000C1010010C1010010C1010010C101001027
:10019000C1010010C1010010C1010010C101001017
:1001A000C1010010C1010010C1010010C101001007
:1001B000C1010010C1010010C1010010C1010010F7
:1001C000EFF30580103800BE00BE00BE00BE00BECA
:1001D00000BE00BEF2EB8871485E04106C5E041035
:1001E0003802001090A31AE71E481F49086006C88D
:1001F00081F3088810471D480068002801D019487D
:10020000F3E70DA40ECC002902D000F012F8F9E7B4
:100210001749184A002000E001C19142FCD116495B
:100220008847164988471649884700BEFDE701C937
:1002300001C29A42FBD370476C5E0410D0000020CC
:10024000B01900204C7704100000042000000420A6
:100250004C7704100010042000100420000000005F
:10026000704700000000000008ED00E0000000D032
:10027000B0190020848B0020D55B0010D102001043
:10028000CD5B0010F8B5C04610B5064C2378002BA6
:1002900007D1054B002B02D0044800E000BF01232A
:1002A000237010BD381D002000000000C8C40010DD
:1002B000044B10B5002B03D00349044800E000BFF5
:1002C00010BDC046000000003C1D0020C8C4001046
:1002D000F0B5DE4657464E464546E0B5642085B04B
:1002E00002F06CFC0A2408F0C1FC05F0B5FD06F034
:1002F0002DF9002805D1FA20013C02F05FFC002C0A
:10030000F5D19620400002F059FC00F075F800F09D
:1003100087FA00F0B3F809F03BFC00F00BFA02207A
:1003200001F0FAF900F00AF90BF06EFA00F01CFA8D
:10033000294B2A481B68002719009A4605F066FEDB
:1003400002F0E6FC264B04009946264B0D009B4626
:10035000254B264E984628E002F0DAFC80197941B8
:1003600004000D1E33DB00F087FA41464B464A4637
:1003700009795B8812880391414649885846029161
:10038000414609880191494609790091514605F095
:100390003DFE642000F01AFA01F030FA00F0F8F99E
:1003A00000F022FA0A2002F009FC02F0B1FC22005F
:1003B0002B00121A8B41002BEBDCCDD1002AE8D1A7
:1003C00002F0A6FC8019794104000D1ECBDA01244D
:1003D000074D6442C7E7C04684550410C8C40010E6
:1003E0003423002004C50010246B0020A0860100E7
:1003F000FFFFFF7F7047C04610B51E491E4808F03A
:10040000DBFB0321062001F083FB0321072001F021
:100410007FFB00220121062001F094FB0022012134
:10042000072001F08FFB132001F04EFCD024802325
:1004300024061B036362142001F046FC80235B0347
:100440006362122001F040FC8023DB0200220121C4
:10045000A362122001F076FB102001F035FC80230E
:100460005B02A362112001F02FFC80239B02A36298
:1004700010BDC046A086010060110020F0B52448E0
:1004800085B005F039FD234805F036FD0024224FE4
:10049000224D234E1AE0782A20D000230F22009309
:1004A000204801336A4408F0BBFB002816DB152CFA
:1004B0001BD01D4805F0AAFDE34328001B0700D010
:1004C0003000013405F0A2FD802C1FD0230707D097
:1004D00078232200E1B21A401C42DCD11348E9E73C
:1004E0002100380005F092FDF2E70122104B402078
:1004F0001A70104B0F321A700F4B033A1A7005F036
:10050000AFFC074805F082FD0134DFE705B0F0BD20
:1005100044C5001054C5001088C50010F0550410E3
:1005200040C50010601100203CC5001038C5001007
:100530007F8B0020801000206811002070B51720EC
:1005400001F0C2FBD02580232D061B04AB620122E3
:100550000C210B4B172001F03BFB0A4C207801F0DB
:10056000B3FB01232078002283400121AB6201F01C
:10057000E9FA01220C21207801F0FEFA70BDC04694
:10058000F503001080100020F0B5C64600B5524BB0
:1005900084B0DA689B68101C191C0093019203F068
:1005A000C6FD4E4B041C1D680098291C03F008FE74
:1005B000002800D1009D0198291C03F007FE0028A7
:1005C00000D17CE00099281C03F0B1FD0021051C3E
:1005D000201C03F0FBFD002800D178E0211C281C22
:1005E00003F0ABFD3E4903F0BCFD3E4903F0A2FD24
:1005F0003D4903F0B6FD3D4903F09FFD03F050FE79
:1006000002000B003A483B4903F053F903F038FA73
:10061000051C03F04FFE8621C90503F0A2FD03F07F
:1006200001FE783007B2281C03F056FE8621C9056A
:1006300003F097FD03F0F6FDC324261A281C03F0EF
:100640002FFE2B4A2B4B03F03DF903F019FA80469D
:1006500003F030FE8421C90503F083FD03F0E2FDC1
:10066000783005B2404603F037FE8421C90503F017
:1006700078FD03F0D7FD201A36B200B202AB1F801E
:100680005E8003AB1D8058801B4B1C4D1C7802996B
:1006900063425C413F2364429C43194B28689C465B
:1006A00064442200062300F075F906232200039912
:1006B000286800F06FF904B080BCB846F0BD002196
:1006C000201C251C03F082FD002800D086E7D920DD
:1006D0008E2569261E27D1E784550410DC240020CE
:1006E0000000B44200003442DB0F494000003443B4
:1006F000F1D4C853FB2109407A8B002078D1001037
:1007000040F8000010B5084B1868084B1B78002B08
:1007100006D1074B5969E122520203F03BFF10BD9D
:10072000034B9969F7E7C0463C2300207A8B0020F1
:1007300084550410E12010B5400203F007FF074C78
:10074000074B20601860002802D009F04DFB10BD57
:10075000044805F0D1FB2068F7E7C0463C230020A1
:100760004023002090C5001010B500F099F9054C09
:100770000549200000F0ACF92000044900F0A8F978
:1007800010BDC046588B00200507001089050010D9
:1007900010B50C4B82B01B69041C0021181C01937E
:1007A00003F014FD002809D00199201C03F0C5FCBA
:1007B00003F0D6FD019903F0D4FC041C024B1C602D
:1007C00002B010BD84550410DC240020430018182A
:1007D000430110B5C018642102F030FE014B013016
:1007E000187010BD90100020E122094B10B50021B7
:1007F0005202186803F0C8FE064B187808F0C0FBD8
:10080000054800F0EDFD054B186809F07BFA10BDB6
:100810004023002090100020588B00203C23002013
:1008200010B508F007FA1F211A2001F071F9002213
:1008300000211A2001F086F900211A2001F030FA77
:100840001F211C2001F064F9002200211C2001F06E
:1008500079F900211C2001F023FA1F211B2001F04F
:1008600057F9002200211B2001F06CF900211B2008
:1008700001F016FA10BDC046E021F0B5C6463A4A6E
:10088000C901136800B50B40384908240B6080216A
:1008900000200425364E4900356013680B42FCD019
:1008A0005368013C1B041B0CC018002CF4D1314EC2
:1008B000C0083080304D0004000C45432F4928000B
:1008C00002F0BCFD2E4B70809D4247D92D4B9D42BE
:1008D00046D864232C49584302F0B0FDC0B22B4BDC
:1008E00030719E88DB88204A9846802311689B01DE
:1008F0004B40E021C9010B401C4980200B600427BC
:1009000008211B4D40002F6013680342FCD0536840
:1009100001391B041B0CE4180029F4D11C4FE40816
:100920003C802404200C144C1449604302F086FDE2
:1009300083B27B8046450CD29E420AD2984511D99B
:100940006423801B58434346991B02F077FDC0B2D5
:1009500000E00020387180BCB846F0BD0020BEE742
:100960006420BCE76420F5E700C0044000D00440E8
:1009700000E0044034230020E40C0000FF0F0000DE
:10098000FE0F000073B5A8008C0A00008455041007
:10099000246B0020D0B51F0084B0CEB2040C0B0C29
:1009A000039002910092DBB23200E1B2C0B2019733
:1009B00009F050FA04B0D0BDF8B5DE4645465746BA
:1009C0004E46E0B505698B462C886B889C420CD05E
:1009D0006A6859460120A300013499502C80F0BC6C
:1009E000BB46B246A946A046F8BD002C3BD06300EA
:1009F0009BB29846980003F0A9FD061E48D06A688D
:100A0000002A36D0002CE4D00723134059424B4132
:100A10000A21601E80B281428941494219422DD08B
:100A2000131D9E422AD063089A469146B44600237D
:100A30004F4603CFB946674603C701339BB2BC4656
:100A40009A45F5D1012123008B43214202D09B001E
:100A5000D158F150100003F08BFD434632002C8832
:100A60006E606B80B5E704236B80043320209846CA
:100A7000C1E74346020068606B80AAE700210023BB
:100A8000505801339BB2705004319C42F8D1E1E7D9
:100A9000024805F031FA0020A1E7C046A055041035
:100AA00070B5094B094C0025A3600123082065603F
:100AB000A3812560A373256103F048FD002801D0C0
:100AC00005604560206170BDF000F000588B00208B
:100AD00070B5050018200E0003F038FD041E0ED07E
:100AE0000023012205604360836083818273066175
:100AF0004361002D03D02B7B013B012B01D920004A
:100B000070BD01002800FFF757FFF8E7F0B5DE469B
:100B100057464E464546E0B5046905001623E05E9B
:100B2000237FE2689B009B588BB0D98802F05EFC63
:100B30000227C6B226702879A9796B892A8901977C
:100B4000A78ACB1882180433043204390438DBB284
:100B50000097D2B2C9B2C0B20AF0A6FB6778237878
:100B6000BB4201D3002323701622A35E9B46E36899
:100B7000584699464A46237F09939B009B58D9883B
:100B80009A4602F033FC8846002900D09FE0002EF0
:100B900000D199E03700701EC0B2E9882E79043187
:100BA000CBB298466368002B00D14AE18000C2585E
:100BB00000230293638A41460193238A3000009305
:100BC0004B4609F03DFA6378BB4201D8FF1AFFB2E9
:100BD000227FE3689200D2582E79D188EA880432C5
:100BE0008918CAB290466268002A00D123E1B90090
:100BF0008A5800210291618A30000191218A009176
:100C0000414609F01DFA23786278934201D39B1A7A
:100C100023700137F8B2824201D8801AC0B2227F15
:100C2000E3689200D2582F79D688EA887600043299
:100C3000B6186268F6B2002A00D1F7E08000825848
:100C400000210291618A38000191218A00913100CE
:100C500009F0F6F91623E25E668AB84BE988D8886F
:100C60000196FC26F600009602264000091AC9B239
:100C7000287909F093FD237FE1689B005B582A895E
:100C8000D988EB88083AC9182879AD4BD2B2C9B2D5
:100C900000960AF051FA237FE1689B005B582A898D
:100CA000D988EB8849000433C918083A2879A44B3D
:100CB000D2B2C9B200960AF03FFA0BB0F0BCBB4604
:100CC000B246A946A046F0BD781EC0B265E75346BD
:100CD000099A9B88019252467B43090400929948E5
:100CE0005A46013B090C05F091F9002E00D1AEE007
:100CF000701EC0B22B799A46EB880433DBB299465A
:100D00006368002B00D1F6E08000C2584346002102
:100D1000DFB2E36806910597049103910291618A1D
:100D200050460191218A0091494609F0B3FA607852
:100D3000B04201D8361AF6B22B79227F9A46E36880
:100D40009200D258E988D28804315218D21BD2B20C
:100D500091466268002A00D1C7E0B1008A5800219C
:100D60000291618A50460191218A013600914946DB
:100D700009F066F96378F6B2B34201D8F61AF6B212
:100D80002B79227F9A46E3689200D258E988D2886C
:100D9000043152005218D21BD2B291466268002A26
:100DA00000D19CE0B1008A5800210291618A50462E
:100DB0000191218A01360091494609F041F9F0B2CA
:100DC0006678864201D8801BC0B22B79227F994673
:100DD000E3689200D258EE88917904364A008A1866
:100DE000B6186268F61BF6B2002A6FD080008258EF
:100DF000CF1B0021FFB20697059104910391029148
:100E0000618A48460191218A0091310009F042FA35
:100E10001822A35E002B1ED0E28A99B28A1812B261
:100E2000E282002B6BDD0139218315E7A368984727
:100E3000E368020004E7A36838009847E36802000B
:100E4000D7E6A3689847E36802009946B0E666785B
:100E5000701EC0B24EE7E37E002B34D1434699B2F8
:100E6000002930D0384B6A699B6A9B1A374A9342F3
:100E700029D9237FE2689B009B58D88843088B427E
:100E800040D2CB1A9BB25A1E032A4BD8022B4FD901
:100E9000023189B22278031C4243884200D90B1CDC
:100EA000D21891B212B2E28263785843824203DBD5
:100EB0000A1A91B212B2E282002A00DBCCE60818CC
:100EC00002B2E282C8E61623E25EC5E6A36898474E
:100ED000217FE3688900C9580200897988E7A368FF
:100EE00030009847E36802005EE7A3683000984747
:100EF000E368020033E7A3689847020006E7013180
:100F00002183A9E65B1A9BB25A1E032A0DD8022B35
:100F100011D98A1E92B221784143521891B212B26D
:100F2000E282C1E7033189B2B4E703398AB2F2E75A
:100F3000013189B2AEE74A1E92B2ECE7841000207C
:100F400007E00000B45504100040054027110300DD
:100F5000F0B5DE464E4645465746E0B50469050005
:100F60001623E05E237FE2689B009B588BB0998834
:100F700002F03CFAC6B26078B04201D8361AF6B236
:100F8000022726702879A9796B892A890197A78A6F
:100F9000CB1882180433063A04390638DBB20097BE
:100FA000D2B2C9B2C0B20AF07FF967782378BB42E7
:100FB00001D3002323701622A35E9A46E3685046AD
:100FC00099464A46237F9B469B009B5808939B88E3
:100FD0001900984602F00AFA002900D0ACE0002E71
:100FE00000D19AE0AB79701E984663683700C0B2B2
:100FF0002E79002B00D199E08000C2580123029382
:10100000638A41460193238A300000934B4609F0DE
:1010100017F86378BB4201D8FF1AFFB2227FE3685A
:101020009200D2589088AA888018AA79C6B29046B1
:101030006268002A00D145E1B9008A580121029175
:10104000618A30000191218A0091414608F0F8FF41
:1010500023786278934201D39B1A23700137F8B248
:10106000824201D8801AC0B2227FE3689200D2582F
:10107000AF799188AA8849005218D6B26268002ACE
:1010800000D11AE18000825801210291618A30006A
:101090000191218A0091390008F0D2FF1623E25E07
:1010A000668AC84BE988D8880196FC26F600009627
:1010B00002264000091AC9B2287909F06FFB237F84
:1010C000E0689B001B586A899888AB88E988013BD7
:1010D000C018083A0831BC4BD2B2C9B2C0B20096AF
:1010E0000AF052F8237FE0689B001B586A899888B1
:1010F000AB88E98801334000C018083A0831B24B88
:10110000D2B2C9B2C0B200960AF03EF80BB0F0BC41
:10111000BB46B246A946A046F0BDAB79781E9846BC
:1011200063682E79C0B2002B00D065E7A3689847AA
:10113000E3680200994661E78BB20904090C89460D
:1011400059460993434601910899013F52467B4312
:1011500000919E48494604F059FF237FE1689B00B7
:101160005B589A88637853434B4504DC099AD31A39
:101170009BB2994609934946954804F047FF002ED3
:1011800000D1A5E0701EC0B22B799846AB79994684
:101190006368002B00D1EFE08000C25824216B4629
:1011A0005B1800211F78E3680691059104910131D5
:1011B00003970291618A40460191218A0091494634
:1011C00009F068F86078B04201D8361AF6B2227F8A
:1011D000E3689200D258A98892885218D21BD2B2E2
:1011E0009046AA7991466268002A00D1BEE0B1001B
:1011F0008A5801210291618A40460191218A013673
:101200000091494608F01CFF6378F6B2B34201D85A
:10121000F61AF6B2227FE3689200D2589188AA8823
:1012200049005218D21BD2B29046AA799146626800
:10123000002A00D1A4E0B1008A5801210291618AFC
:1012400040460191218A01360091494608F0F8FE96
:10125000F0B26678864201D8801BC0B2227FE36874
:101260009200D25896887200B218AE88B618AA7941
:10127000F61B90466268F6B2002A72D0800082584F
:101280000021069105910391013104970291618A31
:1012900030000191218A0091414608F0FBFF18229D
:1012A000A35E002B18D0E28A99B28A1812B2E282A9
:1012B000002B6BDD01392183F2E6A3689847E368D0
:1012C0000200E1E6A36838009847E3680200B5E64B
:1012D0006678701EC0B257E7E37E002B3ED1099BB3
:1012E000002B3BD03B4B6A699B6A9B1A3A4A93425C
:1012F00034D9237FE2689B009B5809999B885A0840
:101300008A4246D28A1A92B2002A4DD0042A4CD878
:101310000800022A51D9023080B2191C834200D938
:10132000011C89B2207858430818E0822B4804F049
:101330006DFE1623E25E237FE1689B005B5899886F
:1013400063784B439A4202DBD21A12B2E282002A3D
:1013500000DBA5E69A1812B2E282A1E61623E25E4D
:101360009EE6A3689847E368020089E7A368300017
:101370009847E36802003CE7A368984702000DE73E
:10138000A36830009847E368020056E701312183E3
:1013900086E6521A92B2002A0BD0042A0AD8022AF0
:1013A0000ED9023989B2BDE705220800033080B2A8
:1013B000B3E70522033989B2B4E7013080B2ACE764
:1013C0000139AEE78410002007E00000B455041096
:1013D000DC5504100040054027110300E4550410BB
:1013E000F0B5DE4657464E464546E0B5837B0400E1
:1013F00089B0022B3AD0037B5A1E012A42D9002B16
:101400003BD0062B00D1F7E0072B00D1E3E0082BFF
:101410004DD0032B00D123E1042B00D10DE1092B8A
:1014200000D1F4E00A2B00D029E12569AB79EA79F3
:101430000133DBB22E7AAB719A4204D801235E40AD
:1014400000232E72AB712079A179228963898218D9
:10145000CB18D2B2DBB2002E00D11AE1AE882C88B4
:101460000096013CE4B2019409F01EFF09B0F0BC03
:10147000BB46B246A946A046F0BD2369002BF5D075
:101480009847F3E70669002EF0D03388002BEDD0A3
:1014900000257268AB009858FFF7A2FF013533882A
:1014A000ADB2AB42F5D8237B002BAAD1E5E7276983
:1014B0003E7B002E00D183E080203100C00001F08F
:1014C00095FF83B21D00994675430822A35E0A3D2D
:1014D0005B100A331BB298462DB2012E47D06F4BDA
:1014E00000269B4601239A4608E06D4A94466344D1
:1014F0001DB201363B7BB6B2B34261D941462800EA
:101500000AF02CF803000790A0889AB280180821EE
:10151000625EE18852101B0C8018C9180A22A35E73
:1015200080B25B10C9188BB20593BB684D441A7822
:10153000921B514251415A464B421340F82212022B
:10154000944652460191634400920599032209F0A2
:101550004BF98022ABB22DB2D2009542C5DA002DF4
:10156000C7DA8022D200944663441DB2C1E7190055
:10157000280009F0F3FF03000790A0889AB28018B2
:101580000821625EE18852101B0C8018CB180A22D9
:10159000A15E80B249105918BB6889B21A780096CA
:1015A000531E5D426B413D4D5B422B40F8252D02A1
:1015B000AC46551EAA4163440192032209F014F976
:1015C000A37A227AA17920797C680194002400947E
:1015D00008F010FC4AE7A37A257998462369A67992
:1015E000277A98470023019000933A004346310040
:1015F000280008F0FFFB39E7A37A227AA179207945
:10160000246901940024009408F0F4FB2EE7256976
:10161000AB79EA790133DBB2AB719A4228D92B7AE4
:10162000A088E1882289002B20D0AB880024019477
:101630002C88009409F0D8F818E72369194D2B601D
:101640001B68984702002D686B68A1792079AC7CF3
:1016500002946C8901942C89009408F0F1FC05E750
:101660002569114B2A681D606B68EEE76B88DDE722
:1016700001222B7A534000222B72AA71D0E70B2B48
:1016800000D0F3E6637B2000102B04D0FFF760FC52
:10169000ECE66E88E3E6FFF739FAE7E61F08FFFF9E
:1016A00000FCFFFF548B0020508B002030B585B02C
:1016B000012826D002280BD0134B03AA1380002345
:1016C000152100931148023307F0A0FA05B030BD90
:1016D0006A4600250D4C0E4B15219381200003AA6C
:1016E0000223009507F092FAD5236A465B009381A6
:1016F000A93B152120000095FF3B03AA07F086FABD
:10170000E4E7044B03AAD9E7FA7100006011002056
:10171000FA110000FA410000F0B5D024802524061B
:10172000ED0385B0A5610600782001F047FA6561F8
:10173000782001F043FAA7236A460127D3720B22CF
:1017400000252B4C1521A63B6A442000009707F08A
:101750005DFA012315212000009503AA07F060FA25
:101760006B461B7BB52B3ED16A460C3BD3720B22DA
:1017700015210097A83B6A44200007F047FA01238F
:10178000152103AA2000009507F04AFAFF236A46B4
:101790005B009381FD3B1521FF3B03AA20000095D0
:1017A00007F034FA3000FFF781FFEE236A46114F4D
:1017B000FF339381EC3B15213D60FF3B03AA2000E2
:1017C000009507F023FAF7236A465B009381ED3B0F
:1017D000152120000095FF3B03AA07F017FA01200E
:1017E0003E7105B0F0BD044804F086FB0020F8E728
:1017F000601100205C1D0020F455041010B582B06B
:1018000001F086FA00292DD0FA220023920001F07F
:1018100053FE1E4901F012FE1D4B0800994216D9D5
:101820001C4B00249C46FA2360441B01984221D3A0
:10183000194B9A68D868111C019202F078FC211C9F
:1018400002F08FFC019902F075FC02B010BDFA2382
:101850001B0199420BD202F0BEFC104902F06DFC54
:10186000041CE5E7FA21890001F0E8FDD1E7FE2438
:10187000A405DDE702F0AFFC084902F05EFC011CA4
:10188000FE20800502F053FC041CD1E72823000051
:10189000931100006CEEFFFF8455041000007A45A0
:1018A000D0231B061B68F0B59A004546904641467A
:1018B000934ADE465258574693465A1E9341302269
:1018C0004E465B421A4013008E4AE0B5944683B000
:1018D000634401938C4B08269A463500083DEA087C
:1018E0001300019908339B005C58002C27D05B46FD
:1018F000002B2ED001230F27994639002140274283
:1019000017D0524640462B001258203BEA40DB17C6
:1019100013404A4613420CD1072208002A40920085
:1019200090400200EB0879483C339B001A50280095
:10193000D84724090135002C01D0B542DDD3083643
:10194000282ECAD103B0F0BCBB46B246A946A04679
:10195000F0BD0F2318002040234209D041466A4BB6
:1019600059583300E940283BDB0F0B4200D197E088
:101970002309F11F002BE2D00F22100018401A4259
:1019800011D04246604B9A583300CA40273BDB0FC8
:10199000134208D10722CB081140890088405B4AD6
:1019A0003C339B009850230AB11F002BC7D00F2255
:1019B000100018401A4211D04246534B9A58330037
:1019C000CA40263BDB0F134208D10722CB08114047
:1019D000890088404D4A3C339B009850230B711F6F
:1019E000002BACD00F22100018401A4245D1230C16
:1019F000311F002BA3D00F22100018401A4258D1DB
:101A0000230DF11E002B9AD00F22100018401A420D
:101A100062D1230EB11E002B91D00F22100018406E
:101A20001A4211D04246384B9A583300CA40223BE2
:101A3000DB0F134208D10722CB08114089008840F0
:101A4000324A3C339B009850240F711E002C00D169
:101A500075E7534642469A583300CA40213BDB0F94
:101A6000134200D06BE70722CB08114089008C405D
:101A7000264A3C339B009C5061E74246224B9A58D1
:101A80003300CA40253BDB0F1342B0D10722CB08FD
:101A90001140890088401D4A3C339B009850A6E7BE
:101AA00007231D40AD00A840184B3C329200D05097
:101AB0005EE74246144B9A583300CA40243BDB0F82
:101AC00013429DD10722CB081140890088400F4A5C
:101AD0003C339B00985093E742460B4B9A58330097
:101AE000CA40233BDB0F134293D10722CB0811409E
:101AF00089008840054A3C339B00985089E7C046DE
:101B00004424002000410140146B002000400140AB
:101B100010B54024084A83009A181268C000544047
:101B2000C0222240054CA44663441A60044B9C46E4
:101B30006044416010BDC04604C0014004D0014073
:101B4000004001400B4B80009C46604400290ED1B0
:101B500000230431002A00D11900802203685201B9
:101B6000594094460C2360440B40036070470C219D
:101B70000823EFE704C00140D0231B061B6830B5E3
:101B80000500581E834110485C42844607203023DC
:101B9000284023408000EC08814020000B4D3C3061
:101BA00063448000A40041511B19002A05D0802203
:101BB000920194466344196030BDC022920194465C
:101BC00063441960F8E7C04600410140004001400D
:101BD000F8B545469846D0231B06DE461C689B4652
:101BE0002B4B57469A46A3004E469946E0B55346BE
:101BF00016004A469B5807000D00002B34D0434680
:101C0000002B3FD053464A4641469950D0231B06ED
:101C10001C6807201F4A631E9C419446FA08110065
:101C2000302338408000854064421B4823403C31CB
:101C30006344890092000D509B18002E0ED0802224
:101C400092019446634401210D201D6000F042F989
:101C5000F0BCBB46B246A946A046F8BDC0229201E0
:101C6000944663441D60F3E74346002BD1D05346AE
:101C700041460D2099500022084900F08DF95B463D
:101C80001C68C6E70D20054900F07AFABAE7C0469D
:101C9000442400200041014000400140A1180010F0
:101CA0008000002905D0064B9C4640236044036019
:101CB0007047044B9C46402360440360F8E7C046ED
:101CC00004E0014004F001400123D0228340402180
:101CD000120693629361094A83009A181268C00041
:101CE0005140C0220A4006498C4663441A60054BA5
:101CF0009C460523604443607047C04604C00140D1
:101D000004D00140004001408023DB051868000F2B
:101D10007047C0460FB400B5084883B004F0ECF833
:101D2000049B002B07D005A91800019103F01AFFAE
:101D3000034804F0E1F8012003F02CFF14560410CE
:101D4000F055041070B5EFF3108C72B60D4D2B6882
:101D5000002BFCD0BFF35F8F0724CB08C618C05CF4
:101D600001230C40A3401C000440034207D103435D
:101D70003370BFF35F8F2C608CF3108870BD100040
:101D8000FFF7C8FF2C0100D0F8B54746CE4688467D
:101D900080B5EFF3108C72B6214D2C68002CFCD06E
:101DA000BFF35F8F9A422CD8D4080727055D061928
:101DB00001241740BC402C421FD00721012789462F
:101DC00009E0D408055D06194C4639001440A140CD
:101DD0000C00294211D001329342F2D2012040423C
:101DE000BFF35F8F00220E4B1A608CF3108800281F
:101DF0000FDBC0BCB946B046F8BD2C4310003470B0
:101E0000EEE7BFF35F8F00232B608CF31088012077
:101E100040424346002BECD00898FFF77BFFC046BA
:101E20002C0100D030B5EFF3108C72B60A4C236849
:101E3000002BFCD0BFF35F8F07230122CD08194090
:101E40008A40435D93434355BFF35F8F0023236074
:101E50008CF3108830BDC0462C0100D0044A1078A5
:101E6000431CDBB2172B00D9102313707047C046F8
:101E70009110002000B5054B83B00100009318229B
:101E80001F230348FFF780FF03B000BD2456041052
:101E9000742400200021044B044ABFF35F8F02C367
:101EA0009342FAD17047C046000100D0800100D0B3
:101EB000054B064A1360064A136053609360D36073
:101EC00013615361936170478080808000E400E07B
:101ED00004E400E01F2318401E3B8340002905D086
:101EE000C021044A490053501360704780220149C1
:101EF0008B50FAE700E100E001228240034B1B68AF
:101F000013405A1E9341D8B27047C04600E100E02A
:101F100001238340014A13607047C04600E200E09D
:101F2000064B10309B688000C358054A00209B1A5E
:101F30002F229A424041C0B27047C04600ED00E0F7
:101F40009410002070B50D00EFF3108672B60F4AA2
:101F50001368002BFCD0BFF35F8F0D4B10309B68D4
:101F600084001B590B4A934203D09D4201D001F0DB
:101F700007F9074B9B681D51BFF35F8FBFF35F8F5E
:101F80000022024B1A6086F3108870BD240100D035
:101F900000ED00E0C1010010F0B557464E46DE46A8
:101FA0004546E0B585B0060002911700EFF3108BAF
:101FB00072B6674A1368002BFCD0BFF35F8F002511
:101FC000644B5D579A46002D00DAA4E06B00624C2A
:101FD00003935B199B009846A146C1444B46524669
:101FE0009B79103613705D4BB2009B680192995833
:101FF0000B1B2F2B34D95A4B994200D0A4E0039BE2
:10200000584A9C46584B6544AD00635343460233DF
:102010006519E418554B0121043B1B1B1B055B0D87
:1020200013436B80524BEF71AB80FF23AB71029B6C
:10203000AB604B460B431900484B019A9B68995083
:10204000BFF35F8FBFF35F8F0022414B1A608BF3AA
:10205000108805B0F0BCBB46B246A946A046F0BD0C
:1020600001200A008243D379BB422FD845464E4611
:10207000130040491B1B5B415943090D3A4B635305
:102080003A4B02356519043B5B1B1B05354D5B0D57
:102090002B4373800426B446E0444444131F1B1BA7
:1020A0004C46A17102991B05A16049465B0D2B436B
:1020B000A380314BE77101431360BDE75800C0189E
:1020C00080002018C679BE422BD902000623D356C1
:1020D000002BF3DA101D82462848804604267642FB
:1020E000B446E14450464E46361A3005400D82460D
:1020F00056461C48957106439680039A944665445B
:102100001D4AAD00641922604246A371029BA28061
:10211000E771A36090E701F033F8002553465D575F
:1021200054E7101D824690884005001584464046BD
:10213000D444664604302018301AE0260005400DCD
:10214000360230438046C9E701F01AF857E7C04627
:10215000240100D07B8B00209410002000ED00E0D3
:10216000C101001000E0FFFF00A1FFFFC41000202C
:1021700001BDFFFFAAAA00000148804701BD000081
:10218000F0B5DE4657464E464546E0B50C0083B0F6
:10219000EFF3108972B65F4A1368002BFCD0BFF3CF
:1021A0005F8F5D4B9A68030010339F00D5595B4ADF
:1021B000904695423DD0A5424ED0594EAA1B2F2A9B
:1021C00037D8584A9346126894460122614692468F
:1021D000824011401F221040524682409246019197
:1021E0008022514658468150BFF35F8FEFF305823E
:1021F0009346002A32D101232A009A4390688442F0
:1022000008D17CE04B005B189B00F318986884426F
:102210002ED01A00062151560029F3DA84424DD0FF
:10222000019B002B1FD0C02251463E4B52009950BB
:102230001960394B9B68DD51BFF35F8FBFF35F8F30
:102240000022344B1A6089F3108803B0F0BCBB46FF
:10225000B246A946A046F0BD1500EAE79342CAD0AF
:1022600000F08EFFC7E7802351462E4AD150E0E7A9
:1022700006215956002922DB4A00501880003418E4
:102280008046A0689860E079D87106202056987141
:10229000002825DBA488F01A64052415444400199D
:1022A000E0240005400D24022043988052181E4B64
:1022B0009200B6181A781970B271B1E71300594636
:1022C00000290FD1FF3191711849918016490A7880
:1022D0009A71174A9B1B5B415A43120D0A709FE784
:1022E0001448E2E7144A1549D21A083A5002400D40
:1022F00001439980124952080A43DA8090E7062187
:10230000515613000029B7DA5A46002AEAD1454649
:10231000DCE7C046240100D000ED00E0C101001060
:102320009410002000E100E07B8B002001BDFFFF46
:10233000AAAA000001BD0000CE10002000F0FFFF9F
:1023400000F8FFFF70B501240443EFF30581EFF3BC
:10235000108C72B6214A1368002BFCD0BFF35F8F3C
:102360001F4B05001F4AED1A6D416A43120D1E4DA9
:102370008900AE6852B27658A6421CD00621595642
:1023800091421CD012215956914222D01E215956F9
:10239000914220D02A2159560324914210D0134B48
:1023A00019781A708171BFF35F8F00220B4B1A608E
:1023B0008CF3108870BDAB680D4C5C50EFE70024C7
:1023C0006100091989005B18FF21997109499980F9
:1023D000E5E70124F4E70224F2E7C046240100D037
:1023E00094100020AAAA000000ED00E07B8B0020E2
:1023F000C101001001BDFFFF00B5074B83B0010014
:102400000093002205230548FFF7BEFC002801DBEE
:102410001F23181A03B000BD40560410818B002002
:10242000024B9C46614489000160704740000034C3
:10243000F8B5134D134E2C00FF27B5421ED223686A
:10244000002B0FD0FFF70AFD01002800FFF7E8FF7F
:10245000A780BFF35F8F0834B4420FD223682500F2
:10246000002BEFD1FFF7FAFC01002800FFF7D8FF9F
:102470002771BFF35F8F0834B442EFD3F8BDC04675
:10248000A8190020B019002010B50400FFF7E6FCE1
:1024900001002000FFF7C4FFFF232371BFF35F8F0C
:1024A00010BDC04610B504000120FFF7E3FC044B4B
:1024B0009C46604480002060BFF35F8F10BDC04623
:1024C00040000034034B9C46614489000160BFF327
:1024D0005F8F7047400000340A4B1968EFF310809B
:1024E00072B60A68002AFCD0BFF35F8F1B68BFF387
:1024F0005F8F00221A6080F3108840BF0020002107
:102500007047C046306B0020F0B5DE4657464E4659
:102510004546E0B585B0EFF30582032313409A00EA
:1025200011000392B64A5258904601229A409146B1
:10253000B44B1A604B46B4484363434608229B5E43
:102540009A46002B3DDA43469B881BB2002B00DBEA
:10255000A1E043469B79002B00D0F3E043460824DA
:102560001C5F002C23DB42465269630094461B1912
:10257000DB0063449C68DD68631C00D10FE1A24866
:10258000039984466144826A0B69A61A9B1A9E428B
:1025900015D34A46036A1A4211D09B4800F0B0FB9B
:1025A000241A8D41002D02DCC4D1002CC2D040BFC2
:1025B00005B0F0BCBB46B246A946A046F0BD0C61D2
:1025C000EBE7424652695B0093465344DB009B4471
:1025D0005B469E68DF6800F093FB801BB9410029D1
:1025E000B1DB002F00DAE5E05B46884A1B699342C5
:1025F00000D1D8E041465A460820085E52880004BF
:1026000010435A465169984704000D0023002B439C
:1026100000D1CFE0002D00DBE8E0361BAF413400F5
:102620003D005B469C60DD600021595E002900DAB8
:1026300089E743465B6922009C462B00480040180E
:10264000C00060448668C768921BBB41002B00DA5B
:1026500079E74346664602000094019519810CE033
:102660007B00DB19DB00F318009801999C68DD689A
:10267000001BA941002904DB1A000023D75E002FAC
:10268000EEDA5B461F805346138043469B881BB29D
:10269000002B00DA5DE743461A69EFF3108172B64A
:1026A0001368002BFCD0BFF35F8F43469B884246E4
:1026B0001BB29A4601235B4293801369BFF35F8F7D
:1026C00000221A6081F310885346002B00DA40E79D
:1026D00043465B699C46082343449B4653465F0040
:1026E00043465744FF0008229A5E67445E46BC6832
:1026F000FD68002A19DB3B000094019567469C4663
:1027000004E01E000023F25E002A0BDB0098019912
:1027100053009B18DB00FB189C68DD68001BA94177
:102720000029EEDA6346BC461F0053463380002181
:102730007B5E3A809A46002BD0DA43469B79002B89
:1027400000D10BE7002342469371434646460821D9
:10275000595E08364B1C00D129E747468C4655691F
:1027600002E006004B1C17D04B005B18DB00E8189A
:102770000A00E95E43881BB2002BF2DA01235B42B8
:10278000DC178360C4606245ECD031803B8994469D
:1027900003803A814B1CE7D1B8466446E1E66B1CE6
:1027A00000D0ECE6F9E65B465C69200023699847B7
:1027B000002821D15B4642461B8813811269EFF342
:1027C000108372B611680029FCD0BFF35F8F4246B8
:1027D000594652880A804246514651801269BFF3D9
:1027E0005F8F0021116083F31088ACE6064800F08B
:1027F00087FA24184D4114E76568246806E7C04647
:10280000046B00203C700540004005400925001085
:1028100070B52E4C2569002D04D00A212C48FFF7F5
:10282000FFFD70BD2B4E0321300000F05FFAE66023
:10283000FFF714FB284B03229C46D02322701B0673
:102840001B6801216370254B6044A3600F23800047
:1028500020610220638063694942A18019800231AE
:10286000198647311D83585218315A5275325C39D6
:102870009952183201319952183201319952183255
:1028800001319952083518329D520231183299524D
:1028900018320131995218320131995218320131EE
:1028A00099521832013199521832013199520C4B18
:1028B0000C49DC6001303562FFF744FB0121032045
:1028C000FFF708FB084B1D60A7E7C046DC1000209F
:1028D000306B00200040054040000034FFFF100036
:1028E000046B00200925001038600540004870473F
:1028F000DC100020F8B51F0008AB1B7804001600A0
:10290000002B07D100F004FA32003B00121A8B4171
:10291000002B4CDB2269EFF3108072B61368002B9A
:10292000FCD0BFF35F8F62690223E15E94464B00E7
:102930005B18DB006344002901DB1A88628022698E
:10294000BFF35F8F0025156080F31088002930DB0E
:10295000069A9E60DF601A61079A5A615A880132AE
:102960005204520C161C002A1FD0B0B20A045E801A
:1029700010432669EFF3108572B63268002AFCD046
:10298000BFF35F8FA2881A80A1802369BFF35F8F96
:1029900000221A6085F31088074923788C4601329B
:1029A0009A40E36863441A60F8BD0126DDE7002021
:1029B000FAE701204042F7E73C20000070B5C64628
:1029C000010000B50469EFF3108C72B6206800288E
:1029D000FCD0BFF35F8F02200D5E48696C0080461B
:1029E0006419E4004444002D01DB20884880086914
:1029F000BFF35F8F002606608CF31088002D30DB5C
:102A0000E36063880598013320615B0406985B0CE2
:102A1000A26060611A1C002B21D090B22B0462804E
:102A200018430A69EFF3108672B61368002BFCD0C6
:102A3000BFF35F8F8B8823808D800B69BFF35F8F1F
:102A400000221A6086F310880B7801329A40CB6816
:102A500005498C4663441A6040BCB04670BD0122F3
:102A6000DBE701204042F7E73C20000010B5438936
:102A70000A14934233DD53009B184269DB009446ED
:102A800004696344EFF3108C72B62268002AFCD00C
:102A9000BFF35F8F5A88090494B2090C8A4208D0A8
:102AA0000369BFF35F8F00221A608CF31088002047
:102AB00010BD8022120214435C80012302698371DD
:102AC000BFF35F8F002111608CF3108805490278F5
:102AD0008C469340C268012062441360E8E70020FE
:102AE000E6E7C0463C20000040787047F0B504009F
:102AF0000D0006267642F717C64636196F4100B517
:102B000082B08F4214D811D000F002F932003B009D
:102B1000121A8B41002B15DC002B44D02000290019
:102B200000F02AF902B080BCB846F0BD8642EBD96D
:102B30000026002700F0ECF832003B00121A8B410F
:102B4000002BE9DD00F0E4F832003B00121A8B4163
:102B5000002B0ADB00230193144B3200009314482E
:102B60003B00FFF72BFF0028D8DBB0460026BC4611
:102B7000104A114F7B6A9C4504D8B96A8845CDD963
:102B80009C45CBD11168EFF3108072B60B68002B17
:102B9000FCD0BFF35F8F1368BFF35F8F1E6080F3BD
:102BA000108820BFE6E7002AB8D0CBE7D924001070
:102BB000DC100020306B00200040054070B506009E
:102BC00000F0A6F8FA2204000D00002330000021D6
:102BD000920001F08FFA00196941002902DBFFF72A
:102BE00085FF70BD012001494042F8E7FFFFFF7FEC
:102BF000F0B5CE46474680B504000D0083B0EFF334
:102C00000587002F0DD0364A0020536A8B4203D32C
:102C1000926A0130A24250D303B0C0BCB946B0465C
:102C2000F0BD304B9846DB689946434648461E78CF
:102C300000F066F80B00494602000436B6007158F1
:102C400020008E1A2900801A99418F4211DC0ED083
:102C500020BF234A0020536AAB42DDD3926A013081
:102C6000A242D9D2E81A421E9041C0B2D4E78642AD
:102C7000EED900F04DF822002B00121A8B41002BE8
:102C800020DB00230193184B2200009340462B00C9
:102C9000FFF794FE011E15DD114B2E005A6A954276
:102CA0001CD89B6AA34217D34046FFF7DFFE0C4AAD
:102CB0000020536A9E42AFD8D0E7581A421E904176
:102CC000C0B2A9E7064A0020536AAB42A4D3926A75
:102CD0000120A242A0D2C5E79542E5D120BFE3E79B
:102CE00000400540DC100020D924001010B5024A35
:102CF0000248FFF727F810BD5C5604107824002026
:102D00000300416A0A00986A596A8A42FAD17047F8
:102D1000034B596A0A00986A596A9142FAD170477E
:102D20000040054070B504000D00124A536A1900B6
:102D3000966A536A8B42FAD13000190024184D412B
:102D4000AB4211D80ED02B000A494A6A9A42FCD3F2
:102D500007D1084A02E0516A994202D1916AA14220
:102D6000F9D370BDA642EED9012301246442E517D0
:102D70005B42E9E700400540064A536A9942FCD8A5
:102D800007D1044B02E05A6A914202D19A6A824208
:102D9000F9D3704700400540F8B5DE464E46574629
:102DA0004546E0B58B4605000A991800160000F06C
:102DB00045FB0A9B6C001F02324B64199C46A40021
:102DC0006444636881469F4200D967602B1FDBB271
:102DD0009846012B30D9C02380229B01E3181201B1
:102DE0001A60294BAD0059599A4600291BD1226817
:102DF00076017240E0268023164042465B01E318CC
:102E00001E60012A30D9802380229B01E318120121
:102E10001A6053464A4667605A51F0BCBB46B246F8
:102E2000A946A046F8BD586900F008FB431C5800AD
:102E3000C0180338FDD2DAE75B46012BCBD1C023A3
:102E400003229B01E3181A60023AA3681A42FCD0DD
:102E5000E0232268760156401E4080230A4A5B0127
:102E60009246E3181E60AD005A4621685140032285
:102E70000A401A6001225B469A40A3681A42FCD0BD
:102E8000C1E7C046008000407C240020F0B54646E3
:102E90004F46D646C0B51F00344B44009C4624180C
:102EA000A4006444636888461600FF2B02D8802380
:102EB0005B006360031FDBB29A46012B30D9C0234D
:102EC00080229B01E31812011A60294B8500595991
:102ED000994600291BD1226876017240E0268023A2
:102EE000164052465B01E3181E60012A30D9802348
:102EF00080229B01E31812011A6080235B0063604B
:102F00004B465F51E0BCBA46B146A846F0BD586991
:102F100000F094FA431C5800C0180338FDD2DAE7D9
:102F20004346012BCBD1C02303229B01E3181A6037
:102F3000023AA3681A42FCD0E02322687601564088
:102F40001E4080230A4A5B019146E3181E608500FB
:102F500042462168514003220A401A60012342463A
:102F60009340A2681342FCD0C1E7C04600800040F5
:102F70007C240020014B8000C05870477C24002036
:102F8000F8B5040020481D0017000E0000F056FAA6
:102F90000100380000F052FA069B29041B03194374
:102FA0002368002B1EDB194B194DE21853425A417E
:102FB00080235B019C461203164B62441A60164B39
:102FC0001A6017002B689F43FBD1144B2660E21850
:102FD0002123A06013602368002BFCDA0823E16042
:102FE0001360F8BD3F2322681340B342DBD1A368CE
:102FF0001B051B0D8342D6D1EE22E368D20213409B
:103000008B42D0D1EDE7C046001BB7000040FDBFAA
:1030100008C0004000E0004000F000400430000024
:1030200010B5140080221B4BD2051A6000281AD05C
:103030000123194A1843194BDA61194A42401A62AE
:10304000596298628022134BD2051A601549164ABC
:103050001160E022D2041A60002C07D18022134BA9
:1030600012061A6010BD0D4BD861EBE763011B1B04
:103070009A008023121912015B049A4200D30C4A71
:103080000C4B1A60054B5A608022084BD2051A601F
:10309000E8E7C04600B00540D3C007B00080054057
:1030A0002D3FF84FFCFF01000820014000A0054023
:1030B000FFFFFF00F42A00208023024A9B000B43FD
:1030C000D362704700800540142310B501001888B2
:1030D00004331B88984710BD162310B501001888CB
:1030E00002331B88984710BDF8B54746CE4680B5D9
:1030F0000F1E19D01423994604330400002501261D
:1031000098464B461888434621681B88984701C457
:10311000431E9841013540420640AF42F1D1300094
:10312000C0BCB946B046F8BD0126F8E7142370B517
:103130000400188804331B880D00054998470300D4
:103140000020002C01DB0130A04029009847C04638
:1031500055420000AA23064A1B0113608D235B0021
:10316000D3600449044B19605368002BFCDA7047A4
:103170000040024000B0FA00006002407047C046C4
:1031800010B50148FEF7C6FD8056041070B5074D16
:10319000074EB54209D20024013E761BB60808CD81
:1031A000984723000134B342F9D170BD80C40010A8
:1031B000BCC40010054B064A06491A60064A074B74
:1031C0001A6010000B689843FBD1704700E0004084
:1031D000BFCDFBFE08C00040FE7F3C0000F0004079
:1031E000044BDB6C002B03D18022034BD2021A600C
:1031F0007047C046000011504C201150044A054B46
:103200001A60054A1368DB018033FBD17047C04662
:10321000FFFFFF0100F0004008C000404022034BC8
:103220009A675A671A67DA667047C04600F001402D
:1032300010B5FEF72FFE10BDF8B52D492D4C2E4DC3
:10324000641AA6103200302E00D9302228009200D5
:1032500001F0A0F9BC2C41D80123711C08009C4648
:10326000264A30293DD92F272C196407E30FBF1BAD
:10327000052F19D9302917D8002B36D0B1006A5044
:103280006146CC1AF3189B006108EB18C900C918F5
:103290001A605A6008338B42FAD101232100994306
:1032A00046188C421AD0711CB300EA50302915D050
:1032B00089006A50B31C2E2E10D09B00EA50F31CDC
:1032C0002D2E0BD09B00EA50331D2C2E06D09B00D8
:1032D000EA50731D2B2E01D09B00EA50084B9D60D5
:1032E000F8BD2F339B1B9C46BDE73000C8E7C046A6
:1032F00000010010C001001000000020C1010010FA
:1033000000ED00E0002310B5294C82B0A367FFF761
:1033100021FF0122274B1A60636C012BFCD1032291
:10332000254B1A60224A936B012BFCD10133009389
:103330000121224A22480433FFF722FE05230121FE
:103340000093204A2048FFF71BFE002202210420A0
:103350001E4BFFF79BFD0022012105201C4BFFF7B0
:1033600095FD0022002107201A4BFFF78FFD002258
:1033700000210820174BFFF789FD8023DB00009315
:10338000002200210920134BFFF706FD0022104BFD
:1033900000210620FFF77AFD0420FFF7EBFD0E4920
:1033A00000F04CF801000020FFF786FE02B010BDCF
:1033B000008000403CB0004030B00040002F685911
:1033C00000800240008C864700C00240001BB7000E
:1033D00040597307006CDC0240420F000148042191
:1033E000014B184700110020E9300010124A936F7A
:1033F0009B0815D29066D166002905D0FFE7FFE74C
:10340000FFE7516F106F704704B580210906C2179E
:103410005140002800D0C84308F0EAFF002104BD55
:10342000F0B5146E556E576F166FFFF7E3FF146615
:10343000556657671667F0BD000000D0114A936FBC
:103440009B0813D210665166002905D0FFE7FFE7FD
:10345000FFE7516F106F704704B5002801D00020BE
:10346000C04308F0C5FF002104BDC046F0B5146E8E
:10347000556E576F166FFFF7E5FF14665566576771
:103480001667F0BD000000D094464A4A926F920839
:10349000624601D228E0C046F0B5464E346E756EE5
:1034A000776F366F00F020F89446424A14665566EE
:1034B000576716676246F0BD94463E4A926F92087F
:1034C000624601D254E0C046F0B53A4E346E756E95
:1034D000776F366F00F04CF89446364A146655669E
:1034E000576716676246F0BD002B24DB11D0002918
:1034F0003EDA00B5C943404200D1013100F038F84E
:10350000C943404200D10131DB43524200D1013373
:1035100000BD002AEBD1002801D1002905D00020F0
:10352000C90FC90701D1C043410800B508F050FFD9
:103530000022002300BD00B500290ADBDB43524214
:1035400000D1013300F014F8C943404200D10131E9
:1035500000BDC943404200D10131DB43524200D19A
:10356000013300F005F8DB43524200D1013300BDC6
:10357000002923D1002B18D1002A0CD0BC460D4FB6
:1035800038667A6600210023FFE7FFE7FFE77A6FDE
:10359000386F67467047002801D00748010000B522
:1035A00008F016FF0022002300BD02000B000020DF
:1035B00000217047000000D0FFFFFFFF002B00D06C
:1035C000BFE0130C28D1002AE7D080B4114F396630
:1035D0007A66FFE7FFE730B4040C7B6F396F1B049A
:1035E00023433B667A66FFE7FFE7FFE7C04684B206
:1035F0007B6F3D6F1B0423433B667A66FFE7FFE763
:10360000C04600232C042D0C7A6F386F00196941D5
:10361000B0BC7047000000D0F0B594460025140EF1
:1036200001D112020835140F01D112010435940F93
:1036300001D192000235D40F01D152000135D40BD3
:103640000134254F7C66254C3C660E0C93B2FFE797
:10365000FFE7FFE73C6F6643360C7703BE467343D4
:10366000DF0B5B04C01AB941130C7343DB18C91A92
:10367000CE086643360CB64493B273431F0F1B014A
:10368000C01AB941130C73431F0B1B05C01AB94173
:10369000860D8F023E436643360C092D24DB520A09
:1036A0007243801A7703460A6643360C16235B1B67
:1036B000DE40DF40BF1964466643821B7046043516
:1036C00006330100D940A840C01900D30131A242FD
:1036D00006D20023F0BD0000000000D0FFFFFFFF76
:1036E000121B0130F3D3F1E709277F1BFE4064462C
:1036F000A2B27243801A00D20139220C7243130C19
:103700001204821A99410B007046043513370100E8
:10371000F940A840801900D30131002B02D1A24208
:103720000AD2F0BD013000D30131121BFAD2013BA5
:10373000F8D1A24200D2F0BD013000D30131121BFA
:10374000F7E7F0B51C0C00D080E00CB400251C0A93
:1037500004D11B02160E3343120208351C0B04D190
:103760001B01160F3343120104359C0B04D19B003F
:10377000960F334392000235DC0B02D192185B4165
:1037800001351C00971864410134464F7C66464C55
:103790003C660E0CFFE7FFE7FFE7C0463C6F664361
:1037A000360C7703BE4697B27743C01B00D201396F
:1037B000C01B00D201399FB27743C91BC91B170C2C
:1037C00077437E04FF0B801BB941CE086643360C5D
:1037D0000C2D33DBB644120B1F053A431B0B97B27B
:1037E0007743C01B00D201399FB27743C91B170C26
:1037F00077433E043F0C801BB941860D8F023E4348
:10380000664329277F1BFE400C3D7746AF40BF191A
:1038100030BCA2B2ABB272437343801A9941220CFE
:103820007243130C1204801A994102000B000137F5
:10383000001BA941F9D2781E0021F0BD0C277F1B87
:10384000FE4077467F0BAF40FF19E0E700245D1C88
:1038500007D0144F7D663966FFE7FFE7FFE7FFE714
:103860003C6F95B29EB265436643401BB141150C57
:103870001E0C6543664336042F0C3E432D04401B4B
:10388000B141994204D202000B0020000021F0BD9A
:1038900001D19042F7D3801A994101349942F2D371
:1038A000F6E70000000000D0FFFFFFFF4840414066
:1038B000484018B41B4B5B68FC46019308BD04DF0D
:1038C0006B3B001018B4174B1B68FC46019308BDF6
:1038D00000DF753B00109446134A926F920809D29C
:1038E000624618B40F4BDB68FC46019308BD0CDF41
:1038F0002D3E00100C4AF0B5146E556E576F166FC2
:103900006246FFF7EEFF084A14665566576716676A
:10391000F0BD18B4034B9B68FC46019308BD08DF5B
:10392000D13C0010381B0020000000D0FFB55040F3
:103930004240504059404B40594000E0FFB5154FC0
:103940004C00640D03D0BC4204D10C0314D80020F9
:10395000090D09055C00640D03D0BC4204D11C03B1
:103960000AD800221B0D1B0501264B4009D44B40F1
:1039700003D58B4200D18242FFBD9942FCD19042D7
:10398000FFBD0B43DB1803431343F5D0C94349186C
:10399000FFBD0000FF07000000B5FFF7CFFF80412B
:1039A00000BDC04600B5FFF7C9FF01D9002000BD2A
:1039B000012000BD00B5FFF7B9FF01D9002000BD0F
:1039C000012000BD00B5FFF7B1FF804100BD01201F
:1039D00040054A00121804D85A00121801D80020D5
:1039E00070470120704700000021002805D1704772
:1039F000C1174840401AFAD0C90713B5064B1B68D7
:103A000098470CBC441CA2401005120B0349091B2B
:103A100009051943114310BD2C6B00201F04000041
:103A200010B54C00620D8023D218DB00D21A5B0562
:103A30007E2A10DD9E3A13DACC1709034908194390
:103A40005242D140640001341532202A05DAD040B8
:103A50000843604310BD002010BD0846604310BD00
:103A6000C80FC018013810BD18B4044B5B6AFC467F
:103A7000019308BD24DFDD3F00100000381B00204B
:103A800018B4044BDB6FFC46019308BD7CDF5D403E
:103A900000100000381B0020132370B51D78012D85
:103AA00019D014DD1E48FFF717FB06001D48FFF76D
:103AB00013FB1D4C80223100200000F06BFD022D15
:103AC00006D01A48FFF700FB194B186070BD164C62
:103AD000184BA364F5E7174B134C23606360A36096
:103AE000E36023616361A361E36123626362A362B4
:103AF000E36223636363A363E36323646364A36494
:103B0000E36423656365A365E36523666366A36673
:103B1000E36623676367A367E367A364D1E7C046EF
:103B20005344000053460000381B00204C33000073
:103B30002C6B0020393B001007B5604601880A0A4B
:103B40000230DF2AFAD1C9B2820804D30288408841
:103B50000004104300E00068014A5050039007BD84
:103B6000381B00200FB403BC0CBCF0B50124E407E3
:103B7000634000E0F0B50C0DCF0F661E3605891BC3
:103B8000640503D3C943404200D30131640D03D01F
:103B9000661CF60A07D0E41B00207F00791C890709
:103BA0008912803C24031D0DDF0F6E1E36059B1B02
:103BB0006D0503D3DB43524200D301336D0D03D0B7
:103BC0006E1CF60A07D0ED1B00227F007B1C9B07B2
:103BD0009B12803D2D032F1B661B58D4A446202E1C
:103BE00046DA20371400BC401D00BD40F24033418E
:103BF0002A4380185941CB0F05D0C943C043002246
:103C000064425041514162464D0D28D10D0D07D1FE
:103C100000281FD0241940414941013A0D0DF9D027
:103C2000640006D3013000D30131002C01D14008DB
:103C30004000013A0BD4941CE40A04D1120511444B
:103C4000DB071944F0BDD907204B194300E0D90721
:103C50000020F0BD0029DDD1002CDBD1F0BD013208
:103C6000C6074008CD0728434908002EE1D0D9E710
:103C70003C2E29DA203E40371400BC4000D00124FD
:103C8000F24014431A00BB401C43D317ACE7AC46C8
:103C9000202F08DA20360400B4400D00B540F8406B
:103CA00039412843A5E73C2F0CDA203F4036040079
:103CB000B44000D00124F84004430800B1400C4354
:103CC000C117EAE710001900002494E70000F07F14
:103CD000F0B50C0D661E3605891BE60A6405640DF9
:103CE00002D0651CED0A04D0002001210905803CAA
:103CF0002403A4461C0D671E3F05DB1BE70A640571
:103D0000640D02D0651CED0A04D0002201231B05BE
:103D1000803C24037740644497B484B296B27443E1
:103D2000070C7E43150C6F4380B26843361802D3EC
:103D3000012000043F183004350C00197D418446F1
:103D400088B29AB250430C0C62431F0C7C438EB273
:103D50007E43921902D301263604A4191604170CC7
:103D60003618674101BC81B29AB25143040C6243D8
:103D70001B0C5C4380B25843121802D3012000048C
:103D800024181004130C401863412D185E410020C4
:103D9000474106BC88B293B258430C0C6343120CE3
:103DA000544389B251435B1802D3012109046418BA
:103DB00019041A0C091862416D1856410020474138
:103DC00018BCF902720D1143F0026A0D1043ED02A6
:103DD0000A0D03D16D1940414941013B124E9B1B15
:103DE0007600B3420ED26D0007D301300026714138
:103DF0006646354301D1400840001B05C918E40759
:103E00002144F0BD0BDA013306D1013004D1013178
:103E10004F0D01D04908F2E7E1070020F0BD01365F
:103E200031050020EBE70000FF030000F0B51C0D9A
:103E3000671E3F05DB1BE70A6405640D02D0661CA4
:103E4000F60A04D0002201231B05803C2403D02560
:103E50002D060026F6432E661E096E66CE0FF61955
:103E6000B44649004F0D02D07E1CF60A03D0002054
:103E70000021403F3F033E1BB600B444013F7F0595
:103E8000C91B49082E6F013676089C02950D254303
:103E90007543ED137543AD1301356D10F603761BB5
:103EA0000CB4CC02450D2C43A2B2B3B25A43270C3A
:103EB0007B43350C6F43A4B26C431B1902D301241E
:103EC00024043F191C041D0CA4187D4124196D41C4
:103ED000009A91B2ACB26143170C7C432B0C5F4348
:103EE00092B25A43A41802D301221204BF1822042A
:103EF000230C52187B41019C6C431B19520ED901B3
:103F00000A434401A01A81B2B2B2514303145A4386
:103F1000360C734387B27743D617D21900277E41F8
:103F200036049B191704160C7F185E417316ED18A2
:103F3000F301002680337541A90F06D16400690A98
:103F4000E8055B0A184309D22FE004229444803329
:103F50007541A90AA8059B0A184326D34041494147
:103F60002404009A019B0D005543641B4343E41A4B
:103F700095B286B27543170C7E43030C5F4392B231
:103F80005A43B61802D301221204BF183204330C6C
:103F900052197B4152429C41002C02D40022013034
:103FA00051414008CA071043490802B06246D7078A
:103FB0009210084BD218084B9A4203D21205891866
:103FC000C919F0BD0020002A01DC3900F0BD013321
:103FD0001905F5E7FD030000FE070000002200B50B
:103FE000203200F004F8080000BD000000220B158C
:103FF0000AD410B5944600F05FF81414013400DAC6
:104000000021CB17144C2047002000217047624448
:10401000343A0CD40C2A07DA040091409040524202
:104020002032D440214310BDD843D94310BD2032A3
:1040300007D40C469440524220321141D0402043D4
:1040400010BD0800C917203203D45242203210415B
:1040500010BD1800190010BD0F4000104A00520D8D
:10406000144BD21A13DDFF2A1EDAD205CB0FDB0761
:104070001A43C300400F0903490A084310435B0079
:1040800001D301D0013070474308FBD2704702D002
:10409000C80FC00770470A0312130132F8D1420F4C
:1040A000072AF5D1012200E0FF22C80F0002801884
:1040B000C0057047800300000A0DCC0F531E1B057E
:1040C000C91A520503D3C943404200D30131520DEE
:1040D00003D0531CDB0A07D0121B00206400611CB4
:1040E00089078912803A1203014BD21A70470000E7
:1040F000FF03000051434343C9188C46110C83B29F
:104100004B4310B4040C614392B280B250436243FB
:104110001C041B0C001910BC59411304120CC018CC
:1041200051416144704700004840414048400E4BB7
:104130005B6818470C4B1B6818470C4A936F9B0829
:1041400002D2094BDB681847F0B5146E556E576FF5
:10415000166FFFF7F6FF054A146655665767166730
:10416000F0BD014B9B681847381C0020000000D0B0
:1041700007B548404140484001E0C04607B542000D
:10418000120E03D0FF2A03D1420218D8C00DC00579
:104190004A00120E03D0FF2A03D14A020FD8C90DDC
:1041A000C9050122414005D4414001D5814207BDE6
:1041B000884207BD0143491801D0C043001807BD1C
:1041C00000B5FFF7DBFF804100BDC04600B5FFF73B
:1041D000CFFF804100BD491A002807D1084670472B
:1041E000C10FC90700D54042002817D0F44603B4D8
:1041F0000B4B1B68984706BC81409E38404280317B
:1042000007D20B0607D04900490AC00510430843EE
:1042100060470130F8E7490A8902F5E77047000076
:104220002C6B002041000A0E80231B067E2A0BDD2A
:104230009E3A0BDAC1174002400818435242D04060
:10424000490001314843704700207047C00FC01833
:1042500001387047C0420DD300B54000400800212E
:1042600000F012F8002801D4404200BD8020000672
:1042700000BD0000034BDB69FC4618471CDF054509
:1042800000100000381C0020014B5B6A184700003A
:10429000381C0020014B1B6B18470000381C002005
:1042A000034BDB6FFC4618477CDF1D450010000008
:1042B000381C00204100090E862902DA044BDB6B12
:1042C0001847044900B500F001F902BC8E46F5E735
:1042D000381C0020DB0FC9404100090E862902DA94
:1042E000044B1B6C1847044900B500F0EFF802BC02
:1042F0008E46F5E7381C0020DB0FC940132310B5AC
:1043000012481C78FEF7E8FE0100012C0AD003DDFC
:1043100080220F4800F03EF90E48FEF7D5FE0E4B06
:10432000186010BD0A4C5422200000F033F90B4BEA
:104330006365A365E36523666366A366E366236737
:104340006367A367E3672362E361E5E75346000021
:10435000381C00204C3300002C6B0020D944001086
:1043600043001B0E7F3B08D41722D31A002B03DD1A
:10437000163A9A40534218407047C00FC007FBE7F7
:10438000F8B5454657464E46DE46E0B5FF26884618
:10439000C50DC90D35401700041C0E40002A01D080
:1043A00000231360FF2D60D0002E5ED0002D5FD063
:1043B000201CFF2E53D0731EAB4250DCE20F9446FC
:1043C0008022120491466402640A1443424649461C
:1043D0005202520A11438946AB4251D06346002B28
:1043E00058D000216442AD1B002D5CDD4B460120FE
:1043F000D9114042FFF722F81D23834600219C4635
:104400002A000C2D00DD0C225846631294404343D1
:104410006046A246801A03414C4650469140013303
:104420005B105C435918041BAD1A002DE8DCA14554
:1044300037DC4B46E41AA14546DCE41A023163003E
:104440004B4519DC16D04346002B00DA4942002FB9
:1044500000D0396096212000891BFFF71BFFF0BCBC
:10446000BB46B246A946A046F8BDFF20C005F6E708
:104470000020F4E7CB07E6D54B460131E41AE2E72A
:104480008C42ECDD6346002B13D14B002E00012142
:10449000E41AD8E7AD1B002DA8DC8C4211DA00210C
:1044A000CDE7002CCBDA4B46E41808D54C44023952
:1044B000C5E74B0001212E001C1B4942C3E701390F
:1044C000BDE74B460021E41A0131B8E710B50022E0
:1044D000FFF756FF10BDC04607B5604601880A0ABF
:1044E0000230DF2AFAD1C9B2820804D30288408898
:1044F0000004104300E00068014A5050039007BDDB
:10450000381C00200021C2158032803201D0024ABE
:104510001047002070470000CD2A0000C30FDB07C2
:1045200041000A0E07D0FF2A08D00909054A891858
:104530001943400770471900002070470249C91805
:10454000FAE70000000000380000F07F10B504001A
:1045500007F0CAFA002804D0034B04199C4200D883
:1045600010BD0248FDF7D6FB000004208C56041055
:1045700010B507F0C3FA10BD01480421014B1847DC
:1045800010110020E9300010014B1B681847000093
:1045900010110020014B5B6818470000101100202B
:1045A0009A4200D2885470477047C046F8B55746C3
:1045B0004E464546DE46E0B599460A9B07009A46B8
:1045C0000D9B8846934615000B9E9B0710D10C9BB4
:1045D0009E420DD29D1B14000E005D4422004B46EE
:1045E000013431002020B847A542F7D1B0460B9ED8
:1045F000002E27D0444675195346AA1B013E985DEC
:1046000021004B46B847002EF6D123002C009846D7
:104610000D9B9B070FD55B46E51A0C9BAB420AD955
:104620004646984622004B46310020200135B847C7
:104630000134A845F6D82000F0BCBB46B246A946D6
:10464000A046F8BD2C00E3E7F0B54F464646D646F7
:10465000C0B584B098460EAB1B78129F994694461D
:104660000D9C109B119EBA0725D4002E4BD19C4265
:1046700000D3BFE001223A4092461F2C00D9B8E097
:104680000C9A551E302201E0202C03D001342A550B
:10469000A342F9D85246002A0DD0A6420BD9202CAD
:1046A00044D00C9A551E302201E0202C3ED001341B
:1046B0002A55B442F9D1FA064DD57A053FD4002CDB
:1046C00039D10F9B102B00D179E00F9B022B00D129
:1046D0008AE030230C9A012413704B46002B3FD004
:1046E0002D230C9A135501340C9B624600930397BB
:1046F000434602960194FFF759FF04B0E0BCBA4666
:10470000B146A846F0BD012215003D40AA463A42F6
:104710002FD04A46002A02D10C323A4200D0013E44
:104720009C42BAD21F2CABD9202E27D92024FA06BE
:10473000DAD57A0503D4A3422DD0A6422BD00F9B05
:10474000102B32D0022B20D0202CCDD030220C9B2D
:104750001B191A700134202CC6D04B46002BBFD138
:104760007B070DD43B07BFD520230C9A135501348A
:10477000BAE79C429FD21F2C00D881E720249AE7F9
:104780002B230C9A13550134AEE7202CACD00C9B94
:104790001B1901343AE0631E012C92D00F9A102AA3
:1047A0002AD0022A2FD01C00D0E7BB060ED4202C22
:1047B0009AD00C9B1A19013478231370C4E7BB06F6
:1047C0000DD478230C9A01241370BFE7202C00D15C
:1047D0008AE758220C9B1B191A700134B4E758233E
:1047E0000C9A01241370B1E70C9A60330124137002
:1047F000ACE7202400265EE7023CBA06E9D40C9A16
:1048000012191C00D8E70C9A9246534462221A707F
:104810009AE7C04610B5002800D110BD01F020FB7A
:10482000FBE7C0460B0010B5002802D049681B68A2
:10483000984710BDF0B5DE4657464E464546E0B5B2
:104840009BB09B46249B89469846259B0B900C92D7
:104850004046424619009A46FFF7B9F8002800D0B2
:10486000D8E0012240465146774B5242FFF7AAF862
:10487000002800D0CEE0012240465146734B524200
:10488000FFF78AF8002800D0C4E000220023404649
:104890005146FFF781F8002800D0B9E1424653465F
:1048A0000A9209938023289ADB001A400E92289AD4
:1048B0001A4201D1062326930A9A099B1600134334
:1048C00000D0C7E0289B002500261B0500D49BE1F3
:1048D00000230D93269A0D9B9A4200DC9FE1D01A8B
:1048E000431E26938023289ADB001A4300230027C7
:1048F00028920D93279B0024BB4200D9DC1B022386
:10490000289A1A400E92289A134203D07B427B4188
:104910005B421C400D9B002B07D00A9809992A0086
:104920003300FEF7D8FF0A90099100220023404689
:104930005146FFF731F8002805D080200006844654
:10494000099961440991289A414B0B9D13400493A6
:10495000269B0A9A0293099B03940092019349466D
:104960005B4628000C9A00F08BF90400002F62D0FF
:10497000289B220098061F23C0179843631C984663
:1049800049465B466530A8470D9B0025DA179C1801
:10499000DB0F9A465440013F01E0202D13D00AAAB4
:1049A00094461F23200063440A2101355E19FEF757
:1049B00045FD3031317020000A21FEF73FFD260011
:1049C0000400092EE9D805230693002304930A3333
:1049D0000393534605970B9F029312AB00934246F5
:1049E0005B46494638000195FFF72EFE0E9B0400FA
:1049F000002B20D00C9BC51A279BAB421BD91E0055
:104A000022005B46494620200135B8470134AE42BA
:104A1000F6D810E0289B42460493279B494603930F
:104A2000269B0B9802935346009201935B460C9A87
:104A300000F026F9040020001BB0F0BCBB46B246D3
:104A4000A946A046F0BDC046FFFFEF7FFFFFEFFF86
:104A5000FFF7FFFF734B099F9C467800400D6044B1
:104A6000FEF7C6FF704A714BFEF753FF704A714B59
:104A7000FEF728FF3B03704A1B0B1A4304000D008E
:104A8000300011006D4B0022FEF713FF6C4A6D4B96
:104A9000FEF73FFF02000B0020002900FEF712FF87
:104AA000FEF7BEFF0D90FEF7A3FF674A674B0400B9
:104AB0000D00FEF72EFF0022654BFEF703FFFEF709
:104AC000AFFF644A0600644B20002900FEF721FF77
:104AD000040030000D000F96FEF78AFF5F4A604B1E
:104AE000FEF717FF02000B0020002900FEF7E1FE91
:104AF00002000B0006000F00FEF70BFF320004005F
:104B00000D003B0030003900FEF7DCFE0022109063
:104B10001191544B20002900FEF7DDFE0022524B7C
:104B2000FEF7D0FE02000B0020002900FEF7D3FEA6
:104B300000224E4BFEF7C6FE02000B0020002900AB
:104B4000FEF7C9FE0D008021040032003B0000206A
:104B5000C905FEF7AEFE02000B0020002900FEF79B
:104B6000B1FE02000B0010981199FEF7B4FE00226E
:104B7000314BFEF7A7FE3E4B0F9C9C46644400223F
:104B80002305FEF7C6FE05000E0002000B000A9882
:104B90000999FEF701FF00280AD00D9B2800013B70
:104BA00031000D930022304BFEF795FE05000E00FC
:104BB000C6270D992B0063318F42BF4128997F4250
:104BC0000437090500D495E6334300D182E6099CF9
:104BD000284A2100284B0A98FEF7ECFE002808D04E
:104BE00000222100254B0A98FEF7D6FE002800D0AF
:104BF00070E6269B002B00D17CE60E9B5A1E93414B
:104C0000269AD31A269375E6002304270D9371E69E
:104C100043460A9380231B065344099342E600232C
:104C200026935FE601FCFFFFFB799F501344D33FBF
:104C3000B3C8608B288AC63F0000F03F0000F83FF1
:104C400061436F63A787D23F71A379094F930A40ED
:104C50000000E03F1655B5BBB16B0240EF39FAFEDC
:104C6000422EE63F00002C40000024400000184087
:104C7000FF0300002D431CEBE2361A3F80842E41D7
:104C8000F0B54E46DE4657464546E0B597B09946E4
:104C9000209E219F229B8346984607910C923B00C1
:104CA000320030003900FEF792FE002800D0A9E162
:104CB000012230003900CA4B5242FEF76DFE002837
:104CC00000D0E1E0012230003900C64B5242FEF72D
:104CD00079FE002800D0B7E0002230003900C24B36
:104CE000FEF770FE002800D099E000223000390065
:104CF000BE4BFEF751FE002800D090E000220023BA
:104D000030003900FEF748FE002800D0B1E0002353
:104D10000D93249B5B0501D40623984608AB9C4663
:104D20001722002430234146624404E00134135525
:104D30000139202C01D00929F8D8884630003900E3
:104D4000FEF76EFE4346DA00A94B05009B181A6871
:104D50005B6808920993FEF74BFE02000B003000DF
:104D60003900FEF7A6FD089A099BFEF7D2FD0A90CE
:104D70000B91FEF779FE8246FEF736FE02000B002D
:104D80000A980B99FEF795FD00229A4B0A900B9119
:104D9000FEF718FE002800D1C0E001239C46E24443
:104DA0005046FEF721FE02000B0008980999FEF715
:104DB000F9FD002802D000239A4601354346002B16
:104DC0006AD008AB17269C4608956644554614E001
:104DD00001235B4243440A2128009A46FEF72EFB3A
:104DE000013430313719397028000A21FEF726FBCB
:104DF000092D00D8D0E0D0460500202CE8D10EAB1C
:104E000098460323249A1340012B00D196E02023D7
:104E1000249A01930392239A434602921EE0249B14
:104E200058460493239B00960197039343460C9A9C
:104E3000029307994B46FFF7FDFC17B0F0BCBB4649
:104E4000B246A946A046F0BD249B5B070ED40322C0
:104E5000694B24990192039123990291009358463A
:104E60004B460C9A0799FFF7A1FBE6E70422634B38
:104E7000EFE73B00320000200021FEF71AFD01237E
:104E800006000F000D9344E7249B0393239B02939A
:104E9000042301935A4BE1E72800FEF7A9FD020025
:104EA0000B0030003900FEF704FD524B00220600D3
:104EB0000F00FEF771FD0EAB984600280AD10022C4
:104EC000300039004B4BFEF77DFD002802D1EB0787
:104ED00000D50135202C94D008AA94461723280029
:104EE00063440A2101341E19FEF780FA303128008C
:104EF00031700A21FEF77AFA051EEBD10323249ABA
:104F00001340012B1BD0202C00D180E70D9B002BE0
:104F100035D02D224146631C0A5579E700220A98B4
:104F20000B99344BFEF738FD002800D046E7534676
:104F3000002B51D101239C46E2443FE72024239BD0
:104F4000002BE0D00D9B002B03D1249A0C3313428D
:104F500002D0239B013B2393239BA342D3D908ABCD
:104F60009C46172230236244202C00D14FE723991E
:104F7000013413558C42C6D0202CF8D147E7249B2E
:104F80005B0724D4249A2300120700D440E7202290
:104F9000414601330A553BE75746089D202C00D176
:104FA0002DE7220030214046002F09D00132B154B4
:104FB000202A00D123E7D3431B191B18002BF5D15E
:104FC0000EAB98462E234146541C8B5482E72B226D
:104FD0004146631C0A551BE7DB0700D4EEE6A9E750
:104FE000FFFFEFFFFFFFEF7F65CDCD4165CDCDC169
:104FF000305904100000E03F3457041038570410B3
:1050000044570410249B0393239B0293032301938F
:10501000004B23E740570410F0B5DE464E46574696
:105020004546E0B59FB01C00289B91460993C94AAC
:10503000C94B8B4608901A60002900D118E2002362
:1050400020789A46002800D11AE226001D005C460E
:105050000AE02A006F1C4B46089D2100A8473D002E
:1050600001363078002870D02528F2D110239B46D5
:10507000083B9A46043B9846023B00219C46721C22
:10508000107816000300203BDBB2102B03D8B34F7F
:105090009B00FB589F460300303B092B32D900236D
:1050A0000A932A2868D0002398462E283ED0030071
:1050B000683BDBB2122B1CD8A94A9B00D3589F46F1
:1050C000012301321943DBE7634601321943D7E775
:1050D000434601321943D3E75B4601321943CFE718
:1050E000534601321943CBE780235B0070781943A4
:1050F00001360300253BDBB2532BAAD8994A9B000B
:10510000D3589F4600270300B800C019013640005D
:10511000C018337830381A00303A0700092AF3D91A
:105120000A901800002398462E28C0D1802370785A
:10513000DB0019430300303B721C092B00D8A1E1AE
:105140002A2800D1B2E11600B1E7A346AA462C00F6
:10515000D14503D801235B424B449A464B46524605
:1051600059460020089DA84720001FB0F0BCBB4650
:10517000B246A946A046F0BD099B40CB0A96002E38
:1051800003DB50780993561C8DE7283801437042A1
:105190000A9009935078561C85E7782800D1DFE102
:1051A000582800D14CE26F2800D14FE3622801D18A
:1051B00000F030FC10230A009A430B92692801D0BA
:1051C00000F0A9FC0A230C934B0500D5D0E10B9A03
:1051D000802311009B0019408B461A4200D0A1E2A7
:1051E000802311005B0019408A461A4200D0B6E3C2
:1051F00013005B0600D5EDE2130009991B0601D4EC
:1052000000F076FC08C91BB2D8171A18424092B2B7
:1052100009919346DA0F1292002B09D180231022B4
:105220000B99DB000B4091430B91002B00D0E4E283
:105230000B9A6123920600D541230EA91F228C46AA
:10524000DBB262440A3B5F461395A34655460C9C6D
:10525000B2460D9316000AE03033DBB201357355C8
:10526000A74200D2EDE2202D00D1EAE207002100A2
:105270003800FEF7E3F8CBB20929EDD90D9A944630
:105280006344DBB2EAE780239B0070781943013660
:105290002FE77078682800D1CDE1802301361943CB
:1052A00027E770786C2800D1BFE180235B001943A9
:1052B00001361EE7462800D19BE10722099B049195
:1052C000073393430A9A19000392424602920CC98B
:1052D00008980092019309912A004B462100FFF79C
:1052E000CFFC01360500BCE62A006F1C4B46089D2A
:1052F00021002520A84701363D00B2E68B0700D4E7
:10530000ADE1099B2A009A466B1C9846534601CB97
:1053100021009A46089F4B46C0B2B8470A9B9C465C
:105320006544012B00D886E2089B4746B04626001C
:105330004C4699463A002300013731002020C847E7
:10534000AF42F7D1A1465346340046460993013691
:1053500087E6C04619500010E82800204C5704107A
:1053600090570410DC570410099B04CB9B4643461E
:105370000992002B00D1C6E013789C46002B00D187
:10538000BDE34346013B099A0133D0180A9F13003D
:1053900001E0834203D05A780133002AF9D1099AF7
:1053A0000A979B1A0B9380230A00DB001A400C9289
:1053B000194204D00B9B434501D943460B9302236A
:1053C0001A000A400D920B4200D187E16046002886
:1053D00000D168E10C9B002B00D10DE1A844C2462E
:1053E000099B57465B1B9846089BB2462A0026003D
:1053F0004C46994609E023003100551CC8474346F6
:10540000585D002800D126E12A009742F3D1A14639
:105410003D00340056460D9B002B00D043E15B4617
:10542000013609931DE6099B1A0008CA9246002B13
:1054300048D0212211438B460EA884461F21614487
:10544000099500220F27A4460D0002E0202A0CD067
:105450000B003C001C4020003730092C00D80738D6
:105460000132A85419090F2BF0D86446099D32E087
:10547000DC4B2078089300239A46002800D0E4E50E
:10548000002465E6434606000A9F9800C0180132D2
:10549000400080191678030030003038303B09286E
:1054A000F3D93000984616000A9700E6099B0236A9
:1054B00004CB9046D2434046D21710408046099311
:1054C0003078F4E5102208009043113210438346EF
:1054D00000224905B0D55B46069308230593434651
:1054E0000493102303930023029316AB01920093BD
:1054F0002A004B4621000898FFF7A6F853460500FE
:1055000001360993ADE513789C46002B00D1F7E2F4
:1055100002235B4237E7202302009A43472A04D143
:1055200080231B01194302239843452801D12023DE
:1055300019430722099B0491073393430A9A1900E0
:105540000392424602920CC9089800920193099175
:105550002A004B462100FFF76DF90136050080E572
:1055600010230C930C230A009A430B924B0503D58E
:1055700001230B9A9A430B92692800D127E66428ED
:1055800000D124E60B9A802311009B0019408B4622
:105590001A4200D066E1802311005B0019408A4660
:1055A0001A4200D039E213005B0600D53CE113003B
:1055B0001B0600D4A6E2099B04CB1204120C9346EE
:1055C00009935B46002B00D09AE10B9A103311002F
:1055D00099430B91520500D492E100239A460B9B0C
:1055E00006930A9B0593434604930C9B0393002365
:1055F0000CE12023194360E6099B0A9A5B1B98463D
:105600004B4691461F00B2462600089C2A003B00EC
:105610003100A04743460135585D0028F6D14A467F
:105620003400B94656460A92F5E6C0239B00B0788E
:10563000194302365DE5C023B0781943023658E5B8
:105640000C230A009A4314331A43103B0B920C9319
:105650004B058DD496E7A14634005646DBE60A9A00
:10566000012A00D853E26B1E9F18089BB046260003
:105670004C4699462A002300013531002020C847B6
:10568000BD42F7D1A14634004646099B3A0001CB02
:10569000210098467D1C4B46089FC0B2B847434640
:1056A00001360993DDE40B9B0A9AA8469A4200D87A
:1056B000B5E694466544ED1A089B4746B046260079
:1056C0004C4699463A002300013731002020C84754
:1056D000AF42F7D1A14634004646A0E60B9A0A999C
:1056E000531C914200D814E24B199B1A1F00089BCF
:1056F000B24626004C4699462A0023000135310067
:105700002020C847BD42F7D10A9BA14601330B9325
:10571000099B34001B7856469C466046002800D002
:1057200058E67CE60722099B0733934301329446EF
:105730009C4462465F6809921A68FB1710931193A4
:1057400010981199030053400E930B007B400F9368
:1057500094460E9A0F9B121A8B410E920F93FB0FD9
:105760006246129300233A439B463DD00B9A612335
:10577000920600D541230022DBB20EA90A3B8C46DB
:1057800092460D9343461F32624413951596554633
:105790000E9E0F9FA24690460C9C14930CE0303254
:1057A000D2B2434601355A55BB4500D18AE1202D7E
:1057B00000D18AE106000F002200002330003900EA
:1057C000FDF77AFED2B2092AE9D90D9B9C466244C4
:1057D000D2B2E6E7FF23099904C913401A000991E0
:1057E00017E5C046A94500100B9A103311009943E4
:1057F0000B915205BAD500239A460B9B06930A9B40
:105800000593434604930C9B0393129B02935346C8
:10581000019316AB2A00009321004B460898FEF72F
:1058200013FF013605001CE4FF22099B02CB114047
:105830008B460993C5E65346454609930136FFF763
:1058400010FC56465C46AA46139DD6E708230C93E7
:105850000B910B99642800D084E60B9B5B0500D567
:1058600086E6B4E40722099B07339343013294464A
:105870009C44624609921A685B6810009B461300BC
:105880005A46134307D10B9A1033110099430B91D9
:10589000520500D5A1E60B9A6123920600D541235B
:1058A0000022DBB20EA90A3B8C4692460D9343467A
:1058B0001F3262445F461295A34655460400B24625
:1058C00090460C9E13930DE03032D2B24346013520
:1058D0005A550023BB4200D100E1202D00D100E148
:1058E00004000F003200002320003900FDF7E4FD22
:1058F000D2B2092AE8D90D9B9C466244D2B2E5E7B0
:105900000B9A6123920600D54123DBB20EA90A3B14
:105910001F228C460D93230062445C4612951700AB
:1059200055469B46B2460C9E08E03033DBB201354B
:105930007B55B4420ED3202D0CD004003100200042
:10594000FDF77CFDCBB20929EFD90D9A944663444B
:10595000DBB2ECE756465C46AA46129D3FE6099B41
:105960001A0008CAD91713925A184A409246DA0FF9
:105970001292002B08D1802310220B99DB000B40E0
:1059800091430B91002B2BD10B9A6123920600D5EA
:1059900041230EAA1F279446DBB20A3B0D956744AC
:1059A0005D460993A3465446B2460C9E08E0303348
:1059B000DBB201357B55B4420ED3202D0CD0040050
:1059C00031002000FDF73AFDCBB20929EFD9099A41
:1059D00094466344DBB2ECE756465C46AB460D9D0D
:1059E0000B9B2A0006930A9B2100059343460493D0
:1059F0000C9B08980393129B013602935B4601931C
:105A000016AB00934B46FEF71FFE139B0500099350
:105A1000FFF727FB02230C931AE7099B04CB92465E
:105A20001293002A08D1802310220B99DB000B402F
:105A300091430B91002B2BD10B9A6123920600D539
:105A400041230EAA1F279446DBB20A3B0D956744FB
:105A50005D460993A3465446B2460C9E08E0303397
:105A6000DBB201357B55B4420ED3202D0CD004009F
:105A700031002000FDF7E2FCCBB20929EFD9099AE9
:105A800094466344DBB2ECE756465C46AB460D9D5C
:105A90000B9B2A0006930A9B21000593434604931F
:105AA0000C9B08980393002302935B46019316AB6B
:105AB00000934B46FEF7C8FD129B05000993013683
:105AC000FFF7CFFAB44200D871E6149B54460E9605
:105AD0000F97AA469846159E139D8EE6A64200D8BB
:105AE000FBE6139B56469846AA465C46129D76E511
:105AF00008C9D8171A1842400991FFF78AFB0023FA
:105B00000B9350E4099B04CB9346099359E52F006E
:105B1000BBE50B9301E6063B0C939AE60EB401221B
:105B200010B585B007AC08CC01000094524204487F
:105B30000394FFF771FA05B010BC08BC03B0184716
:105B4000A145001000B585B003910121029000939A
:105B5000034813004A4202A9FFF75EFA05B000BDF0
:105B60002548001010B5094A0300146884B0002CC1
:105B700008D0012200910648524203A9A047012003
:105B800004B010BD00F0B8F90020F9E7E8280020C3
:105B90001548001000BEFDE7094A03001068002800
:105BA00005D00849C3188B4207D8136070470648D0
:105BB0000449C31810608B42F7D901204042F5E731
:105BC000E024002000000420848B002010B5FFF7A3
:105BD000E1FFC04670B5FDF7D9FA074D074EB54253
:105BE00009D20024013E761BB60808CD9847230051
:105BF0000134B342F9D170BDBCC40010C8C4001058
:105C0000030010B5080011001B68984710BDC0467E
:105C1000F0B546464F46D646C0B5437D80460E0099
:105C20001700002B46D0002A3FDD4B1E9946244B1F
:105C30000125002400209A460DE04B461B5D0D3BDC
:105C40005A425341325DDBB20A2A0BD02B00013499
:105C500001359F421ADD002CEFD14346325D1B7D9A
:105C60000A2AF3D1002BF1D1A04204DA4346211ACB
:105C70001B6830189847434650461B6802219847D6
:105C8000013428002B0001359F42E4DC874204DD0B
:105C90004346391A1B6830189847F619013E337885
:105CA0000D3B5A42534142461375E0BCBA46B146D9
:105CB000A846F0BD0368110030009847F5E7C046DC
:105CC00080590410F0B5C6460C000968060000B5FE
:105CD000802906D04B1C23606418267180BCB8460E
:105CE000F0BD0F4B1D68002D16D0231D98460D4F9B
:105CF00002E02D69002D0FD02B68002BF9D03B68F6
:105D0000002B01D0AB42F4D1280041462268FFF7B6
:105D10007FFF2D69002DEFD101230021DBE7C04675
:105D2000CC240020D8240020F0B5DE4657464E464D
:105D30004546E0B585B017001C0006000D00FCF7D5
:105D4000E7FF0023314A12184B41002B59DB304941
:105D500008008A4606F06CFB01906B1C03D13000F2
:105D600006F0BAF90500002C26D12A4B98462A4B9A
:105D70001C68002C15D0002F21D1284F02E0246987
:105D8000002C0ED02368002BF9D03B68002B01D0EB
:105D9000A342F4D120002A003100C0472469002C1E
:105DA000F0D1019B002B28D1280005B0F0BCBB46E8
:105DB000B246A946A046F0BD194B9846D7E7174B07
:105DC000994602ABDF1D0A239B4602E02469002CA2
:105DD000E7D02368002BF9D04B461B68002B01D07D
:105DE000A342F3D12A0031002000C0475B460122C4
:105DF000390020003B70C047E8E7504606F0E0FA63
:105E0000D2E70122074B5242A1E7C04640420F00B1
:105E1000A8190020015C0010CC240020D824002008
:105E2000115C0010FFFFFF7F0A4A1368002B05D1A9
:105E30000CE01A001B691032002B07D09842F8D1F1
:105E4000002902D103691360016170470029FCD069
:105E50001060FAE7CC24002010B500F003FB10BD61
:105E6000F0B5CE46474680B583B06B460600DD1DD3
:105E70002870FCF74DFF00231A4A12184B41002BE3
:105E80002BDB19490800884606F0D2FA174B8146E9
:105E90001C68002C14D0164F02E02469002C0FD08F
:105EA0002368002BF9D03B68002B01D0A342F4D12A
:105EB000200001222900FFF7ABFE2469002CEFD15E
:105EC0004B46002B05D1300003B0C0BCB946B046EC
:105ED000F0BD404606F074FAF5E70122054B524248
:105EE000CFE7C04640420F00A8190020CC24002074
:105EF000D8240020FFFFFF7F70B5040006F0ECF807
:105F000001230100050001222000FFF70DFF084BCF
:105F10001C68002C06D06368002B05D098472469C4
:105F2000002CF8D1280070BD2469002CF3D1F9E7CA
:105F3000CC240020F0B5CE46474680B5A5B004007D
:105F40000D00FCF7E5FE00232A4A12184B41002BF6
:105F500049DB294E300006F06BFA0023070003935B
:105F600022002B00254803A9FFF7ECFD039B804688
:105F7000002B14D1224B1C68002C06D06368002B28
:105F80000BD098472469002CF8D1002F27D1404628
:105F900025B0C0BCB946B046F0BD2469ECE7184B4B
:105FA0001D689946002D22D0164C02E02D69002D67
:105FB00011D02B68002BF9D02368002B01D09D4213
:105FC000F4D1039B28001A0004A90193FFF720FED7
:105FD0002D69002DEDD14B4603951C68CCE73000B0
:105FE00006F0EEF9D3E70122074B5242B1E70395E1
:105FF000CBE7C04640420F00A8190020C55C001046
:10600000CC240020D8240020FFFFFF7F0FB400B570
:1060100083B004A901C90191FFF78CFF03B008BC4C
:1060200004B018477047C0460022014B1A707047F1
:106030007C8B00204B790020FF2B0BD18B79002B20
:1060400008D1CB79012B05D1082A03D98A78024BD4
:1060500009301A707047C0467C8B002001207047C1
:1060600010B5012909D115495379107909781B0216
:1060700003430020994202D010BD0120FCE7537871
:10608000012B08D0022BF7D1002064220021FCF75D
:10609000C7FF0120F0E7D37891781B021943DB0595
:1060A00007D54A0A100001231A407E331940FDF734
:1060B0003DF801204A0A4042F5E7C0467C8B0020AB
:1060C00000487047A459041070B505001400012061
:1060D000012909D153780020012B05D16379127968
:1060E0001B021343072B00D070BD21002800024A79
:1060F0009F3301F067FAF7E7C859041001230370D2
:10610000004870478459041048780B788A78000258
:106110001843120410439622CB7810B51B06034394
:10612000D200934200D010BD002201201100404255
:10613000FCF7FCFF024B1860024B19607047C04629
:106140006C2400207024002010B5024B1878FBF757
:10615000DFFE10BD7D8B0020154B70B51A68002A3C
:1061600022D0EFF3108172B610680028FCD0BFF384
:106170005F8F00220F48596002701B68BFF35F8F6A
:106180001A6081F31088002400250B4E3078FBF74D
:10619000B3FE002804D1002400252900200070BD92
:1061A0003078FBF7B5FEF8E7FA240025A400ECE709
:1061B000FC2A00207E8B00207D8B002070B504001F
:1061C00000200E0001F028FB002835D0002001F04F
:1061D00039FB002830D0FCF79BFD0023184A121829
:1061E0004B41002B24DB174D280006F021F9002835
:1061F00022D0002001F010FB00280BD1012000214B
:106200000324404200F010FD6442280006F0D8F854
:10621000200070BD002001F015FB0028EED0210009
:106220003200002001F01AFB041EEED1033CECE723
:106230000122054B5242D6E703246442E8E7C046F8
:1062400040420F00346B0020FFFFFF7F10B5FCF7CA
:106250005FFD00230E4A12184B41002B13DB0D4C3F
:10626000200006F0E5F800280CD001200021404273
:1062700000F0DAFC002001F03BFB0028F5D1200003
:1062800006F09EF810BD0122034B5242E7E7C046DC
:1062900040420F00346B0020FFFFFF7FF8B5DE4661
:1062A000574680B505000C00FCF732FD0023364A46
:1062B00012184B41002B5ADB344908008A4606F07D
:1062C000B7F8002803D1C0BCBB46B246F8BD0020D9
:1062D00001F0A2FA00284ED00026002C43DD2C4B02
:1062E0009B4614E0A919002001F03EFB07000120A5
:1062F0000021404200F098FC002001F0F9FAFCF780
:1063000007FD234BF61918605960B4422BDD0020BD
:1063100001F04CFBA71B0200B84200DD3A00002A46
:10632000E0D101200021404200F07EFC002001F07D
:10633000DFFA002001F070FA002814D0002001F0EC
:1063400035FB0028E1D1FCF7E3FC5B460F001A683F
:106350005B68002184460F4812184B419F4202D8C7
:10636000D3D19445D1D9504606F02AF8ABE70122A3
:10637000094B5242A0E700200021054B18605960EC
:10638000504606F01DF89EE740420F00346B002097
:10639000301B002020A10700FFFFFF7F30B52A4CF3
:1063A00085B00021200006F02BF800281CD1274BD7
:1063B0001A68002A16D0EFF3108172B61068002810
:1063C000FCD0BFF35F8F01242148596002781B681D
:1063D000D2B20470BFF35F8F0020186081F3108881
:1063E000002A17D005B030BD01200021404200F046
:1063F0001BFC002001F026FA0500200005F0E0FF5C
:10640000002DEFD0134B1B68002BEBD0124A106805
:106410009847E7E7FCF76AFA0400FCF779FCFA22F0
:106420000023920012184B41002B09DB012102913D
:1064300000210191094920000091FCF75BFAD1E7A6
:106440000122074B5242F1E7346B0020FC2A002066
:106450007E8B00206C2400207024002059610010E5
:10646000FFFFFF7FD02310B51B0684B01C68FCF72C
:106470003DFAFCF739FBA04202D0002004B010BD69
:10648000294B002100201B7801F084FD2748036878
:10649000002B41D00120FBF7AFFFFF23244C2549FF
:1064A00020701840FBF74EFD20780121FBF712FD0C
:1064B0000520FBF735FD002821D1082200211E48C8
:1064C000FEF762F8FCF712FA0400FCF721FCFA224E
:1064D0000023920012184B41002B20DB0121029176
:1064E00000210191154920000091FCF703FA0028D2
:1064F000C3DB13480121FFF797FC0120BEE7012011
:10650000FBF7B8FC01000C48FBF7DCFF002205207C
:106510000C49FBF741FDECE7FBF7B6FFBAE70122B8
:10652000094B5242DAE7C046685E0410346B002023
:106530007D8B00209D630010FC2A00205961001013
:106540002011002049610010FFFFFF7F10B50020DF
:1065500001F062F910BDC04600487047105B04109E
:1065600000487047BC5A041070B5040017480378FF
:10657000002B21D0002C06D1C1241548154BA400B6
:106580004380048070BD052C1DD8134B1048A40017
:10659000E558811C002304E001330A800231132BEB
:1065A0000ED0EA5CDCB2002AF6D1C0230134E4B29A
:1065B00064009B001C43E4E7112100F017F8D9E7C1
:1065C000CA24A400DDE70020DCE7C0463C8B0020A5
:1065D000A424002009040000245B041010B5024824
:1065E00000F0D8F810BDC0461C6B002030B54B1E23
:1065F000012900D1A7E0664A11780D112C00303432
:106600009F2900D9A2E00470012B00D1BEE00F2128
:10661000147821400C003034092900DD98E04470E2
:10662000022B00D1B2E054782511290030319F2C83
:1066300000D990E08170032B00D1A7E00F21214009
:106640000C003034092900DD87E0C470042B00D130
:106650009CE094782511290030319F2C00D97FE0EF
:106660000171052B00D191E00F2121400C00303445
:10667000092900DD76E04471062B00D186E0D4784C
:106680002511290030319F2C00D96EE08171072B34
:1066900000D17BE00F2121400C003034092966DC59
:1066A000C471082B00D171E0147925112900303113
:1066B0009F2C5FD80172092B68D00F2121400C005C
:1066C0003034092958DC44720A2B5FD054792511E3
:1066D000290030319F2C52D881720B2B56D00F21BC
:1066E00021400C00303409294BDCC4720C2B4DD0F6
:1066F00094792511290030319F2C00D9073101737D
:106700000D2B43D00F2121400C003034092901DD2D
:1067100037310C0044730E2B38D0D1790C11220084
:1067200030329F2900D9073282730F2B2ED00F22CF
:106730000A4011003731092A01DC30321100C173DF
:10674000102B23D010300023037030BD07345AE7DC
:1067500037310C0063E707316CE737310C0074E721
:1067600007317DE737310C0085E707318EE7373198
:106770000C0095E707319DE737310C00A3E707319F
:10678000AAE737310C00C4720C2BB1D1C018DAE77C
:106790001C6B002030B5002589B0040009220021BF
:1067A00001A80095FDF7F0FE0922002105A8049537
:1067B000FDF7EAFE4B236A466846137004A90D22D2
:1067C00005F0F6FD1521082220006944FDF7E2FEE0
:1067D00009B030BDF8B500F045F90C23194DFF2282
:1067E000AB6705201849FBF7D7FB184C4022002166
:1067F0002000FDF7C9FE4027002301262121144A6D
:1068000066702783A260136063545F3161844539E9
:106810006354104A10496360E2602787A1620B60ED
:106820006362E26205F0DCFD80239B052E64EB646D
:1068300090230A4A0120EA508022094B5202DA646E
:10684000F8BDC0460000115059050020E424002086
:1068500084001050000110508000105010D0010032
:106860000020115010B501210520FBF733FB10BDAE
:1068700010B500220021024800F014F910BDC046F6
:1068800004250020044B1970002904D08021902396
:10689000024A8902D1507047778B002000201150A6
:1068A0000B785B0602D14B78052B00D070478A78B5
:1068B000014B1A60FAE7C04600001150F0B5C64619
:1068C000C87800B58007830F1800012B61D08F783E
:1068D0000C794B797F211B02394023434E00FC0980
:1068E000334D32195201AA1897700127674057702B
:1068F00000275B055B0DD7701383D076B846CA00BE
:10690000012C32D02B4FBC468F016244BC46AC44B4
:106910006746BA6047461760002932D0264AC90048
:1069200090466246414451603F223F3393430228E0
:1069300038D0224937190A687F01D3180B602049E3
:10694000EF19FA608B422FD8341964012D19EB7EB0
:106950001C499B064A401343802201201206134320
:106960006A68136080BCB846F0BD174FBC468F0103
:106970006244BC46AC446746BA6247461760002989
:1069800009D1002364012D196B60104B0120EB60CD
:10699000E8E70020E6E70B4AC9009046624641441A
:1069A0005162C1E75B00C4E7FCF7EAFBFA68CBE79A
:1069B000E42400208400105004001050F82A002025
:1069C000FF0F1050000010508000105000011050B8
:1069D00010B505F005FD10BD10B57F200C0020405E
:1069E0004000E409110000191A00034B4001C018CF
:1069F00000F058F8012010BDE42400207F2213008D
:106A000010B50B400A420BD0C9098022580040182B
:106A10000649400140181201002105F021FD10BD7A
:106A200002220348C909521A8266EEE7E4240020D4
:106A3000002011507F22100010B508400A4200D1FA
:106A400010BD0023C909400040180449400108183E
:106A500000220349C37005F003FDF1E7E4240020A0
:106A6000FFF7FFFF80220A4B520410B51A60094B52
:106A700009491A6010000B689843FBD1802200215D
:106A800052010648FDF780FD0922054B5A6710BDEB
:106A900000E0004000F0004008C00040000010503E
:106AA0000000115070B5837E04000D001600002B0D
:106AB00017D10023E38201332000A682A37625614B
:106AC00005F0D6FC002804D080219023084A8902D2
:106AD000D150200005F064FC002805D00123237765
:106AE00070BD05F0B5FCE4E7200005F0A9FCF7E770
:106AF000002011507047C0467047C04600207047C4
:106B0000002070477047C0467047C0467047C04677
:106B10007047C046024B5878431E9841C0B2704738
:106B20004C1F0020024B18784007C00F7047C0462A
:106B30004C1F0020F0B546464F46D646C0B52F4BF9
:106B4000814698461B780E000124FF2B43D1002973
:106B500040D0002154222A48FDF716FD0022294C7E
:106B6000294B20001A70FBF78FFC284B1C60284C27
:106B700020001430FBF796FC200001F0F7FD254BB8
:106B8000254D1C60254B002B04D02800FFF7B6FADA
:106B9000234B18602349002400238A462A78204F7B
:106BA00010E03A68630194466344002B12D05B689E
:106BB000002B0FD098472A780134E4B2511C2300EF
:106BC000A1420EDBA242ECD89B1A5B0153445B68E6
:106BD000002BEFD100242000E0BCBA46B146A84605
:106BE000F0BD43464A46310048461A70FFF7F2FDB1
:106BF000041EEFD04846FFF735FEECE754110020A5
:106C00004C1F0020441F0020788B0020A01F002074
:106C100038110020A41F0020768B0020FD6000109A
:106C20009C1D0020405C0410F0B5DE4657464E46E1
:106C30004546E0B5C44B8BB01B78FF2B00D12EE14D
:106C4000C24BC34D9A4607AC2E687269EFF31081B0
:106C500072B61368002BFCD0BFF35F8FB1613000B8
:106C6000210001F0C5FB7269B369BFF35F8F00219A
:106C7000116083F31088002800D110E16378082B9D
:106C8000E2D852469B00D3589F466368002BDBD066
:106C9000A0689847D8E77F232179AE4E0B40580073
:106CA000CA093618B6183200012730321079B843B5
:106CB000107110790337B8431071002B00D1F7E041
:106CC000A54A337D1278934200D3E5E0A34A5B01E5
:106CD0001268D318002B00D1E1E09E696279207818
:106CE000A368B047B0E79E4A1378002B00D1D6E0E6
:106CF0001378013BDBB213701378002BA4D101226F
:106D0000944B01211B7893481343924A914E137080
:106D10003423D25C8A43C254C25C04208243F254BE
:106D20000133F25C8A43F254F25C8243F2542378DA
:106D300000209B4600F0AEFC602223791A40602AB6
:106D40000DD0402A00D1BEE0DB06DB0E012B00D1C6
:106D50000EE1022B00D1D0E0002B00D1BFE0207863
:106D60000021FFF74BFE80212078FFF747FE6BE7FD
:106D7000784E3378DB0700D466E7FFF7C9FE63E798
:106D8000744BDB78DB0700D45EE76068FFF7B4FE86
:106D90005AE7704E3378DB0700D455E730780007A8
:106DA000C00FFFF7B3FE4FE76E496B4E23788B465B
:106DB0006A499846894631003278002346460027C2
:106DC000884611E04A4612687B0194466344002BD2
:106DD0006CD0DB683000984743461A780137FFB221
:106DE000511C3B008F4241DC9742EBD39B1A5B0165
:106DF0005B44EEE75B49584E23788B4657499846EB
:106E0000894631003278002346460027884611E043
:106E10004A4612687B0194466344002B21D0DB680C
:106E20003000984743461A780137FFB2511C3B00A7
:106E30008F4205DCBA42EBD89B1A5B015B44EEE75C
:106E4000444E542200213000FDF79EFB1022FF210A
:106E5000301DFDF799FB30002022FF211430FDF793
:106E600093FB00F00DFCFFF74FFEEDE6394E542288
:106E700000213000FDF788FB1022FF21301DFDF7B7
:106E800083FB30002022FF211430FDF77DFB00F052
:106E9000F7FB2379B370D7E6501C98420EDA0BB09B
:106EA000F0BCBB46B246A946A046F0BD294EEEE76F
:106EB00062792078A36800F001FCC5E69B1A294A94
:106EC0005B01D31809E7284800F0E4FB012158468C
:106ED00008AAFFF7F9F8002800D0B5E63FE7202A16
:106EE00000D14EE1002A00D039E76379092B00D99F
:106EF00035E71E4A9B00D3589F467023217A0B42E8
:106F000000D02CE77F26CB0998460E40114B760027
:106F10009B1943441F7D104B1B789F425ED3581C26
:106F2000B84200DA49E1FF1A0E4B7F01DF19002A4F
:106F300000D146E1786900F0ADFB012158467B693C
:106F400008AA9847C7E7C04654110020985B041070
:106F5000A41F00204C1F0020768B00209C1D0020C9
:106F6000788B0020405C0410C9600010BC5B0410EA
:106F7000237A0F2B00D9F2E6D64A9446D64A6344C8
:106F80001B791278934234D3511C994200DAE6E619
:106F9000D24E9B1A5B01F618706900F07BFB012151
:106FA0005846736908AA9847002800D04CE660222A
:106FB000160023791E401A4200D0D0E663790A3BBE
:106FC000012B00D9CBE600F065FB63790A2B00D1D9
:106FD00050E1584608A900F0DDFA35E6C04B7F01C4
:106FE0001B68DF19002A00D1EBE0002F00D1B6E6C4
:106FF000A0E7BB4A5B011668F618002E00D1AEE68A
:10700000CAE7B44BA7795B789F42E2D0B14B5B787B
:10701000002B00D06AE1AF4B5F70002F00D155E12B
:10702000781EC0B2FFF79CFA002800D14AE14378ED
:107030000493022B00D045E10121C2799311521132
:107040000B400A4012015B011343A24A2F31127810
:107050008A4313439F4A137009239946C378827861
:107060001B021343C31802939D4B814498464F461D
:10707000029BBB4200D806E101227B7800920B2BD9
:1070800004D1FB7800933B78FF187B78042B00D069
:1070900018E1029BB946DB1B9BB203938E4B1E7813
:1070A00000231F0001931BE0424612687B01D618A3
:1070B000002E00D106E149465846039A33699847A5
:1070C0000590082803D9039A824200D3DEE0824B60
:1070D00001371E78FFB2731C01979F4200DDF1E07B
:1070E000BE42E1D8019B9E1B7C4B76019C466644C8
:1070F000E1E7784B06AA5B78023213705846012309
:1071000008A900F05FFA9FE5E088030AC0B20F2BE0
:1071100000D924E673499A008A58974608A800F0D7
:10712000BFFA5846A179FFF7A3FB0222694B1B78EF
:107130001343684A137087E5E388012B00D00EE6FD
:107140000822644B1B789343624A137041E7022084
:10715000604B197806AB9A1C8B068908DB0F01403F
:107160000B4313805846022308A900F02BFA6BE565
:10717000E388012B00D0F2E50822564B1B7813431D
:10718000E2E7237A0F2B00D9E9E5524A9446524AA6
:1071900063441B791278934227D2514A5B011668E7
:1071A000F618002E00D1DAE5706900F073FA0121BB
:1071B0005846736908AA98478DE60027002A00D030
:1071C000CDE50222637999469343012B16D04B46B5
:1071D000002B00D0C3E53F4B06AA9B194344303334
:1071E0001B7902329B07DB0FBBE7511C994200DA87
:1071F000B5E53A4E9B1A5B01F618D5E7E388002BFC
:1072000012D14B46012B24D0374B1878FFF7F6FBF1
:107210000221304B9B19434430331A790A43012130
:107220001A711A790A431A71002F00D10CE5786996
:1072300000F030FA7B6908AA0121584698470020DF
:1072400000F028FA3523234AD35CDB0700D5FBE4A2
:10725000BFE6254B1878FFF7EDFB02211D4B9B196C
:10726000434430331A798A4349461A711A798A435A
:107270001A71D9E706AB9A1C5846012308A9167063
:1072800000F0A0F9E0E4FFF73DFCA2E63B004F462A
:107290009946009B012B00D189E0009B002B75D003
:1072A00000234E46B97805E016710133009ADBB22F
:1072B00093426AD207485A188446D2B2624410797F
:1072C000FF28F1D00023034A537048E5FFF71CFC68
:1072D0007FE6C0464C1F0020768B0020405C0410E7
:1072E0009C1D0020E45B041054110020002158462E
:1072F000FFF7C8FA5846FFF76BFB454B454E9B78A6
:1073000045490093894600233100327888461E00A3
:1073100011E04A461268730194466344002B22D060
:10732000DB685846984743461A780136F6B2511C36
:1073300033008E4207DCB242EBD89B1A374A5B011E
:1073400094466344ECE7542200213148FDF71CF9D0
:107350002F4B1022FF21181DFDF716F92022FF21C7
:107360002F48FDF711F92A4B009A9A7053E6FEF761
:10737000A7FE021E00D1F2E4D37891781B020B43E2
:10738000584608A900F01EF9A5E5B146059E4B46F2
:1073900032003900224800F0A1FEB4461D4B019A8C
:1073A0001B7867440133934200DB61E68AE71D4B9B
:1073B00032699A4200D073E7049B009370E7FFF7AD
:1073C0009DFB021E00D1CAE45846137808A900F0BC
:1073D000F9F880E52189FFF7C7F8021EF4D1BEE471
:1073E000022B0FD0FFF78CFB021EC5D1B7E4FFF7CD
:1073F000B3F8021E00D1B2E41223584608A900F0E7
:10740000E1F868E5FFF7ACF8021EB5D1A7E4C04685
:107410004C1F0020768B00209C1D0020405C041037
:10742000601F0020A57A0010F8B557464E46DE468C
:1074300045460C00E0B516001F00002A3CD0702322
:1074400098461E4B00259B461D4B9A461AE05B460C
:107450001B78200099465346997800F003FE0028D7
:107460001CD021004846FFF729FA002816D0A3783F
:10747000DA09012A19D00A9A013513702378E41821
:10748000B54219DA6378052B08D1E3789B079B0F87
:10749000BB4203D14246A3781A42D8D00020F0BCA8
:1074A000BB46B246A946A046F8BD0B9A01351370FB
:1074B0002378E418B542E5DB0120F0E75411002001
:1074C0004C1F0020702270B58B780C001A4201D03E
:1074D000002070BD064B20001D78064B997800F007
:1074E000C1FD0028F4D021002800FFF7E7F9F0E7FC
:1074F000541100204C1F0020074B080019687F23FF
:1075000010B50340C0095B0034301818034B18183D
:1075100000F064FD10BDC046A01F00204C1F0020DD
:10752000074B080019687F2310B50340C0095B00B2
:1075300034301818034B181800F078FD10BDC04601
:10754000A01F00204C1F00207F2070B508400F4C6A
:107550004000CD0924186419303425790020ED0746
:1075600000D570BD0126257909483543007825717D
:10757000FFF732FA0028F4D10122237993432371D3
:107580002379033293432371EBE7C0464C1F00205D
:107590005411002070B50A4E0500300008220C007E
:1075A000FCF7F8FF00237F21F3602278B36091425B
:1075B0005B412800D90100220023FFF7C5FF70BD01
:1075C0002C1F0020F8B5CE46474691462A4E80B57E
:1075D0000822070030000D009846FCF7DBFF4B4601
:1075E000B3600023F381EC79A97924020C43231CB6
:1075F000444500D943469AB29046B381002C13D03B
:10760000002A1FD04B46002B34D0131C402A1FD811
:107610009BB2984633787F2B20D80021174A4346E7
:107620003800FFF791FF09E07F222B7838009A425B
:10763000644100230022E101FFF786FFC0BCB94688
:10764000B046F8BD33787F2B11D980210022E6E7C0
:1076500040239BB2984633787F2BDED9074C4246B5
:1076600049462000FCF796FF80212200D7E7002141
:107670000022D4E70020E1E72C1F0020EC1E0020B0
:1076800010B5142200210248FCF77EFF10BDC04651
:107690002C1F0020014B18617047C0462C1F002092
:1076A00010B5054C010008222000FCF773FF0023F1
:1076B000A360E36010BDC0462C1F0020F8B5394C14
:1076C0001D0023780600DA09C9098A4210D000207B
:1076D000002D00D0F8BD21003000FFF7E1F823694C
:1076E000002B42D022000321300098470120F1E70F
:1076F0007F2B06D8A068002839D02A002A49FCF739
:1077000049FFA368E28959195219E38892B2E281CC
:10771000A160934214D03F2D12D9A589A81A071C45
:1077200080B240282FD82378BFB27F2B2DD80021DC
:10773000AA4235D01C4A3B003000FFF705FFC9E7DD
:107740002369002B05D02200022130009847002831
:107750000FD07F220021237830009A424941002334
:107760000022C901FFF7F0FEB4E70120B2E70020D4
:10777000B0E700213000FFF741F930008021FFF72A
:107780003DF90120A6E74027CDE7AA4207D0064CE5
:107790003A002000FCF7FEFE80212200CBE780218A
:1077A0000022C8E72C1F0020EC1E002070B5050049
:1077B000FFF7B0F9002800D170BDFFF7B3F900283A
:1077C000FAD1C8236B43124AD618F1780029F3D0B6
:1077D00010339C18200000F0F5FD3F28ECD9002064
:1077E000F178FFF789FE0028E6D0200000F0EAFDDE
:1077F0003F2808D9EA01074D4023F17852190020AB
:10780000FFF7A2FED8E7F1780020FFF789FED3E763
:10781000241E0020A01D002010B50400FFF77AF9F7
:10782000002801D1002010BDFFF77CF90028F9D114
:10783000C830444302480019037901201840F2E798
:10784000241E0020C823584310B5034B1030C01825
:1078500000F09AFD10BDC046241E0020F0B5C824DB
:10786000C64644431E4F1F4B1034050000B53C195B
:107870009A4200D91C4A200092B200F009FE8046CC
:10788000FFF748F9002803D1404680BCB846F0BD58
:10789000FFF748F90028F7D1C8266E43BE19F378E0
:1078A000002BF1D0200000F08DFD3F28ECD9002006
:1078B000F178FFF721FE0028E6D0200000F082FDDD
:1078C0003F2808D9EA01094D4023F17852190020D8
:1078D000FFF73AFED8E7F1780020FFF721FED3E763
:1078E000241E0020FEFF0000FFFF0000A01D00205E
:1078F000F8B50600FFF70EF9002801D10020F8BD09
:10790000FFF710F90028F9D1C82474432500144F5B
:107910002435ED19280000F037FD0028EED03F197E
:107920000020B978FFF7E8FD0028E7D00D48F60100
:107930004036361831004022280000F0A9FDB97801
:10794000041E08D0030032000020FFF7FDFD0028D0
:10795000D4D02000D3E70020FFF7E2FDCEE7C046F9
:10796000241E0020A01D002070B5C82444430C4BE9
:107970002434E4180B4B05009A4200D90A4A20002F
:1079800092B200F03FFE0600200000F0FDFC3F2810
:1079900001D8300070BD2800FFF7AAFFF9E7C04604
:1079A000241E0020FEFF0000FFFF0000C8235843F4
:1079B00010B5034B2430C01800F004FD10BDC046C4
:1079C000241E0020F0B50025184C83B0C8220021E9
:1079D0002000FCF7D9FD164B21001D70FF236371B9
:1079E000E1235B02A360200008234022A373383107
:1079F0000095073B103000F08FFC27000123210089
:107A000020002600402278310093B837243000F05F
:107A100083FCC0363800FAF737FD3000FAF734FD42
:107A2000E56127622663656303B0F0BD241E002074
:107A3000201E0020074B1A6A196B002A02D0002270
:107A4000DA611A62002902D000221A635A63012007
:107A50007047C046241E002070B50F4C052200213F
:107A60002000FCF791FD0D4D2B78DA0707D50C4C63
:107A70009B070CD50121200000F098FE70BD20006E
:107A8000103000F073FE2B78054C9B07F2D42000D9
:107A900000F06CFEEEE7C046241E0020201E0020F1
:107AA000481E0020F0B54B79060083B0022B02D1AE
:107AB0008B79022B03D00025280003B0F0BD214FA5
:107AC000BB78002BF7D18B7809253B700C780C190B
:107AD0006378242B0BD1082A02D80FE0AA420DD3D9
:107AE0002378E418ED186378ADB2242BF6D0052B7B
:107AF00008D0042B02D163790A2B11D00020FFF7A4
:107B000055FED9E721003000FFF7DCFC0028D2D079
:107B1000A3787B702378ED18E4186378ADB2E8E7BA
:107B2000094B27780193013300930222022330008E
:107B3000E119FFF779FC0028BDD00E35ED19ADB283
:107B4000DCE7C046241E0020261E0020F8B5602376
:107B500014001278050013400020202B07D1304A72
:107B60006379277916781B023B439E4200D0F8BD0B
:107B70006378222B28D007D8202B17D0212BF6D1C1
:107B800001293ED00120F2E7232BF0D1012940D07A
:107B90000329F7D1234B002BF4D0E178A378090215
:107BA0000020194300E000BF0120E0E7012928D0B0
:107BB0000329E7D11C4B002BE4D008320020110030
:107BC000FEF7A2FA0120D2E7012922D00329D9D158
:107BD0000125A178E4782E0024020C4301211471C0
:107BE000264024321000714000F0E0FD0F4B002BC6
:107BF000C8D06208002031002A4000E000BF012008
:107C0000B5E7072321002800094AFFF7DBFC012024
:107C1000ADE721002800FFF7BDFC0120A7E7C04623
:107C2000241E002000000000096100100000000078
:107C30002C1E0020F0B54F464646D646C0B5354D01
:107C40008046EA780C001F008A425BD19AB210236A
:107C50009A46314EAA443100504600F0D3FC2F4BD7
:107C6000002B17D06B79FF2B14D0002F12D0F219F4
:107C7000914603E001364E450CD06B7932789A423A
:107C8000F8D1504600F096FB0028F3D1697900E066
:107C900000BFEFE7224B002B04D0224800F08AFB04
:107CA000002834D00020FFF781FDAB78A34206D036
:107CB00001242000E0BCBA46B146A846F0BD1A4BEC
:107CC000002B02D0002000E000BF0020FFF710FED4
:107CD0000028EDD1154D280000F056FB0028E7D113
:107CE000002FE5D0BB06E3D1243D4046A978FFF73D
:107CF00003FC041EDCD0002300224046A978FFF7D5
:107D000023FCD6E7AB788B42D9D00024D1E700E042
:107D100000BFC7E7241E0020A01D002000000000B7
:107D200000000000341E002000000000481E00205B
:107D30009322F0B5134C85B0002120009200FCF78F
:107D400023FC23002000802640270F4D4D33760072
:107D5000FF3329300295009300220023002103976E
:107D60000196FF3000F0D4F94035201D283400235F
:107D700001220021039702950196009400F0C8F9B2
:107D800005B0F0BDE82000206820002010B5054CAB
:107D9000200000F0F3F920002538FF3800F0EEF95C
:107DA000012010BD1022002070B5084C00252000D5
:107DB00031302570FF3000F0D9FC20000C3000F08D
:107DC000D5FC2A23FF33E554657170BDE8200020FF
:107DD000F8B54E464546DE465746E0B54B798146F6
:107DE0008846FF2B25D12A23414FFF330C78FE5CB8
:107DF0007B794444A5181E431BD198225200924619
:107E0000253AFF3A93468B78BA443B700B79BB44D2
:107E1000002B0AD06378052B05D111E02378E418F4
:107E20006378052B0CD0A542F8D84346E01A80B2FF
:107E300000E00020F0BCBB46B246A946A046F8BD13
:107E4000A542F2D921004846FFF73CFB0028F0D0BC
:107E5000A3780136F6B2DB09012B2AD0504600F098
:107E600085FC2A23A278FF33FA54224A6379944688
:107E700021791B020B435B0594215B0D63445A423D
:107E80005341022049007A5C5B00824313437B54D8
:107E900051464846083900F0D1F90028C9D0237866
:107EA000E41843461B79B342B4D84346E01A80B283
:107EB000C0E7584600F05AFC5A460E49A3788C4653
:107EC0000C3A5371637920791B0203435B055B0D08
:107ED000634459424B41022011795B0081430B43BB
:107EE000594613710839002000F076F9D7E7C046EB
:107EF000E820002000FEFFFFF8B52A251F4CFF35C3
:107F0000655D06001F008D421DD19A235B00E35A78
:107F1000002B0ED11A4B002B04D000201949BAB205
:107F200000E000BF3000184900F088F9012420006B
:107F3000F8BD2000962331305B00E158BAB2FF3023
:107F400000F060FBE6E763798B4201D00024EEE7A6
:107F50000E4B002B04D039040020090C00E000BFB8
:107F60000B4D3000290000F037F901240028DED144
:107F70003A002900300000F003F9D8E7E82000209B
:107F800000000000682000201022002000000000F7
:107F9000EC20002000B5030083B0002910D00020A1
:107FA000012B07D80A78002A04D00B48C2540120BC
:107FB000012A01D003B000BD1800FEF7BBFDF9E7B0
:107FC000012301A900200B80FEF7B4FD0028F1D0A9
:107FD0000122014B1A70EDE7401F0020037870B5B5
:107FE000DB0704000E00DD0F002B17D103785B07C1
:107FF00001D5280070BD01213000494204F008FA83
:108000002378DB07DD0F002B0AD123785B0708D428
:108010000422237801251343237002E00025E8E7BA
:108020000025300004F0CCF9E3E7C04670B50D0040
:10803000012104004942280004F0EAF923785B0793
:10804000DE0F002B04DB280004F0BAF9300070BD0D
:108050002378DB0704D40422237893432370F2E7C8
:108060000026F0E710B5437904791B0223435B0532
:108070005A0DC3789B079B0F022B05D0032B15D0FD
:108080000020012B08D010BD02291CD00020402365
:1080900093424041C0B2F6E702394B4259410D4B81
:1080A0009C46614491424041C0B2ECE702394B42E8
:1080B0005941F023002049429B0019404031914230
:1080C0004041C0B2DFE7044BD3185A425341D8B203
:1080D000D9E7C046FF03000000FEFFFF8A1870B515
:1080E000914207D27F264C78052C04D00C780919D0
:1080F0008A42F8D870BD34008D782C406400041991
:10810000ED0963550C7809198A42ECD8F2E7C046AC
:10811000F0B5C64600B582B0150008AA40CA0400F2
:1081200017880BAA1288012090460A002178024085
:10813000814320001143217000933A000123310054
:10814000083000F0E9F8002E01D0002F08D10A9B7A
:10815000012063604346638002B080BCB846F0BD36
:1081600026001C363000FAF78FF90023002D01D0CD
:10817000330000266361A661E9E7C046012070472D
:10818000F8B5E023070008000C785B00A407E417AB
:108190001C4008300D0016003F3400F0F5F80028B0
:1081A00007D1002E05D0344203D101242B781C4284
:1081B00001D00020F8BD38006978FFF79DF900284C
:1081C000F7D02B781C42F4D10023002238006978C4
:1081D000FFF7BAF9EEE7C046F8B50D00083506001E
:1081E00028000C0000F0D0F8002803D001272378E5
:1081F0001F4201D00020F8BD30006178FFF77CF904
:108200000028F7D028006288616800F041F92378DF
:10821000051E0BD01F42EDD103006268300061786B
:10822000FFF792F90028E5D02800E4E71F42E1D1EA
:1082300030006178FFF774F9DCE7C046F8B5CE4648
:10824000474680B58B8906000C00002B08D101251C
:108250000B781D4241D00020C0BCB946B046F8BDE5
:108260000B789B0734D440235B4299464025270076
:108270000837380000F0A6F8A842ECD30122237892
:1082800090461A42E7D130006178FFF735F90028AF
:10829000E1D0380000F096F842462378854231D884
:1082A0001A42D8D14B4662881840051C80B29042D1
:1082B00000D9151CADB200226178002D00D0626893
:1082C0002B003000FFF740F90028C4D02800C3E796
:1082D0008025104BAD009946C9E74978FFF70CF9A6
:1082E0000028B8D023781D42B5D163880022617878
:1082F000002B00D062683000FFF726F90028AAD0D2
:108300006088A9E71A42A6D130006178FFF708F922
:10831000A1E7C04600FEFFFFF0B5C64600B5040069
:1083200006A805788020884617001E0000028242B9
:1083300027D8E068002803D00121494204F068F8FA
:108340002069002803D00121494204F061F8434626
:10835000236073045B0CED031D430023E06863811D
:10836000A780E5802381002801D004F029F8206946
:108370000124002801D004F023F8200080BCB84676
:10838000F0BD0024F9E7C04610B504894189828810
:10839000A3B288B28C4207D31B1A9BB2101C9A421C
:1083A00000D9181C80B210BD5100091A5B189BB28D
:1083B000F4E7C046030000895B89C01A4342584174
:1083C000C0B2704710B5048941898288A3B288B2CF
:1083D0008C4207D31B1A9BB200209A4201D9D31AB0
:1083E00098B210BD5100091A5B189BB2F4E7C04661
:1083F00070B5040000690E00002803D00121494235
:1084000004F006F825896089A288A9B283B2854262
:108410002CD3CD1AADB2002D2ED0AA4208D2914253
:1084200031D38B1A9BB263819A4203D89B1A9BB2B9
:108430009A42FBD9E28821685204520C534330001F
:10844000C918FCF7A7F8618901254B1C9BB2A288CB
:10845000994214D9002352009B1A9BB22069638170
:10846000002801D003F0ACFF280070BD5500ED1AC4
:108470004D19ADB2002DD0D1002563899BB25200B9
:108480009342EBDBE8E789188BB26381CCE7C04607
:10849000F0B546464F46D646C0B506000069894647
:1084A0009046002803D00121494203F0B1FF3189F1
:1084B0007289B5888BB294B2914257D31F1BBFB259
:1084C000002F4DD0BD4205D2AB4254D25B199CB2B5
:1084D0002F0074814346B84540D89FB2A54203D8C7
:1084E000641BA4B2A542FBD9F288281B5204530C8A
:1084F00019009846336861439C4680B261448742C4
:1085000026D94346584383B21A0048469A46FCF798
:1085100041F8434648467D1B64195C43316850442A
:10852000A2B2FCF737F87189B588CB199BB26A0003
:10853000994217D99B1A9BB230697381002801D0E8
:1085400003F03EFF3800E0BCBA46B146A846F0BD95
:10855000424648467A43FCF71DF8E4E73B1CBCE77B
:1085600073899BB26A009342E6DBE3E76F003F1B2F
:10857000DF19BFB2A4E75B1B9CB2A9E7F8B5040002
:10858000C0680E00002803D00121494203F040FFDB
:10859000258920896189A288ADB283B28FB28842D1
:1085A00028D3DB1B9BB29A4209D8E779FF0906D191
:1085B000E068002801D003F003FF3800F8BD2B006D
:1085C000954203D39B1A9BB29342FBD2E288216867
:1085D0005204520C5343C8183100FBF7DBFFA2884A
:1085E0006B1C9BB252009D4209D99B1A9BB201277A
:1085F0002381DDE75100C91B5B189BB2D3E793428F
:10860000F5DBF2E7F0B54E464546DE465746E0B5A7
:1086100089460500140083B0002A6ED0C068002887
:1086200003D00121494203F0F3FE2F89EA796B89D7
:10863000BFB29BB2D20942D1AE889F4267D27200CC
:10864000D31AFB189BB2002290469E4231D9F31AEE
:108650001A1C9BB2A34200D9221C93B29846E88808
:108660004346DB199BB29B463C00BE4203D8A41B89
:10867000A4B2B442FBD24004430C18009A462B68C3
:1086800060439C46311B89B2604441454ED35246FB
:10869000434649465A43FBF77DFFAB885B00BB4529
:1086A00001D39B4503DB5A46D31A9BB29B465B46DC
:1086B0002B81E868002822D003F082FE1FE0AA8800
:1086C0009046944226D29F4244D34146FA1A92B22F
:1086D000490012198A4209DB42469A1892B2171BC6
:1086E000BFB29346BB423AD97F1ABFB2E3199BB2DD
:1086F00046469B46A046E888B6E700239846404693
:1087000003B0F0BCBB46B246A946A046F0BDFB1A7A
:108710009BB298E7E888A21A4404640C544342468A
:10872000A144002AC5D046461F0099E75346594345
:1087300089B20A0001914946FBF72CFF43469A1B78
:108740005346A2185A430199286892B24944FBF74C
:1087500021FFA2E75100CA1ABA1892B2B9E7B9428A
:10876000C2DD4646E888A0467EE7C04610B5040054
:10877000C068002803D00121494203F049FE206966
:10878000002803D00121494203F042FE0023E068A3
:1087900063812381002801D003F012FE20690028A4
:1087A00001D003F00DFE012010BDC04670B50400DD
:1087B000C0680D00002803D00121494203F028FEC3
:1087C0002069002803D00121494203F021FE7F21C6
:1087D000E379ED011940E0682943E171002801D0F7
:1087E00003F0EEFD2069002801D003F0E9FD01202F
:1087F00070BDC04610B501000148F9F713FB10BD6C
:10880000708B002000B5054B83B00100009300225F
:108810000B230348F9F7B8FA03B000BD805C0410DD
:10882000708B0020F0B557468246454B4546534471
:108830005A4253418022DE464E46920294465B42A3
:10884000E0B51B0C3F4A1B04634413603E4A0D0015
:108850003E4985B0136018000A689043FBD18146F9
:108860000620FAF787FB53465A6802231A40019202
:108870005246802104320292354AEF0D52446E0274
:10888000136003923B0032000224490006E090424C
:1088900006D3023492197B418C4201D0002BF6D0D2
:1088A0002B0080262702A0463F1B05001C007600F7
:1088B00003E04346FF1A012E3DD039002800B3469D
:1088C000013EFAF7BBFD8442F3D2444659463302D7
:1088D000A8469946614353464A461C611B68802559
:1088E0005340FF22120213408022920194466D01F0
:1088F00055442B60029B019A63441A6052465068AB
:108900000222039C072622605446246810406640D9
:10891000CF2434402C60032418600E485044046077
:1089200040461A60FAF78AFD05B0F0BCBB46B24675
:10893000A946A046F0BD44461900A846CBE7C0466C
:108940000040FCBF00E0004000F0004008C00040D4
:10895000043000002420000070B50569046806207A
:108960002404FAF707FB210E01316943FAF766FD8B
:1089700070BDC046F0B54E464546DE465746E0B5AA
:1089800083B0019200221E000CAB1B7805009946B3
:108990000368DA6601325960DA66002E42DD721E23
:1089A0009446494601224A405202904680220020C5
:1089B000802452009246C03A596F1029FCD00028FA
:1089C00027D000278021BB464900844510D019617B
:1089D0001959596B0A4211D001205B6D40424B4638
:1089E0002B7103B0F0BCBB46B246A946A046F0BD11
:1089F00047465946394357463943E8E7996F0029B6
:108A0000E6D01B6901990B5401308642E7D02B68F0
:108A1000D2E729790029D4D08027A021FF00BB46C6
:108A2000C900D2E70020DAE7F0B557464E46454682
:108A3000DE4690460022E0B583B01E000CAB1B78EA
:108A400084469A460368DA6601325960DA66002E77
:108A50004FDD51464A405202019280229146320037
:108A60008025771E0020464610219046AD00002448
:108A7000002804D162461479621E9441A4020022A7
:108A8000934687421AD0325C22435C4622431A61E5
:108A90005A6B1142FCD04A469C58002C11D1874297
:108AA00022D001308045E2D1634652461A7103B0AC
:108AB000F0BCBB46B246A946A046F0BD019A93461B
:108AC000E1E75A6D012293465A6B2A42FCD01A6E96
:108AD0005A46002AE5D0002C03D0E30701D423072F
:108AE000E2D401204042DFE75246002AD9D1D346E2
:108AF000EAE70020D8E7C046F8B5DE4657464E46BE
:108B000045468346E0B505200C00FAF733FA060027
:108B1000600821008019FAF791FC430098468044D0
:108B2000070005214046FAF789FC3B1A9A461E4B7E
:108B30008146700080199C4231D81C49FAF77EFCAE
:108B4000451C5B461C6800230422E3662368012061
:108B50005A400623134080225201A2181360534644
:108B6000E3614B46236243464F2B03D950214046D5
:108B7000FAF764FCA023E050E06F0D4B45402D0454
:108B80002D0CE3181D60012339003000E366FAF76D
:108B900055FCF0BCBB46B246A946A046F8BD054907
:108BA000FAF74CFC451CCCE73F420F00809698003A
:108BB0007C10000040787D01104A70B5821A534243
:108BC0005A41072352429A430D4B10321A600D4B03
:108BD0000D4C1A60150023689D432B1EFAD16624A4
:108BE0000268FF340571D5661460633C8833FF3C2E
:108BF000D5639563D450FFF77FFF70BD58110020F7
:108C000000E0004000F0004008C0004010B582B015
:108C100004AC24780094FFF707FF02B010BDC046F3
:108C200010B582B004AC24780094FFF7A3FE02B024
:108C300010BDC04601230121084A1360084A136091
:108C4000084A080013689843FBD1074A1160802145
:108C5000490013680B42FCD07047C04600E000405A
:108C600000F0004008C0004000C00440092010B5DA
:108C7000FAF780F98022074B12021A60064B074967
:108C80001A6014000B689C43FBD1054B0138186037
:108C900010BDC04600E0004000F0004008C00040A9
:108CA00000C0054010B5114C114B22689A420FD1FB
:108CB000104B62689A420BD10F4BA2689A4207D1BF
:108CC000002301200022002123604042FAF72EFAFF
:108CD000074B00212360074B08486360064BA360E5
:108CE000FAF720F80023236010BDC046C000002022
:108CF000DE8116F0299B72BD7ABE59D3400D030068
:108D0000F0B5DE464E4645465746E0B5160089B0FA
:108D100002900393180012AB1B88049213AA5BBA4B
:108D200015889CB233786DBAA346ADB2002B00D142
:108D300087E0026805920A01511A0A010692494A1F
:108D40001268079287880726039A3E40D288203B04
:108D50009246721E9641FA08B218DEB253465E433E
:108D6000059B56439C4653466644002B00D16FE05A
:108D7000002F32D07B0001933B4B5946994600238C
:108D8000984607339C46484600238B46327805E0D8
:108D900052000133D2B20230BB420FD251B22C008A
:108DA000002900DA5C466146048019400729EFD1AA
:108DB0000133727802300136BB42EFD301235946AA
:108DC0009B46019BD8449B460136D944D045DAD313
:108DD000039B8B469F88DB889A465346DBB29A46B4
:108DE000069B029E9C465346FCB26644002B1DD057
:108DF000002C1BD0079B76009C466300664400272E
:108E00009C46194800220023815A8D4200D0B1525D
:108E10000133DBB202329C42F6D10137E136FFB2B8
:108E2000FF366044BA45EDD1039B9F88029BDB1956
:108E3000DBB20293049B013304931B78002B00D018
:108E400081E709B0F0BCBB46B246A946A046F0BDDA
:108E5000049A531C5278002AF3D05A780133002A1E
:108E6000FBD1EEE7E4280020042B002010B5384C9D
:108E70002078F8F729FF0820F8F726FF0920F8F7EF
:108E800023FF1920F8F720FF2378012422009A40BD
:108E9000D0231B065A628021802080224900920440
:108EA0008000596258625A62586199615A61FFF7AD
:108EB000C1FE1F211D20F8F72BFE002200211D20DE
:108EC000F8F740FE00211D20F8F7EAFE214B0421AF
:108ED0001A68C0239B015340E022D20113401E4A6E
:108EE00019201360F8F714FE042364211B4A137041
:108EF0001B4B19661B4B1C491B681B0C1B040B608E
:108F0000C8211278890093009B18154A9B009A1873
:108F10005160126815499443154A944663441C6095
:108F2000144C2000FFF77EFC2000FFF715FD010028
:108F30001148FDF76BF801210A20F8F7E9FD01213E
:108F40000B20F8F7E5FD0D48FCF7D6FF10BDC04635
:108F50006811002000C0044000D00440808B002035
:108F6000000005405C0005405C100540C04DC10399
:108F70000010054000000440C45C0410D45C0410E0
:108F800010B50C4B1B789900C9180B4B89009C46F7
:108F900061440C68031C642800D9642380225201B8
:108FA0009446DBB21B0463401B0C1B0461440B6042
:108FB00010BDC046808B00200C000540F0B5DE4699
:108FC00057464E464546E0B583B06B46D0268027CF
:108FD000DC1DEF23FD4D36067F00237021000122AA
:108FE0002800B76103F01CFAEB22210022709146A1
:108FF0002800B761EA3A03F013FA14222100227024
:10900000904628007761133A03F00AFAFE23210004
:10901000237001222800B76103F002FAEF23210038
:10902000237001222800B76103F0FAF94A462100B3
:1090300022702800B761EA3A03F0F2F942462100B3
:10904000227028007761133A03F0EAF984232100A3
:10905000237001222800B76103F0E2F940232100C8
:10906000237001222800776103F0DAF985232100BB
:10907000237001222800B76103F0D2F9FF222100FA
:109080009146227028007761FE3A03F0C9F98623E1
:109090002100237001222800B76103F0C1F94A467C
:1090A0002100227028007761FE3A03F0B9F9872386
:1090B0002100237001222800B76103F0B1F94A466C
:1090C0002100227028007761FE3A03F0A9F9882375
:1090D0002100237001222800B76103F0A1F90A23BF
:1090E0002100237001222800776103F099F9892378
:1090F0002100237001222800B76103F091F9212299
:1091000021002270904628007761203A03F088F908
:109110008A232100237001222800B76103F080F91F
:1091200000232100237001222800776103F078F9E1
:109130008B232100237001222800B76103F070F90E
:1091400080232100237001222800776103F068F951
:109150008C232100237001222800B76103F060F9FD
:109160000122210022702800776103F059F98D2334
:109170002100237001222800B76103F051F9012278
:10918000210022702800776103F04AF98E23210024
:10919000237001222800B76103F042F949460122F9
:1091A000217028002100776103F03AF98F23210014
:1091B000237001222800B76103F032F949460122E9
:1091C000217028002100776103F02AF9B6232100DD
:1091D000237001222800B76103F022F90023210047
:1091E000237001222800776103F01AF9202321005F
:1091F000237001222800776103F012F93621012241
:109200008B46217028002100B76103F009F908217D
:1092100001228A46217028002100776103F000F9BD
:109220003A232100237001222800B76103F0F8F8E7
:1092300055232100237001222800776103F0F0F804
:1092400090232100237001222800B76103F0E8F881
:1092500051460122217028002100776103F0E0F8D7
:1092600051460122217028002100776103F0D8F8CF
:1092700051460122217028002100776103F0D0F8C7
:1092800051460122217028002100776103F0C8F8BF
:10929000BD232100237001222800B76103F0C0F82C
:1092A00006232100237001222800776103F0B8F81B
:1092B000BC232100237001222800B76103F0B0F81D
:1092C00000232100237001222800776103F0A8F811
:1092D00049460122217028002100B76103F0A0F85F
:1092E00060232100237001222800776103F098F8A1
:1092F0000122210022702800776103F091F80421F7
:109300000122217028002100776103F089F8C3232E
:109310002100237001222800B76103F081F8132196
:109320000122217028002100776103F079F8C4231D
:109330002100237001222800B76103F071F8132186
:109340000122217028002100776103F069F8C92308
:109350002100237001222800B76103F061F8222365
:109360002100237001222800776103F059F8BE2301
:109370002100237001222800B76103F051F8112069
:109380002100207001222800776103F049F8E123D1
:109390002100237001222800B76103F041F8102357
:1093A0002100237001222800776103F039F80E2292
:1093B00021002270280077610D3A03F031F8DF2395
:1093C0002100237001222800B76101E00000044061
:1093D00003F026F840462100207001222800776122
:1093E00003F01EF80C23210023700122280077616E
:1093F00003F016F802232100237001222800776170
:1094000003F00EF8F0232100237001222800B76139
:1094100003F006F845210122217028002100776120
:1094200002F0FEFF09202100804620700122280062
:10943000776102F0F5FF50462100207001222800DC
:10944000776102F0EDFF50462100207001222800D4
:10945000776102F0E5FF262021002070012228001C
:10946000776102F0DDFF2A20210020700122280010
:10947000776102F0D5FFF120210020700122280041
:10948000B76102F0CDFF43232100237001222800A1
:10949000776102F0C5FF7021012289462170280002
:1094A0002100776102F0BCFF7221012221702800A7
:1094B0002100776102F0B4FF594601222170280093
:1094C0002100776102F0ACFF3721012221702800D2
:1094D0002100776102F0A4FF6F2321002370012295
:1094E0002800776102F09CFFF22321002370012203
:1094F0002800B76102F094FF452101222170280065
:109500002100776102F08CFF40462100207001228B
:109510002800776102F084FF50462100207001226C
:109520002800776102F07CFF504621002070012264
:109530002800776102F074FF2622210022702800A3
:109540007761253A02F06CFF2A2221002270280060
:109550007761293A02F064FFF32021002070012294
:109560002800B76102F05CFF432321002370012231
:109570002800776102F054FF4A462100227028003B
:1095800077616F3A02F04CFF7222210022702800AE
:109590007761713A02F044FF5A4621002270280098
:1095A0007761353A02F03CFF372221002270280013
:1095B0007761363A02F034FF6F23210023700122D5
:1095C0002800776102F02CFFED2221002270280094
:1095D000B761EC3A02F024FF1B2321002370012223
:1095E0002800776102F01CFF0B2321002370012269
:1095F0002800776102F014FFAE23210023700122BE
:109600002800B76102F00CFF7723210023700122AC
:109610002800776102F004FFCD232100237001228E
:109620002800B76102F0FCFE6321012221702800AE
:109630002100776102F0F4FE4946012221702800E2
:109640002100B76102F0ECFE07218B462170012258
:1096500021002800776102F0E3FE594601222170C3
:1096600028002100776102F0DBFE04202100207039
:1096700001222800776102F0D3FE0E222100227021
:10968000280077610D3A02F0CBFE0F2221002270F4
:10969000280077610E3A02F0C3FE41460122217094
:1096A00028002100776102F0BBFE5946012221709B
:1096B00028002100776102F0B3FE5146012221709B
:1096C00028002100776102F0ABFE03232100237004
:1096D00001222800776102F0A3FEE8232100237015
:1096E00001222800B76102F09BFE34232100237081
:1096F00001222800776102F093FE6223210023708B
:1097000001222800B76102F08BFE182101228A464F
:10971000217028002100776102F082FE0D232100D4
:10972000237001222800776102F07AFE7121012264
:109730008846217028002100776102F071FEED2239
:109740002100227028007761EC3A02F069FE4A4657
:1097500021002270280077616F3A02F061FE4A46CC
:1097600021002270280077616F3A02F059FE5246BC
:109770002100227028007761173A02F051FE0F2273
:1097800021002270280077610E3A02F049FE42461D
:109790002100227028007761703A02F041FEEF2329
:1097A0002100237001222800776102F039FE4A4629
:1097B00021002270280077616F3A02F031FE4A469C
:1097C00021002270280077616F3A02F029FE63229F
:1097D000210022702800B761623A02F021FE524651
:1097E0002100227028007761173A02F019FE11203B
:1097F0002100207001222800776102F011FE42460C
:109800002100227028007761703A02F009FEF120F1
:109810002100207001222800776102F001FE4A46F3
:1098200021002270280077616F3A02F0F9FD4A4664
:1098300021002270280077616F3A02F0F1FD524654
:109840002100227028007761173A02F0E9FD132108
:109850000122217028002100776102F0E1FD4146DC
:109860000122217028002100776102F0D9FDF32048
:109870002100207001222800776102F0D1FD4946C5
:109880000122217028002100776102F0C9FD4946BC
:109890000122217028002100776102F0C1FD6423BC
:1098A0002100237001222800B76102F0B9FD2823AE
:1098B0002100237001222800776102F0B1FD2923E5
:1098C0002100237001222800776102F0A9FDF12018
:1098D0002100207001222800776102F0A1FD012201
:1098E000210022702800776102F09AFDF12021000A
:1098F000207001222800776102F092FD00232100F0
:10990000237001222800776102F08AFD5A46210067
:10991000227028007761063A02F082FD662321005A
:10992000237001222800B76102F07AFD3C23210058
:10993000237001222800776102F072FD00232100CC
:10994000237001222800776102F06AFDCD232100F7
:10995000237001222800776102F062FD6723210055
:109960002370012228007761984602F059FD4521B5
:109970000122217028002100776102F051FD45216C
:109980000122217028002100776102F049FD102397
:10999000210023700122280077619A4602F040FDE1
:1099A000002399462370210001222800776102F0EC
:1099B00037FD4B462100237001222800776102F019
:1099C0002FFD4B462100237001222800776102F011
:1099D00027FD43462100237001222800B76102F0D1
:1099E0001FFD4B462100237001222800776102F001
:1099F00017FD3C232100237001222800776102F02B
:109A00000FFD4B462100237001222800776102F0F0
:109A100007FD4B462100237001222800776102F0E8
:109A2000FFFC4B462100237001222800776102F0E1
:109A3000F7FC01232100237001222800776102F046
:109A4000EFFC54232100237001222800776102F0EB
:109A5000E7FC53462100237001222800776102F0C1
:109A6000DFFC32232100237001222800776102F0FD
:109A7000D7FC9823210023700122280077619846A3
:109A800002F0CEFC74232100237001222800B7616C
:109A900002F0C6FC534621002370012228007761A2
:109AA00002F0BEFC8523210023700122280077618B
:109AB00002F0B6FC80232100237001222800776188
:109AC00002F0AEFC4B462100237001222800776192
:109AD00002F0A6FC4B46210023700122280077618A
:109AE00002F09EFC4E2321002370012228007761A2
:109AF00002F096FC4B46210023700122280077617A
:109B000002F08EFC43462100237001222800B76139
:109B100002F086FC3E232100237001222800776199
:109B200002F07EFC072321002370012228007761C8
:109B300002F076FC35232100237001222800B76152
:109B400002F06EFC21232100237001222800B7615E
:109B500002F066FC11232100237001222800B76166
:109B600002F05EFC7820F9F729F8292301222370FE
:109B700021002800B76102F053FC1420F9F71EF809
:109B800003B0F0BCBB46B246A946A046F0BDC046F5
:109B900070B5012582B0FFF769F91D48FCF7ACF9F3
:109BA0002A001C4ED024337824069A406420626137
:109BB000F9F704F82A00337864209A40A261F8F794
:109BC000FDFF337864209D4080239B006561A36185
:109BD000F8F7F4FF6420F8F7F1FF6A463623802691
:109BE000D3716B460C4D7600D91D01222800A66169
:109BF00002F016FC6A460823D3716B460122D91D78
:109C00002800666102F00CFCFFF7D8F902B070BDC5
:109C1000EC5C04106811002000000440F0B5DE4642
:109C200057464E464546E0B5D02685B0802701937D
:109C30002A23334D924602AAD41D36067F00237094
:109C400083468946012221002800B76102F0E8FB23
:109C5000002221009046227028007761013202F034
:109C6000DFFB5A462100227028000122776102F0B2
:109C7000D7FB42462100227028007761013202F0B2
:109C8000CFFB52462100227028000122776102F0AA
:109C9000C7FB2B232100237001222800B76102F0AB
:109CA000BFFB42462100227028007761013202F09A
:109CB000B7FB4A462100227028000122776102F09A
:109CC000AFFB42462100227028007761013202F08A
:109CD000A7FB019B2100237001222800776102F07D
:109CE0009FFB2C230122237021002800B76102F082
:109CF00097FB05B0F0BCBB46B246A946A046F0BDF6
:109D000000000440F0B5C64600B5EF2382B0EF2254
:109D1000002104000020FFF781FFD02380221B06D2
:109D2000520000205A61FEF76DFD05000020FEF78D
:109D300069FD002846DB002D44DB254BEA021A4072
:109D40009846A023234E24491643E127AA01DB05A8
:109D5000D3181C608C46596041467F029F601E618B
:109D6000C3020B401D4966461943A0238401DB054D
:109D7000E3181E606E4607365E609F60196101231E
:109D80001900AB408140A0260B438621F605C9008F
:109D90007350134B80219C464904644423680B4252
:109DA000FCD10F4B80219C464904624413680B424E
:109DB000FCD1FEF71FFD2800FEF71CFD02B080BCA1
:109DC000B846F0BD01002A000648FCF71FF9F5E788
:109DD000FD7F00FF11000900080004400180090018
:109DE00010000050FC5C0410014B18607047C04626
:109DF000E4280020F0B5C6469C4600B506AB1D8899
:109E00000B015B1A1B01181863461400002B1BD0B2
:109E10000F4B1E68002A17D05300984600274000B9
:109E2000079A361800200021135AAB4200D0335253
:109E30000131C9B202308C42F6D10137E136FFB2AE
:109E4000FF364244BC45EDD180BCB846F0BDC046AB
:109E5000E4280020F0B557464E464546DE46E0B5BC
:109E60001D0091B00F931AAB1B8804B29846131AC9
:109E700090428041DE1702940CB209949C196B1A2F
:109E8000DF177440DE197E40DF17FB1A7B40079313
:109E9000684B0E92684A18409446030063440222BD
:109EA0000D93A9429B411A40531E0C9343465FBA3F
:109EB000BBB29B461BAB1B78A21B9A465B08089360
:109EC0005E4B0A941B680B9699465346013B9BB226
:109ED0000193530003933B041F0C059204911F430D
:109EE0006B461B890693EF2B00D9EF2304999BB295
:109EF0000A1CEF2900D9EF2208995B1A9BB2009344
:109F00005346521A92B2002B5DD0F02600235643DE
:109F1000B6B29846B4460121009D65446B004B449F
:109F20005A0852420A40019905297AD9002A76D066
:109F300059461980110053469E1A00235219B6B291
:109F4000520074084A4498000133175098B2844272
:109F5000F9D8330001229343591889B2B34228D06B
:109F60004A4658464B195B0098524B1C9BB29A4587
:109F70001FD95B195B0098528B1C9BB29A4518D96C
:109F80005B195B009852CB1C9BB29A4511D95B19A7
:109F90005B0098520B1D9BB29A450AD95B1905319B
:109FA0005B0089B298528A4503D94B46491949004A
:109FB000C852434601339BB298466346F0339BB286
:109FC0009C46C245A7D8039B079A934213DB0E9B7E
:109FD000029A934227D00D99059B8C460B9A9A1AA8
:109FE000069B059263441BB2029353000A9A0393A3
:109FF0009A4200DA74E70F9B099A934213D00A9BA6
:10A00000059A9C460C9962448C46049B05926344D5
:10A0100019B29BB2049353000991039360E70021A6
:10A0200089E700219CE711B0F0BCBB46B246A946C7
:10A03000A046F0BD0200FFFFFFFF0000E428002063
:10A04000F0B5DE4657464E464546E0B589B0049326
:10A0500013AB0190188814AB1B7802919C461378BF
:10A060000092002B53D0874A12680692864A1278D3
:10A070000792864A12680592854A90465AB2002A8B
:10A0800055DB049A203B1268DBB203929179157973
:10A090000C006C4363431468029A8A461601B61A90
:10A0A000019A360191465B004E4400291BD0002DD9
:10A0B00019D0059A002791466A00934676004E44CF
:10A0C000E41800220023A15A884200D0B152013383
:10A0D000DBB202329D42F6D10137E136FFB2FF36E4
:10A0E0005C44BA45EDD1009B013300936346022BDB
:10A0F0004CD013D8002B41D0029A039B9146DB88A9
:10A100004B44DBB20293009B1B78002BB6D109B005
:10A11000F0BCBB46B246A946A046F0BD032BF2D127
:10A12000039B029ADB88D31ADBB20293EBE71A0097
:10A130003F218A43802A30D01A001F218A43C02A37
:10A140002FD01A000F218A43E02A00D184E01A00A0
:10A1500007218A43F02A94D100991B064A781204F9
:10A16000D3188A7812029B18CA789A180B1D00938C
:10A17000069B002B00D17EE003211CE0019A039B8B
:10A1800091469B884B44DBB20193BCE7039B019A49
:10A190009B88D31ADBB20193B5E7009A0132009293
:10A1A0006FE71A02009B597802330093069B5218FE
:10A1B0000121002B62D00024069D03E00134E4B2AB
:10A1C000AC4241D24646A300F3589342F6D102294D
:10A1D0003DD08900049B029E5A58039291791579CB
:10A1E0000B006B43634314683201921B019E120102
:10A1F000B1465B004A44002900D177E7002D00D129
:10A2000074E7059F0139B946C9B2E4180B01591A20
:10A21000560009016F00F0324E448946BB461700D4
:10A22000914400220023A15A884200D0B152013348
:10A23000DBB202329D42F6D1E136FF365C444F4537
:10A2400000D153E7F037ECE700240229C1D1079B86
:10A250000821E41AE4B2BDE700991B044A780024FF
:10A260001202D3188A789A18CB1C0093069B0221FD
:10A27000002BA0D1EBE700240C21ABE70024033135
:10A28000A8E7C046F02A0020EC280020E42800209F
:10A29000F0280020F0B5DE4657464E464546944627
:10A2A000E0B591B01CAA17781DAA14781EAA1678DA
:10A2B0001FAA0190107820AA1578624602911178A1
:10A2C0009B461BAB1B8807940A9609900B950029A7
:10A2D00000D18CE0B94AA846126834430892B84AC3
:10A2E000049412780C9202002A430392B54A404427
:10A2F00012680D9005924AB2002A00DA8AE0039AA9
:10A30000002A00D0ECE0049A002A00D1B0E00A0054
:10A3100059460A980E68203AB188F588D2B20028CA
:10A3200000D135E10C1AE0B2814607988246A2447A
:10A330002C0007984C438046091A4846624334680B
:10A34000029E091A3001801B019E4244B046000162
:10A350008044FF26FF205200C9B228402E422BD055
:10A360008DB2002928D041464E000599A41889468F
:10A37000691E89B2069101214E448946020106995F
:10A38000CA44121A514412014244490040468A46C6
:10A390009146B84600210022675ABB4200D077524E
:10A3A000013292B20231AA42F6D3E136F030FF36E2
:10A3B00054444845EED14746012290460022C44409
:10A3C0009046022F00D1D5E018D8002F00D1C6E06A
:10A3D00042465946920052580299D28888464244D1
:10A3E000D2B2029262461178002900D083E711B000
:10A3F000F0BCBB46B246A946A046F0BD032FF1D142
:10A4000042465946920052580299D2888A1AD2B2CC
:10A410000292E7E70A003F208243802A00D1B3E09E
:10A420000A001F208243C02A00D1B6E00F22080094
:10A430009043E02800D194E1072208009043F028DF
:10A4400000D05CE762465278090612045218614651
:10A450008978090251186246D278891804229046F8
:10A46000089AC444002A00D192E103229046A1E058
:10A470005A46106882790579914614000A000299BB
:10A480006C430E01761A0199203A88464946D2B2A9
:10A4900062433601046852004644002900D18BE72C
:10A4A000002D00D188E70599A4188846002276007F
:10A4B000690046448A461000B84600220021675AC7
:10A4C000BB4200D077520132D2B202319542F6D16E
:10A4D0000130E136C0B2FF3654448145EDD16AE720
:10A4E0005A4616682039B079357902006A43CCB2F1
:10A4F000099954430A006A43A21834680B9E52001B
:10A50000801B401AC1B2894602990E01761A019940
:10A510003601884649464644002900D14CE7002DC3
:10A5200000D149E70599A418884600227600690001
:10A5300046448A461000B84600210022675ABB42B2
:10A5400000D077520132D2B202319542F6D10130B9
:10A55000E136C0B2FF3654448145EDD12BE7424687
:10A560005946920052580199928888464244D2B284
:10A57000019237E742465946920052580199928813
:10A580008A1AD2B201922DE77F3A9046C444B6E6C9
:10A590000798824600208146CAE662465078022229
:10A5A0009046013AC4449046089A09020918002AC4
:10A5B00000D1EFE00020089C0AE0C046F02A00200D
:10A5C000EC280020E42800200130C0B284426FD97A
:10A5D000714D8200AA589142F6D14246022A6BD0B0
:10A5E000039A002A70D1049A002A00D1E9E6424673
:10A5F0005946920054580A9DA288E188002D00D146
:10A60000C1E0551BEEB20696079EB1464D440F952C
:10A610000D0055436843079DA946484440008246C3
:10A620002068521B0E900698FF24161A029AF6B262
:10A630001001801A019A00019146FF2248440A4005
:10A640000C4200D1BDE6B5B2002E00D1B9E60599A5
:10A650006C1E89460F99A4B201310919013A4900CB
:10A6600092B2069111018A1AF02146004E448946A1
:10A670000E9C814412014A44544492464A46604624
:10A68000B9461700002100228446605A834200D058
:10A690007052013292B20231AA42F6D3069A604653
:10A6A0009446E136FF366444574557D0F037E9E722
:10A6B00042460020022A93D10C9A801A0222904628
:10A6C000039AC0B2002A8ED0424659469200515891
:10A6D000029E8A790D7914006C436043099C6C4397
:10A6E00000190C680D994000521A3101891B019E16
:10A6F0000901B146D2B282464944002A00D160E63F
:10A70000002D00D15DE60598013A8146D2B268007D
:10A7100006901001821AF0204E004E44814612012C
:10A7200089444A44544492464A466046B946170012
:10A73000002100228446605A834200D070520132C8
:10A74000D2B202319542F6D1069A60469446E1367D
:10A75000FF366444574501D0F037E9E784464F4659
:10A760002FE6624650780904927800024118891851
:10A7700003229046013AC4449046089A0020002AD9
:10A7800000D017E798E7079D0F95002506953FE74E
:10A7900003229046002023E7F0280020F0B5CE46A3
:10A7A000474680B583B01E000AAB1B880C4F984605
:10A7B0000BAB1B88040099460D0038000949FBF7D4
:10A7C000ADF94B46019343463A000093290033000C
:10A7D0002000FEF795FA03B0C0BCB946B046F0BD04
:10A7E0004C2400200C5D0410F0B55746DE464E4662
:10A7F00045465BBAE0B59FB2032393B009911CA90B
:10A8000009880890109110B21DA952009A1A09786F
:10A8100013B211900A93002900D0A1E0002800DAB9
:10A820000FE1109A3C0453080B93D34B3C431B6835
:10A830009B46531E9BB20293002344220F936B4608
:10A840009B181B880D935B466A46928F11008C46BD
:10A850000E92089A624492B20192EF2A00D9EF2236
:10A8600009990D988C466044011C80B292B2EF2881
:10A8700000D9EF210B98121A92B20692109A091A77
:10A8800089B2002A00D1E7E0F02251438AB2934610
:10A890009C465B46904600220393109B0092013237
:10A8A0009146BB469A464846069B43445A0062443A
:10A8B0005108494201400298052801D800F01CFCCB
:10A8C000002900D1C4E05846108008005246571AAB
:10A8D0000022C918BFB249007E08614495000132C8
:10A8E0004C5195B2B542F9D33A0049468A43801893
:10A8F00080B2974228D061465D46C2185200555238
:10A90000421C92B292451FD9D21852005552821C55
:10A9100092B2924518D9D21852005552C21C92B226
:10A92000924511D9D21852005552021D92B2924549
:10A930000AD9D2180530520080B25552824503D947
:10A94000C01863464000C552009B5A1C4346F03372
:10A950009BB292B29846924500D197E00092A2E74E
:10A96000021E6EDB844B92461868002398464346CD
:10A9700099B28C468946099B4D0063449BB21A01EB
:10A98000ADB2D21A5B1B9BB21E01F61A089B3601B0
:10A990004B449BB299465D1B330012014E46019118
:10A9A000944641469946ADB20095099B89B25A1822
:10A9B00092B213019B1A1B019C1964002752009C40
:10A9C000A3465B445B001F52089B5C1A6346A4B21B
:10A9D0001B195B001F524B461B195B001F524B009B
:10A9E0009BB2D21A92B21501AA1A009D12015519F2
:10A9F000921952006D002F5217524A461B199BB2F2
:10AA00009A180131634452005B0009B217521F5279
:10AA10005145CADD0A9B002B00DA70E352464346DB
:10AA20009B1A0A9A9B000A329B181BB20A93534640
:10AA3000013B1BB29A46019B01331BB298469A45D3
:10AA400095DA13B0F0BCBB46B246A946A046F0BDAD
:10AA500000203BE74F4663460A9A002A00DA5BE390
:10AA600011990F9A521A0A9992000A31521812B289
:10AA70000A920D9A013A11B20E9A1191013212B254
:10AA80000F929142DDDB8AB20D92DDE603995F46BB
:10AA90008B460E996346480081B201980591411A90
:10AAA000081C89B2EF2900D9EF200B99B846401A4B
:10AAB00081B2079100219C468A4691460121079A5E
:10AAC0005A445300634458084042084002990529FB
:10AAD00000D80FE300284CD04146050019804B46B2
:10AAE00000211F1A8018BFB240007B0860448E000E
:10AAF000013184518EB2B342F9D83B0001218B431E
:10AB00005D19ADB2BB4228D061464046AB185B0030
:10AB100058526B1C9BB299451FD99B185B00585229
:10AB2000AB1C9BB2994518D99B185B005852EB1C83
:10AB30009BB2994511D99B185B0058522B1D9BB2B3
:10AB400099450AD99B1805355B00ADB25852A94505
:10AB500003D96346AD186D00E8525A465346F032A9
:10AB600092B29346009A01339BB2924506D09A4620
:10AB7000A4E70025B3E7C046E42800200E9863460A
:10AB8000844609990D98614489B203910899474612
:10AB9000081A011C80B24A46EF2800D9EF21039D14
:10ABA00089B2281CEF2D00D9EF200B9D80B2491BE4
:10ABB00089B20191411BF020414389B28A46049138
:10ABC0000021B8468B469C4691460121019A524489
:10ABD000530063445808404208400299052900D8B0
:10ABE00086E200284CD04146050019804B460021E2
:10ABF0001F1A8018BFB240007B0860448E000131EC
:10AC000084518EB2B342F9D83B0001218B435D19C8
:10AC1000ADB2BB4228D061464046AB185B005852EB
:10AC20006B1C9BB299451FD99B185B005852AB1CFB
:10AC30009BB2994518D99B185B005852EB1C9BB2EC
:10AC4000994511D99B185B0058522B1D9BB2994511
:10AC50000AD99B1805355B00ADB25852A94503D9F6
:10AC60006346AD186D00E85252465B46F03292B230
:10AC70009246009A01339BB2934503D09B46A4E7CA
:10AC80000025B3E7039905984746081A011C80B2CE
:10AC900063464A46EF2800D9EF210B9889B2091A7A
:10ACA000F020414389B28A4605910021B8468B467F
:10ACB0009C4691460121019A52445300634458082E
:10ACC000404208400299052900D80FE200284CD0E4
:10ACD0004146050019804B4600211F1A8018BFB25B
:10ACE00040007B0860448E00013184518EB2B34233
:10ACF000F9D83B0001218B435D19ADB2BB4228D08E
:10AD000061464046AB185B0058526B1C9BB299459C
:10AD10001FD99B185B005852AB1C9BB2994518D9A0
:10AD20009B185B005852EB1C9BB2994511D99B189C
:10AD30005B0058522B1D9BB299450AD99B180535CB
:10AD40005B00ADB25852A94503D96346AD186D00FA
:10AD5000E85252465B46F03292B29246009A013374
:10AD60009BB2934503D09B46A4E70025B3E709991E
:10AD70000D984746081A011C80B263464A46EF28E0
:10AD800000D9EF210B9889B2091AF020414389B20A
:10AD90008A46039100218B466946B9469C469046F7
:10ADA0004A864146079A01235244002901D06B4646
:10ADB0005B8E01219BB201935300634458084042CB
:10ADC00008404146062900D88EE100284CD049466B
:10ADD000050019800021019B1F1A8018BFB2400096
:10ADE0007B0860448E00013184518EB29E42F9D3BB
:10ADF0003B0001218B435D19ADB2BB4228D06146B7
:10AE00004846AB185B0058526B1C9BB298451FD943
:10AE10009B185B005852AB1C9BB2984518D99B18E5
:10AE20005B005852EB1C9BB2984511D99B185B00F4
:10AE300058522B1D9BB298450AD99B1805355B00CB
:10AE4000ADB25852A84503D96346AD186D00E8521B
:10AE500052465B46F03292B29246009A01339BB260
:10AE6000934503D09B469CE70025B3E700218A4623
:10AE700001310791069B039A9B465A445300634451
:10AE800007995808404208404146062900D829E160
:10AE900000284CD04946050019800021019B1F1A4B
:10AEA0008018BFB240007B0860448E00013184519D
:10AEB0008EB29E42F9D33B0007998B435D19ADB228
:10AEC000BB4228D061464846AB185B0058526B1C09
:10AED0009BB298451FD99B185B005852AB1C9BB284
:10AEE000984518D99B185B005852EB1C9BB29845AB
:10AEF00011D99B185B0058522B1D9BB298450AD95B
:10AF00009B1805355B00ADB25852A84503D963467E
:10AF1000AD186D00E8525346039A0133F03292B2F5
:10AF20000392009A9BB2924503D09A46A2E700256D
:10AF3000B3E70898634684460D994F466144081C60
:10AF400089B24246EF2900D9EF200B99B946401A41
:10AF500081B28B4600219C4690468A46013103917E
:10AF6000059A03995A4453006344580840420840E4
:10AF70004146062900D8B3E000284CD049460500D8
:10AF800019800021019B1F1A8018BFB240007B0866
:10AF900060448E00013184518EB2B342F9D83B0037
:10AFA00003998B435D19ADB2BB4228D06146484638
:10AFB000AB185B0058526B1C9BB298451FD99B186D
:10AFC0005B005852AB1C9BB2984518D99B185B008C
:10AFD0005852EB1C9BB2984511D99B185B005852F4
:10AFE0002B1D9BB298450AD99B1805355B00ADB265
:10AFF0005852A84503D96346AD186D00E852534630
:10B00000059A0133F03292B20592009A9BB29245B2
:10B0100003D09A46A4E70025B3E700218A46013110
:10B020000391049B03995B445A00624450084042D8
:10B0300008404146062951D900284DD0494605000F
:10B0400011800021019A171AC018BFB240007A0877
:10B0500060448E00013184518EB2B242F9D83A0078
:10B0600003998A435519ADB2BA4228D06146484681
:10B07000EA18520050526A1C92B242451FD2D218AE
:10B0800052005052AA1C92B2904518D9D2185200C0
:10B090005052EA1C92B2424511D2D218520050527C
:10B0A0002A1D92B290450AD9D21805355200ADB288
:10B0B0005052A84503D9ED1863466D00E852534637
:10B0C000049A0133F03292B20492009A9BB29245F4
:10B0D00000D1BFE49A46A4E70025B2E70025C5E702
:10B0E000002563E70025EDE6002588E6002507E654
:10B0F000002590E5002507E50020FFF7FCFB0199FE
:10B1000006338A009B181BB20A934B1C1BB298464D
:10B11000534500DC2BE494E40E980632810052186B
:10B1200012B20A921199421C12B20F928A4201DCA9
:10B13000FFF78AFB85E4C046F0B506000C00501E00
:10B1400005A90F78C0B2002A1BD00E4A7D1E1168D7
:10B15000EDB2002F15D02C192201141B2401241844
:10B16000A41942006400891A64182A0041000919D0
:10B17000013A0B80D2B2E139FF39FF2AF8D1013808
:10B18000F3D2F0BDE4280020F0B54E464546DE4639
:10B190005746E0B585B098460EAB1C78561E029413
:10B1A000F6B2002A75D03F4B1B689C46631EDBB28B
:10B1B0009A46231E6DD06246023A019201228919F5
:10B1C0000C01641A2401241800924246A146023B55
:10B1D0001504DBB2D144154303934B465A00019B3F
:10B1E00000999B185B080B405146052958D95146D8
:10B1F000002B03D06146404688520399029AD71A21
:10B200004A460133D31A0022FFB25B007808634438
:10B210000132D2B21D60043B9042F9D13B00009A4A
:10B220009343C91AC9B29F422AD0624640460B19BD
:10B230005B0098524B1EDBB2002921D06046474686
:10B240001A19520017528A1ED2B2002B18D01319A5
:10B250005B001F52CB1EDBB2002A11D01A1952001C
:10B2600017520A1FD2B2002B0AD013195B000539FE
:10B270001F52C9B2002A03D0634609194900CF52B0
:10B28000F0235B429B46013EF6B2F03CD944FF2ED0
:10B29000A3D105B0F0BCBB46B246A946A046F0BD5E
:10B2A0005146C2E7E4280020F0B545464E46DE464A
:10B2B0005746E0B589B09C4612AB0D00198813AB18
:10B2C0001C78131ADBB25E1E069249BAF2B290469F
:10B2D000019489B2002B32D09F4B1B689946631EA4
:10B2E000DBB2002C2BD05C1917002201121B1201BB
:10B2F000121856004E441A007C00A419013A21800D
:10B30000D2B2E13CFF3CFF2AF8D1013FF3D26246C2
:10B310004646019C121BD2B2D2181701BF1A3F0138
:10B320003F187F004F441A007400E419013A21804D
:10B33000D2B2E13CFF3CFF2AF8D1013EF3D2634692
:10B340005B1BDBB25A1ED2B29446002B00D1F8E050
:10B35000814B019A1C68531EDBB29946131E00D123
:10B36000EFE02A0062441601B61A3601023B361895
:10B37000DBB20F04B34605936346A0468A460792A4
:10B380000F43A21E31006446CB44029203935B46F6
:10B3900001205A00029B9B185B0803404846052881
:10B3A00000D8D7E04846002B03D04046554685528A
:10B3B0000598019AD61A5A460133D31A00225B0027
:10B3C00043440493039BF6B29C46049B75080132E8
:10B3D000D2B21F60043B9542F9D163460122039328
:10B3E00033009343C01AC0B29E422AD0424655460B
:10B3F00043185B009D52431EDBB2002821D0454616
:10B4000056465A1852005653821ED2B2002B18D0FC
:10B4100053185B005E53C31EDBB2002A11D05A18CA
:10B4200052005653021FD2B2002B0AD053185B00B1
:10B4300005385E53C0B2002A03D04346401840008E
:10B44000C652F0235B429C46013CE4B2F039E3442F
:10B45000FF2C9CD1039B019A9C46079B44461E01EE
:10B46000F61A069B36019B1ADBB2F61801230393EA
:10B47000931EDBB2514604932300B24664468846CD
:10B480009C460F04CA440F4353465A00029B03993B
:10B490009B185B080B404946052959D94846002BA3
:10B4A00003D04046614688520498019AD11A524608
:10B4B0000133DBB2D31A0022C9B25B004D086344EA
:10B4C0000132D2B21F60043BAA42F9D10B00039AA9
:10B4D0009343C01AC0B28B422AD0624641468319B8
:10B4E0005B009952431EDBB2002821D061464546DD
:10B4F0009A1952005552821ED2B2002B18D09319BD
:10B500005B005D52C31EDBB2002A11D09A195200B3
:10B510005552021FD2B2002B0AD093195B00053896
:10B520005D52C0B2002A03D0634680194000C55264
:10B53000F0235B429B46013CE4B2F03EDA44FF2C30
:10B54000A2D109B0F0BCBB46B246A946A046F0BDA8
:10B550004846C2E7484649E7E4280020802370B502
:10B56000DB00040082B008009C421BDB114B9C46B0
:10B57000644424B2F8F734FE0F4BA400E158061CD3
:10B58000F8F7EFFDF8F74EFE0C4B05B2E158301C12
:10B59000F8F7E7FDF8F746FE00042D04000C2843F9
:10B5A00002B070BD002CE5DA8023DB009C466444C9
:10B5B00024B2DFE700FCFFFF3C7B00203C6B002057
:10B5C000F0B54646D6464F46C0B58846364A802135
:10B5D00084B0102860D0302857D0002852D04901BC
:10B5E00011804146202211438846012B03D1424657
:10B5F0007F331A4390466B464246DA7203239A46DB
:10B60000002305259946294F294E03AC5346237044
:10B61000434663704B463978220000933000022382
:10B62000013DFDF7F3FA002DF0D13B78220098465A
:10B6300006232370053B414600933000FDF7E6FAF0
:10B640000B2201234146009530006A44FDF7E8FAD9
:10B650006B46DD72062399460023984605354B4616
:10B660002380434639782200009330000223013DB5
:10B67000FDF7CCFA002DF2D104B0E0BCBA46B146D9
:10B68000A846F0BDC9011180AFE70901118041460C
:10B69000302211438846A8E78901118041461022D3
:10B6A00011438846A1E7C046728B00206911002033
:10B6B00060110020F0B54646D6464F46C0B58846D4
:10B6C00084B0302800D187E060D8102800D18BE00A
:10B6D000202854D18021494A490011804146202226
:10B6E00011438846012B03D142467F331A439046CB
:10B6F0006B464246DA7204239A4600230525994692
:10B700003F4F404E03AC53462370434663704B4655
:10B7100039782200009330000223013DFDF776FACC
:10B72000002DF0D13B782200984606232370053B7C
:10B73000414600933000FDF769FA0B220123414690
:10B74000009530006A44FDF76BFA6B46DD72062304
:10B7500099460023984605354B4623804346397861
:10B760002200009330000223013DFDF74FFA002D27
:10B77000F2D104B0E0BCBA46B146A846F0BD0028FC
:10B780001AD180211D4AC9001180ABE760281BD067
:10B79000702807D10821194A1180414670221143AF
:10B7A00088469FE7502807D12021144A118041463E
:10B7B00050221143884695E74021104A11804146A6
:10B7C0004022114388468DE710210C4A11804146E2
:10B7D00060221143884685E78021084A118041464E
:10B7E0003022114388467DE78021044A8900118078
:10B7F000414610221143884674E7C046748B0020EE
:10B800006911002060110020AF4BF0B54E469946FB
:10B81000B02345465746DE465B00E0B59846052610
:10B82000002789B0A94D07AC4B4619784346220042
:10B830002380280002230097013EFDF7E7F9002E40
:10B84000F2D102ABA24A9C469E7306AB1A800393C8
:10B8500000230D279A4601339B4667443E706A36A3
:10B860004B461E700523B0461E00534623705B46B0
:10B8700022004146009328000123FDF7C7F95346F3
:10B880003A000093414601232800FDF7C9F93B78AF
:10B89000052B0FD0013E002E03D04B461B78984657
:10B8A000E3E702A912228C46039B6244013303930F
:10B8B0009A4222D14B461E78012322002370310088
:10B8C00000932800FDF7A2F902A98C4600230E225E
:10B8D00000933100013328006244FDF7A1F93B7861
:10B8E000052B0CD07B48FAF707FB002009B0F0BC11
:10B8F000BB46B246A946A046F0BD1E78B0E7764BDF
:10B900000526984600274B46197843462200238097
:10B91000280002230097013EFDF778F9002EF2D1AE
:10B920006E4E6F4B012233606E4B032173602020FB
:10B930000023FFF745FE33789A0700D5A1E05B07A7
:10B9400000D5A8E0C2239B000526984600274B4659
:10B950001978434622002380280002230097013EE5
:10B96000FDF754F9002EF2D102AB9C464B461B78F2
:10B970000F279A46022367442370013B5146220059
:10B980003E70280000939846FDF740F95146012388
:10B990003A0028000096FDF743F94B461B78220039
:10B9A0009A46032323704346514600932800FDF72F
:10B9B0002DF9514601233A0028000096FDF730F991
:10B9C0004B461B7822009A46042323704346514677
:10B9D00000932800FDF71AF9514601233A00280088
:10B9E0000096FDF71DF94B461B7822009A46052369
:10B9F00023704346514600932800FDF707F951464E
:10BA000001233A0028000096FDF70AF94B461B78FF
:10BA100022009A460623237043465146009328008D
:10BA2000FDF7F4F8514601233A0028000096FDF78F
:10BA3000F7F84B461B7822009A46072323704346AB
:10BA4000514600932800FDF7E1F801233A005146E2
:10BA500028000096FDF7E4F84B461B782200994633
:10BA6000082323704346494600932800FDF7CEF88B
:10BA700001233A00494628000096FDF7D1F801203D
:10BA800034E7002301223179F078FFF713FE337891
:10BA90005B0700D456E7B379F77905261F430523E2
:10BAA0009A46002398464B461978534623704346DE
:10BAB00067702200009328000223013EFDF7A6F8DC
:10BAC000002EF0D13EE7C046691100206011002031
:10BAD0006A6B0000345E041002600000541D0020F8
:10BAE000032003100807030010B5034B010018687A
:10BAF00000F00EF810BDC0466C11002010B5034BCD
:10BB00000100186800F064FB10BDC0466C110020F5
:10BB1000F0B54E464546DE465746E0B50D000B35BE
:10BB2000060083B0162D22D8102900D9B2E000F00B
:10BB3000B1FA102518230220CC4FFB181A005C68BC
:10BB4000083A944200D1B5E0032362689A43130097
:10BB5000E268A168CA6091600122E3185968300068
:10BB60000A435A6000F09EFA2000083095E007234F
:10BB70009D4300D58EE0A94200D98BE000F08AFAFF
:10BB8000FC235B009D4200D2A7E1680A00D18BE054
:10BB9000042800D97AE138239846A809804439302E
:10BBA000C100B24F79184C680839A1420ED0032366
:10BBB0009C4604E0002ACBDAE468A14206D0624643
:10BBC000636893435A1B0F2AF4DD40463A003C69F0
:10BBD0000832944200D178E0032361689943894692
:10BBE0000B00491B0F2900DD7BE17A613A610029D6
:10BBF000B2DA80229200914500D30FE15909DA08A8
:10BC000001238B40D2007968D2190B4391687B6085
:10BC1000E260A1609460CC60012182109140994261
:10BC200059D80B4205D103229043490004300B42FE
:10BC3000FBD003239846C3009946B944CC468246BC
:10BC40006346DC68A44507D12CE1002A00DB35E11E
:10BC5000E468A44500D125E14246636893435A1B3A
:10BC60000F2AF2DD01208046611905436560A06856
:10BC7000E5680837C560A86040461043F960B960C0
:10BC80004860CF6030008F60E25000F00BFA200077
:10BC9000083002E00C230020336003B0F0BCBB4648
:10BCA000B246A946A046F0BD80213F2340209846D9
:10BCB000890076E7DC680230A34200D044E73A000E
:10BCC0003C690832944200D086E701217B688210EB
:10BCD00091409942A5D90323BC6862689A43914672
:10BCE000954203D8531B0F2B00DD89E023004B4402
:10BCF0005F4A01935F4B93461B681268EB18013251
:10BD000000D13DE15C4A944663441B0B1B03009346
:10BD10003000009900F0CEF903008046013300D1D5
:10BD2000FAE0019B834200D9F4E0544B00981A00DA
:10BD30009A46126803009446514663440B60019989
:10BD40001A00414500D151E15B461B68013300D127
:10BD500056E1434601995B1A9A1853461A60072325
:10BD6000424641461A400192194200D112E108238D
:10BD70009846881A424B0099804441449B1A5B1AAA
:10BD80001B051B0D0091300019009B4600F092F935
:10BD9000431C00D150E14346C01A03005B440093AA
:10BDA000534652461B6801215B441360424640469D
:10BDB000BA60009A0A434260BC4200D124E14A467C
:10BDC0000F2A00D822E107200C3A82436068014024
:10BDD000052011436160A118486088600F2A00D9CE
:10BDE00035E142464446526826490868984200D2E6
:10BDF0000B6025490868984200D38FE00B608DE006
:10BE00000122290013431143651961603000BD60B0
:10BE10006B6000F047F9200008303EE75A0A042A18
:10BE200072D9142A00D9C5E011005C325B31D2000E
:10BE300008235B429C46BA18944463469A680323DD
:10BE40009846944500D19EE0434651689943494540
:10BE500002D992689445F7D1D3689C467B686146C5
:10BE6000A260E1608C60D460D6E6C04698150020E0
:10BE7000A0190020981D00200F100000681D002050
:10BE800008100000901D0020941D0020142852D995
:10BE9000542800D996E06E239846280B80446F30D2
:10BEA000C1007EE608239B46073BDC449B46DA4400
:10BEB00043465246134200D0C2E64CE00122E3184A
:10BEC000596830000A435A60E368A268D3609A60F8
:10BED00000F0E8F820000830DFE62B00E80808331F
:10BEE0002AE6012360191D43656078613861C260EC
:10BEF00082601A004B460A4342603000E15000F075
:10BF0000D1F820000830C8E69A09110039323831DA
:10BF1000D2008DE7BC4260D0BC68626803239A43BC
:10BF2000531B954202D80F2B00DD69E7300000F06B
:10BF3000B9F80020B1E65B23984680445C30C1002C
:10BF40002FE608235B429C46E1444B469B68013840
:10BF50004B4500D098E043460342F2D17B688B43C7
:10BF60007B604900994200D9B5E6002904D1B2E6C8
:10BF7000042294464900E2440B42F9D050465AE666
:10BF800010330093C4E68910023B8B4079680B4361
:10BF90007B6064E7009B300043445B421B051B0D44
:10BFA00019009B4600F086F8431C00D0F3E60023FE
:10BFB0009B46F5E6542A2BD81A0B11006F326E31CE
:10BFC000D20035E7AA235B0098422BD8DD3B984688
:10BFD000E80B80447830C100E3E52C4B009A9A4688
:10BFE0001B689C46534662441A60ADE6090500D0C2
:10BFF000AAE60200BC684A4401310A436260F3E6E3
:10C000005B4642461A60AAE64446EDE641608DE78B
:10C01000AA2149008A4224D8DA0B110078327731FC
:10C02000D20005E71A4B984224D87C239846A80CE6
:10C0300080447D30C100B4E5009A019B944642469D
:10C04000083B63449B1A009300239B46A8E621000B
:10C050003000083100F0BCF85346BC681B686268C9
:10C06000C2E60B498A420BD89A0C11007D327C3112
:10C07000D200DDE6FE217E237F209846890090E5F0
:10C08000FE227E219200D3E67B686AE7681D0020CD
:10C090005405000010B5024800F07CF910BDC04600
:10C0A000641D002010B5024800F076F910BDC046AE
:10C0B000641D0020002370B5064D040008002B60AD
:10C0C000F9F76AFD431C00D070BD2B68002BFBD034
:10C0D0002360F9E7D424002010B583070AD00300B9
:10C0E000032102E001330B4205D01A78002AF9D16E
:10C0F000181A10BD030019680C4A0D4C8A188A439F
:10C1000022420FD15968094A04338A188A432242CD
:10C1100008D15968054A04338A188A432242F1D06B
:10C1200000E001331A78002AFBD1E1E7FFFEFEFEB2
:10C1300080808080F8B50C000500FFF7ABFF204F32
:10C14000BB685E6803239E431E4B341B9C466444BD
:10C15000240B013C113324039C4207DB00212800FF
:10C16000FFF7A8FFBB689B19984204D02800FFF78F
:10C1700099FF0020F8BD28006142FFF79BFF431C98
:10C180000DD00122BB68361B16435E600E4B2800A3
:10C190001A68141B1C60FFF785FF0120EAE70021E5
:10C1A0002800FFF787FFBA68831A0F2BDEDD0749E7
:10C1B0000968401A0449086001210B435360D5E720
:10C1C00098150020EF0F0000681D0020A019002026
:10C1D000F0B5C64605000C0000B500294FD0FFF7AA
:10C1E00059FF210008394C68012622000320B24380
:10C1F0008F187B688343624898468368BB426AD045
:10C2000043467B6026421ED108239C460C6884442A
:10C21000091B12198C6864454FD0CB68E3609C60A1
:10C220004346FC186468344211D1BB68554C424403
:10C23000A34200D17EE0FC68DC60A36001231343CD
:10C240004B608A5006E0FC1864683442EDD0164317
:10C250004E603A6080239B009A4213D25409D3085F
:10C260000122A2404468DB00224342601818836820
:10C27000C8608B608160D9602800FFF713FF80BC25
:10C28000B846F0BD530A042B3ED894092600393431
:10C290003836E40004192368083C03279C4242D046
:10C2A0005868B843904202D99B689C42F8D1DC6838
:10C2B000CC608B60A160D960DEE74346F818406827
:10C2C000304257D1FB68B86842441643C360986057
:10C2D0004E608A50D0E713004344264206D10A68D4
:10C2E000891A8C689B18CA68E260946001221A431C
:10C2F0004A60254A816012689A42BDD8234B2800C3
:10C300001968FFF717FFB7E7142B07D9542B1AD872
:10C31000140B26006F346E36E400BBE71E005C335E
:10C320005B36DC00B6E70122B610B2404668324305
:10C330004260BDE7D9609960CB608B6001231343F5
:10C340004B608A5098E7AA246400A34205D8D40B16
:10C35000260078347736E4009CE70D4CA34205D8DC
:10C36000940C26007D347C36E40093E7FE247E2680
:10C37000A4008FE7330013434B603A607CE7C0466C
:10C3800098150020A0150020A4190020981D002059
:10C39000540500007047C0467047C046F8B5C04617
:10C3A00001B40248844601BC604700BF810C0020F4
:10C3B00001B40248844601BC604700BF310300203D
:10C3C00001B40248844601BC604700BF410200201E
:10C3D00001B40248844601BC604700BFF90F002049
:10C3E00001B40248844601BC604700BF0504002038
:10C3F00001B40248844601BC604700BFF90F002029
:10C4000001B40248844601BC604700BFD10000204F
:10C4100001B40248844601BC604700BFB10100205E
:10C4200001B40248844601BC604700BFAD0F002044
:10C4300001B40248844601BC604700BF15010020DA
:10C4400001B40248844601BC604700BF110D0020C2
:10C4500001B40248844601BC604700BFB50C00200F
:10C4600001B40248844601BC604700BFC10C0020F3
:10C4700001B40248844601BC604700BF590C00204B
:10C48000B5310010E1310010DD33001079450010A6
:10C49000993A0010FD42001005330010FD310010E4
:10C4A0001D320010313200103124001039320010DA
:10C4B000112800107D310010B11E0010DD65001044
:08C4C000B1020010A58C001070
:10C4C8005B25735D2064656D6F206275696C643AE5
:10C4D80020746865206E6565646C65207377656592
:10C4E80070732C207468652073656E736F72206991
:10C4F800732069676E6F7265640A00005B25735D5F
:10C5080020414C53207261773D25752025756D5665
:10C5180020257525252020205331207261773D255F
:10C52800752025756D5620257525250A0000000003
:10C538002E00000040000000202000000A4932437D
:10C5480020427573205363616E2000002020203044
:10C558002020312020322020332020342020352074
:10C568002036202037202038202039202041202044
:10C57800422020432020442020452020460000005F
:10C58800253032782000000062303D3D3021000027
:10C598000000000000000000000000000000000093
:10C5A8000000000000000000000000000000000083
:10C5B80000000C000C000C000C000C000C000C001F
:10C5C8000C0000000C00000000000000000000004B
:10C5D800000000001DC01DC0088008800880000001
:10C5E8000000000000000000000000000000000043
:10C5F80000000D800D800D800D803FC01B003FC0E6
:10C608001B001B001B001B000000000000000000B6
:10C6180004001F803180318038001E000F00038025
:10C62800318031803F000400040000000000000059
:10C63800000018002400240018C007801E00318064
:10C6480002400240018000000000000000000000DD
:10C65800000000000F001800180018000C001D80D2
:10C66800370033001D8000000000000000000000BB
:10C67800000000000700070002000200020000009E
:10C6880000000000000000000000000000000000A2
:10C6980000000300030006000E000C000C000C0054
:10C6A8000C000E000600030003000000000000005C
:10C6B8000000180018000C0006000600060006001E
:10C6C800060006000C001C00180000000000000016
:10C6D8000000060006003FC03FC00F001F80198001
:10C6E8000000000000000000000000000000000042
:10C6F8000000000000000400040004003F80040063
:10C708000400040000000000000000000000000019
:10C718000000000000000000000000000000000011
:10C728000000060004000C000800080000000000DB
:10C738000000000000000000000000003F80000032
:10C7480000000000000000000000000000000000E1
:10C7580000000000000000000000000000000000D1
:10C7680000000C000C0000000000000000000000A9
:10C7780000C000C0018001800300030006000C0017
:10C788000C00180018003000300000000000000005
:10C7980000000E001B0031803180318031803180F3
:10C7A80031801B000E0000000000000000000000A7
:10C7B800000006003E00060006000600060006000F
:10C7C800060006003FC00000000000000000000056
:10C7D80000000F00198031803180030006000C0032
:10C7E800180030003F80000000000000000000003A
:10C7F80000003F006180018003001F00038001806A
:10C80800018061803F00000000000000000000007F
:10C818000000070007000F000B001B001300330087
:10C828003F8003000F8000000000000000000000AF
:10C8380000001F801800180018001F0011800180D8
:10C84800018021801F00000000000000000000009F
:10C85800000007801C001800300037003980318044
:10C86800318019800F000000000000000000000067
:10C8780000007F00430003000600060006000600D3
:10C888000C000C000C00000000000000000000007C
:10C8980000001F003180318031801F0031803180DD
:10C8A800318031801F0000000000000000000000FF
:10C8B80000001E0033003180318033801D800180EC
:10C8C800030007003C00000000000000000000001A
:10C8D80000000000000000000C000C000000000038
:10C8E80000000C000C000000000000000000000028
:10C8F800000000000000000003000300000000002A
:10C908000000060004000800080000000000000005
:10C918000000000000C003000400180060001800B8
:10C928000400030000C00000000000000000000038
:10C93800000000000000000000007FC000007FC071
:10C9480000000000000000000000000000000000DF
:10C9580000000000600018000400030000C003008D
:10C968000400180060000000000000000000000043
:10C97800000000001F0031803180018007000C009A
:10C988000C0000000C000000000000000000000087
:10C9980000000E00110021002100270029002900B5
:10C9A8002700200011000E00000000000000000019
:10C9B800000000003F000F000900198019801F8047
:10C9C80030C030C079E00000000000000000000026
:10C9D800000000007F003180318031803F003180CD
:10C9E800318031807F00000000000000000000005E
:10C9F800000000001F4030C0604060006000600020
:10CA0800604030801F0000000000000000000000AF
:10CA1800000000007F00318030C030C030C030C01E
:10CA280030C031807F0000000000000000000000DE
:10CA3800000000007F803080308032003E003200ED
:10CA4800308030807F80000000000000000000007F
:10CA5800000000007FC03040304032003E0032000D
:10CA6800300030007C0000000000000000000000E2
:10CA7800000000001E80318060806000600067C098
:10CA8800618031801F0000000000000000000000ED
:10CA9800000000007BC03180318031803F803180D0
:10CAA800318031807BC000000000000000000000E1
:10CAB800000000003FC00600060006000600060051
:10CAC800060006003FC00000000000000000000053
:10CAD800000000001FC00300030003000300630000
:10CAE800630063003E00000000000000000000003A
:10CAF800000000007BC03180330036003C003E005F
:10CB08003300318079C00000000000000000000000
:10CB1800000000007E0018001800180018001840D7
:10CB2800184018407FC0000000000000000000000E
:10CB380000000000E0E060C071C07BC06AC06EC049
:10CB480064C060C0FBE000000000000000000000BE
:10CB58000000000073C0318039803D803580378007
:10CB68003380318079800000000000000000000060
:10CB7800000000001F00318060C060C060C060C05D
:10CB880060C031801F0000000000000000000000AD
:10CB9800000000007F0031803180318031803F000B
:10CBA800300030007E00000000000000000000009F
:10CBB800000000001F00318060C060C060C060C01D
:10CBC80060C031801F000CC01F8000000000000002
:10CBD800000000007F003180318031803E0033004A
:10CBE800318031807CE0000000000000000000007F
:10CBF800000000001F803180318038001F00038052
:10CC0800318031803F00000000000000000000007B
:10CC1800000000007F804C804C804C800C000C0091
:10CC28000C000C003F0000000000000000000000A5
:10CC3800000000007BC0318031803180318031803C
:10CC4800318031801F00000000000000000000005B
:10CC5800000000007BC0318031801B001B001B00DE
:10CC68000A000E000E000000000000000000000096
:10CC780000000000FBE060C064C06EC06EC02A8087
:10CC88003B803B8031800000000000000000000075
:10CC9800000000007BC031801B000E000E000E005B
:10CCA8001B0031807BC00000000000000000000075
:10CCB8000000000079E030C019800F00060006006F
:10CCC800060006001F8000000000000000000000B1
:10CCD800000000003F8021802300060004000C00B3
:10CCE800188030803F800000000000000000000035
:10CCF8000000078006000600060006000600060081
:10CD0800060006000600060007800000000000007C
:10CD180030003000180018000C000C00060003005A
:10CD280003000180018000C000C000000000000076
:10CD380000001E00060006000600060006000600A9
:10CD480006000600060006001E00000000000000A5
:10CD580004000A000A001100208020800000000062
:10CD680000000000000000000000000000000000BB
:10CD780000000000000000000000000000000000AB
:10CD88000000000000000000000000000000FFE0BC
:10CD9800080004000200000000000000000000007D
:10CDA800000000000000000000000000000000007B
:10CDB80000000000000000001F00018001801F80AB
:10CDC800318033801DC0000000000000000000001A
:10CDD80000007000300030003700398030C030C0AB
:10CDE80030C039807700000000000000000000001B
:10CDF80000000000000000001E803180608060009C
:10CE0800608031801F00000000000000000000006A
:10CE180000000380018001801D8033806180618073
:10CE2800618033801DC00000000000000000000089
:10CE380000000000000000001F00318060C07FC0BB
:10CE4800600030C01F8000000000000000000000EB
:10CE5800000007E00C000C003F800C000C000C00E8
:10CE68000C000C003F8000000000000000000000E3
:10CE780000000000000000001DC033806180618058
:10CE8800618033801D80018001801F000000000048
:10CE98000000700030003000370039803180318068
:10CEA800318031807BC000000000000000000000DD
:10CEB80000000600060000001E000600060006002E
:10CEC800060006003FC0000000000000000000004F
:10CED80000000600060000003F00030003000300F6
:10CEE800030003000300030003003E0000000000ED
:10CEF8000000700030003000378036003C003C00F5
:10CF08003600330077C00000000000000000000079
:10CF180000001E00060006000600060006000600C7
:10CF2800060006003FC000000000000000000000EE
:10CF380000000000000000007F8036C036C036C008
:10CF480036C036C076E00000000000000000000097
:10CF58000000000000000000770039803180318037
:10CF6800318031807BC0000000000000000000001C
:10CF780000000000000000001F00318060C060C099
:10CF880060C031801F0000000000000000000000A9
:10CF980000000000000000007700398030C030C079
:10CFA80030C039803700300030007C0000000000BD
:10CFB80000000000000000001DC033806180618017
:10CFC800618033801D800180018007C0000000005F
:10CFD80000000000000000007B801CC01800180042
:10CFE800180018007F00000000000000000000008A
:10CFF80000000000000000001F8031803C001F007E
:10D00800038031803F0000000000000000000000A5
:10D0180000001800180018007F00180018001800F9
:10D02800180018800F000000000000000000000039
:10D0380000000000000000007380318031803180E2
:10D04800318033801DC00000000000000000000097
:10D0580000000000000000007BC0318031801B0010
:10D068001B000E000E000000000000000000000081
:10D078000000000000000000F1E060C064C06EC065
:10D088003B803B8031800000000000000000000071
:10D0980000000000000000007BC01B000E000E0016
:10D0A8000E001B007BC00000000000000000000014
:10D0B800000000000000000079E030C019801980ED
:10D0C8000B000F00060006000C003E0000000000E8
:10D0D80000000000000000003F80218003000E00D7
:10D0E800180030803F8000000000000000000000B1
:10D0F800000006000C000C000C000C000C001800CE
:10D108000C000C000C000C000600000000000000E1
:10D1180000000600060006000600060006000600DD
:10D1280006000600060006000600000000000000D9
:10D1380000000C00060006000600060006000300BA
:10D1480006000600060006000C00000000000000B3
:10D158000000000000000000000018002480030008
:10D1680000000000000000000000000000000000B7
:10D178007800C3004F494C5F5000000000000000D9
:10D188000000000000000000000000000000000097
:10D198000000000000000000000000000000000087
:10D1A8000000000000000000000000000000000077
:10D1B8000000000000000000000000000000000067
:10D1C8000000000000000000000000000000000057
:10D1D8000000000000000000000000000000000047
:10D1E8000000000000000000000000000000000037
:10D1F8000000000000000000000000000000000027
:10D208000000000000000000000000000000000016
:10D218000000000000000000000000000000000006
:10D2280000000000000000000000000000000000F6
:10D2380000000000000000000000000000000000E6
:10D24800000000000000000000000000000008418D
:10D2580018C32124316631A639E742284A6952AAFF
:10D268005ACB5ACB630C630C630C6B2D6B2D630C80
:10D27800630C630C5ACB5ACB52AA4A69422839E745
:10D2880031A63166212418C30841000000000000BF
:10D298000000000000000000000000000000000086
:10D2A8000000000000000000000000000000000076
:10D2B8000000000000000000000000000000000066
:10D2C8000000000000000000000000000000000056
:10D2D8000000000000000000000000000000000046
:10D2E8000000000000000000000000000000000036
:10D2F8000000000000000000000000000000000026
:10D308000000000000000000000000000000000015
:10D318000000000000000000000000000000000005
:10D3280000000000000000000000000000000000F5
:10D3380000000000000000000000000000000000E5
:10D3480000000000000000000000000000000000D5
:10D3580000000000000000000000000000000000C5
:10D3680000000000000000000000000000000000B5
:10D3780000000000000000000000000000000000A5
:10D388000000000000000000000000000000000095
:10D398000000000000000000000000000000000085
:10D3A8000000000000000000000000000000000075
:10D3B8000000000000000000000000000000000065
:10D3C8000000000000000000000000000000000055
:10D3D8000000000000000000000000000000000045
:10D3E8000000000000000000000000000000000035
:10D3F8000000000000000000000000000000000025
:10D408000000000000000000000000000000000014
:10D418000000000000000000000000000000000004
:10D42800082118C3294539E74A695ACB632C6B2D63
:10D438006B2D6B2D6B2D6B2D6B2D6B2D6B2D6B2D24
:10D448006B2D6B2D6B2D6B2D6B2D6B2D6B2D6B2D14
:10D458006B2D6B2D6B2D6B2D6B2D6B2D6B2D6B2D04
:10D468006B2D6B2D6B2D6B2D6B2D632C5AAB4A4995
:10D4780039E7294518C30821000000000000000012
:10D488000000000000000000000000000000000094
:10D498000000000000000000000000000000000084
:10D4A8000000000000000000000000000000000074
:10D4B8000000000000000000000000000000000064
:10D4C8000000000000000000000000000000000054
:10D4D8000000000000000000000000000000000044
:10D4E8000000000000000000000000000000000034
:10D4F8000000000000000000000000000000000024
:10D508000000000000000000000000000000000013
:10D518000000000000000000000000000000000003
:10D5280000000000000000000000000000000000F3
:10D5380000000000000000000000000000000000E3
:10D5480000000000000000000000000000000000D3
:10D5580000000000000000000000000000000000C3
:10D5680000000000000000000000000000000000B3
:10D5780000000000000000000000000000000000A3
:10D588000000000000000000000000000000000093
:10D598000000000000000000000000000000000083
:10D5A8000000000000000000000000000000000073
:10D5B8000000000000000000000000000000000063
:10D5C8000000000000000000000000000000000053
:10D5D8000000000000000000000000000000000043
:10D5E8000000000000000000000000000000000033
:10D5F800000000000000082118E331A64A495ACB70
:10D608006B2D6B2D6B2D6B2D6B2D6B2D6B2D6B2D52
:10D618006B2D6B2D6B2D6B2D6B2D6B2D6B2D6B2D42
:10D628006B2D6B2D6B2D6B2D6B2D6B2D6B2D6B2D32
:10D638006B2D6B2D6B2D6B2D6B2D6B2D6B2D6B2D22
:10D648006B2D6B2D6B2D6B2D6B2D6B2D6B2D6B2D12
:10D658006B2D6B2D6B2D6B2D5ACB4A4931A618E3D8
:10D668000821000000000000000000000000000089
:10D6780000000000000000000000000000000000A2
:10D688000000000000000000000000000000000092
:10D698000000000000000000000000000000000082
:10D6A8000000000000000000000000000000000072
:10D6B8000000000000000000000000000000000062
:10D6C8000000000000000000000000000000000052
:10D6D8000000000000000000000000000000000042
:10D6E8000000000000000000000000000000000032
:10D6F8000000000000000000000000000000000022
:10D708000000000000000000000000000000000011
:10D718000000000000000000000000000000000001
:10D7280000000000000000000000000000000000F1
:10D7380000000000000000000000000000000000E1
:10D7480000000000000000000000000000000000D1
:10D7580000000000000000000000000000000000C1
:10D7680000000000000000000000000000000000B1
:10D7780000000000000000000000000000000000A1
:10D788000000000000000000000000000000000091
:10D798000000000000000000000000000000000081
:10D7A8000000000000000000000000000000000071
:10D7B8000000000000000000000000000000000061
:10D7C8000000000000000000000000000000084108
:10D7D800212439E752AA632C6B2D6B2D6B2D6B2DF1
:10D7E8006B2D6B2D6B2D6B2D6B2D6B2D6B2D6B2D71
:10D7F8006B2D6B2D6B2D6B2D6B2D6B2D6B2D6B2D61
:10D808006B2D6B2D6B2D6B2D6B2D6B2D6B2D6B2D50
:10D818006B2D6B2D6B2D6B2D6B2D6B2D6B2D6B2D40
:10D828006B2D6B2D6B2D6B2D6B2D6B2D6B2D6B2D30
:10D838006B2D6B2D6B2D6B2D6B2D6B2D6B2D6B2D20
:10D84800632C52AA39E72124084100000000000097
:10D8580000000000000000000000000000000000C0
:10D8680000000000000000000000000000000000B0
:10D8780000000000000000000000000000000000A0
:10D888000000000000000000000000000000000090
:10D898000000000000000000000000000000000080
:10D8A8000000000000000000000000000000000070
:10D8B8000000000000000000000000000000000060
:10D8C8000000000000000000000000000000000050
:10D8D8000000000000000000000000000000000040
:10D8E8000000000000000000000000000000000030
:10D8F8000000000000000000000000000000000020
:10D90800000000000000000000000000000000000F
:10D9180000000000000000000000000000000000FF
:10D9280000000000000000000000000000000000EF
:10D9380000000000000000000000000000000000DF
:10D9480000000000000000000000000000000000CF
:10D9580000000000000000000000000000000000BF
:10D9680000000000000000000000000000000000AF
:10D97800000000000000000000000000000000009F
:10D98800000000000000000000000000000000008F
:10D99800000000000000000000000000000000007F
:10D9A800000000000000000018A33186528A632C92
:10D9B8006B2D6B2D6B2D6B2D6B2D6B2D6B2D6B2D9F
:10D9C8006B2D6B2D6B2D6B2D6B2D6B2D6B2D6B2D8F
:10D9D8006B2D6B2D6B2D6B2D6B2D6B2D6B2D6B2D7F
:10D9E8006B2D6B2D6B2D6B2D6B2D6B2D6B2D6B2D6F
:10D9F8006B2D6B2D6B2D6B2D6B2D6B2D6B2D6B2D5F
:10DA08006B2D6B2D6B2D6B2D6B2D6B2D6B2D6B2D4E
:10DA18006B2D6B2D6B2D6B2D6B2D6B2D6B2D6B2D3E
:10DA28006B2D6B2D6B2D6B2D6B2D52AA39C718E3FF
:10DA380000000000000000000000000000000000DE
:10DA480000000000000000000000000000000000CE
:10DA580000000000000000000000000000000000BE
:10DA680000000000000000000000000000000000AE
:10DA7800000000000000000000000000000000009E
:10DA8800000000000000000000000000000000008E
:10DA9800000000000000000000000000000000007E
:10DAA800000000000000000000000000000000006E
:10DAB800000000000000000000000000000000005E
:10DAC800000000000000000000000000000000004E
:10DAD800000000000000000000000000000000003E
:10DAE800000000000000000000000000000000002E
:10DAF800000000000000000000000000000000001E
:10DB0800000000000000000000000000000000000D
:10DB180000000000000000000000000000000000FD
:10DB280000000000000000000000000000000000ED
:10DB380000000000000000000000000000000000DD
:10DB480000000000000000000000000000000000CD
:10DB580000000000000000000000000000000000BD
:10DB680000000000000000000000000000000000AD
:10DB7800000000000000000000000000000000009D
:10DB8800002021244228630C6B2D6B2D6B2D6B2DEF
:10DB98006B2D6B2D6B2D6B2D6B2D6B2D6B2D6B2DBD
:10DBA8006B2D6B2D6B2D6B2D6B2D6B2D6B2D6B2DAD
:10DBB8006B2D6B2D6B2D6B2D6B2D6B2D6B2D6B2D9D
:10DBC8006B2D6B2D6B2D6B2D6B2D6B2D6B2D6B2D8D
:10DBD8006B2D6B2D6B2D6B2D6B2D6B2D6B2D6B2D7D
:10DBE8006B2D6B2D6B2D6B2D6B2D6B2D6B2D6B2D6D
:10DBF8006B2D6B2D6B2D6B2D6B2D6B2D6B2D6B2D5D
:10DC08006B2D6B2D6B2D6B2D6B2D6B2D6B2D6B2D4C
:10DC1800630C4228212400200000000000000000BE
:10DC280000000000000000000000000000000000EC
:10DC380000000000000000000000000000000000DC
:10DC480000000000000000000000000000000000CC
:10DC580000000000000000000000000000000000BC
:10DC680000000000000000000000000000000000AC
:10DC7800000000000000000000000000000000009C
:10DC8800000000000000000000000000000000008C
:10DC9800000000000000000000000000000000007C
:10DCA800000000000000000000000000000000006C
:10DCB800000000000000000000000000000000005C
:10DCC800000000000000000000000000000000004C
:10DCD800000000000000000000000000000000003C
:10DCE800000000000000000000000000000000002C
:10DCF800000000000000000000000000000000001C
:10DD0800000000000000000000000000000000000B
:10DD180000000000000000000000000000000000FB
:10DD280000000000000000000000000000000000EB
:10DD380000000000000000000000000000000000DB
:10DD480000000000000000000000000000000000CB
:10DD5800000000000000000000000020210442082C
:10DD6800630C6B2D6B2D6B2D6B2D6B2D6B2D6B2D14
:10DD78006B2D6B2D6B2D6B2D6B2D6B2D6B2D6B2DDB
:10DD88006B2D6B2D6B2D6B2D6B2D6B2D6B2D6B2DCB
:10DD98006B2D6B2D6B2D6B2D6B2D6B2D6B2D6B2DBB
:10DDA8006B2D6B2D6B2D6B2D6B2D6B2D6B2D6B2DAB
:10DDB8006B2D6B2D6B2D6B2D6B2D6B2D6B2D6B2D9B
:10DDC8006B2D6B2D6B2D6B2D6B2D6B2D6B2D6B2D8B
:10DDD8006B2D6B2D6B2D6B2D6B2D6B2D6B2D6B2D7B
:10DDE8006B2D6B2D6B2D6B2D6B2D6B2D6B2D6B2D6B
:10DDF8006B2D6B2D6B2D630C4A49292500200000E3
:10DE0800000000000000000000000000000000000A
:10DE180000000000000000000000000000000000FA
:10DE280000000000000000000000000000000000EA
:10DE380000000000000000000000000000000000DA
:10DE480000000000000000000000000000000000CA
:10DE580000000000000000000000000000000000BA
:10DE680000000000000000000000000000000000AA
:10DE7800000000000000000000000000000000009A
:10DE8800000000000000000000000000000000008A
:10DE9800000000000000000000000000000000007A
:10DEA800000000000000000000000000000000006A
:10DEB800000000000000000000000000000000005A
:10DEC800000000000000000000000000000000004A
:10DED800000000000000000000000000000000003A
:10DEE800000000000000000000000000000000002A
:10DEF800000000000000000000000000000000001A
:10DF08000000000000000000000000000000000009
:10DF180000000000000000000000000000000000F9
:10DF280000000000000000000000000000000000E9
:10DF380000000000000018C34208630C6B2D6B2D15
:10DF48006B2D6B2D6B2D6B2D6B2D6B2D6B2D6B2D09
:10DF58006B2D6B2D6B2D6B2D6B2D6B2D6B2D6B2DF9
:10DF68006B2D6B2D6B2D6B2D6B2D6B2D6B2D6B2DE9
:10DF78006B2D6B2D6B2D6B2D6B2D6B2D6B2D6B2DD9
:10DF88006B2D6B2D6B2D6B2D6B2D6B2D6B2D6B2DC9
:10DF98006B2D6B2D6B2D6B2D6B2D6B2D6B2D6B2DB9
:10DFA8006B2D6B2D6B2D6B2D6B2D6B2D6B2D6B2DA9
:10DFB8006B2D6B2D6B2D6B2D6B2D6B2D6B2D6B2D99
:10DFC8006B2D6B2D6B2D6B2D6B2D6B2D6B2D6B2D89
:10DFD8006B2D6B2D6B2D6B2D6B2D6B2D630C4208F0
:10DFE80018C300000000000000000000000000004E
:10DFF8000000000000000000000000000000000019
:10E008000000000000000000000000000000000008
:10E0180000000000000000000000000000000000F8
:10E0280000000000000000000000000000000000E8
:10E0380000000000000000000000000000000000D8
:10E0480000000000000000000000000000000000C8
:10E0580000000000000000000000000000000000B8
:10E0680000000000000000000000000000000000A8
:10E078000000000000000000000000000000000098
:10E088000000000000000000000000000000000088
:10E098000000000000000000000000000000000078
:10E0A8000000000000000000000000000000000068
:10E0B8000000000000000000000000000000000058
:10E0C8000000000000000000000000000000000048
:10E0D8000000000000000000000000000000000038
:10E0E8000000000000000000000000000000000028
:10E0F8000000000000000000000000000000000018
:10E108000000000000000000000000000000000007
:10E118000821294552AA6B2D6B2D6B2D6B2D6B2D6C
:10E128006B2D6B2D6B2D6B2D6B2D6B2D6B2D6B2D27
:10E138006B2D6B2D6B2D6B2D6B2D6B2D6B2D6B2D17
:10E148006B2D6B2D6B2D6B2D6B2D6B2D6B2D6B2D07
:10E158006B2D6B2D6B2D6B2D6B2D6B2D6B2D6B2DF7
:10E168006B2D6B2D6B2D6B2D6B2D6B2D6B2D6B2DE7
:10E178006B2D6B2D6B2D6B2D6B2D6B2D6B2D6B2DD7
:10E188006B2D6B2D6B2D6B2D6B2D6B2D6B2D6B2DC7
:10E198006B2D6B2D6B2D6B2D6B2D6B2D6B2D6B2DB7
:10E1A8006B2D6B2D6B2D6B2D6B2D6B2D6B2D6B2DA7
:10E1B8006B2D6B2D6B2D6B2D6B2D6B2D6B2D6B2D97
:10E1C8006B2D5AAB318608410000000000000000AA
:10E1D8000000000000000000000000000000000037
:10E1E8000000000000000000000000000000000027
:10E1F8000000000000000000000000000000000017
:10E208000000000000000000000000000000000006
:10E2180000000000000000000000000000000000F6
:10E2280000000000000000000000000000000000E6
:10E2380000000000000000000000000000000000D6
:10E2480000000000000000000000000000000000C6
:10E2580000000000000000000000000000000000B6
:10E2680000000000000000000000000000000000A6
:10E278000000000000000000000000000000000096
:10E288000000000000000000000000000000000086
:10E298000000000000000000000000000000000076
:10E2A8000000000000000000000000000000000066
:10E2B8000000000000000000000000000000000056
:10E2C8000000000000000000000000000000000046
:10E2D8000000000000000000000000000000000036
:10E2E80000000000000000000000000018C34228E1
:10E2F800632C6B2D6B2D6B2D6B2D6B2D6B2D6B2D5F
:10E308006B2D6B2D6B2D6B2D6B2D6B2D6B2D6B2D45
:10E318006B2D6B2D6B2D6B2D6B2D6B2D6B2D6B2D35
:10E328006B2D6B2D6B2D6B2D6B2D6B2D6B2D6B2D25
:10E338006B2D6B2D6B2D6B2D6B2D6B2D6B2D6B2D15
:10E348006B2D6B2D6B2D6B2D6B2D6B2D6B2D6B2D05
:10E358006B2D6B2D6B2D6B2D6B2D6B2D6B2D6B2DF5
:10E368006B2D6B2D6B2D6B2D6B2D6B2D6B2D6B2DE5
:10E378006B2D6B2D6B2D6B2D6B2D6B2D6B2D6B2DD5
:10E388006B2D6B2D6B2D6B2D6B2D6B2D6B2D6B2DC5
:10E398006B2D6B2D6B2D6B2D6B2D6B2D6B2D6B2DB5
:10E3A8006B2D6B2D6B2D632C422818A300000000E9
:10E3B8000000000000000000000000000000000055
:10E3C8000000000000000000000000000000000045
:10E3D8000000000000000000000000000000000035
:10E3E8000000000000000000000000000000000025
:10E3F8000000000000000000000000000000000015
:10E408000000000000000000000000000000000004
:10E4180000000000000000000000000000000000F4
:10E4280000000000000000000000000000000000E4
:10E4380000000000000000000000000000000000D4
:10E4480000000000000000000000000000000000C4
:10E4580000000000000000000000000000000000B4
:10E4680000000000000000000000000000000000A4
:10E478000000000000000000000000000000000094
:10E488000000000000000000000000000000000084
:10E498000000000000000000000000000000000074
:10E4A8000000000000000000000000000000000064
:10E4B8000000000000000000000000000000000054
:10E4C800000000000000000021044A696B2D6B2D3C
:10E4D8006B2D6B2D6B2D6B2D6B2D6B2D6B2D6B2D74
:10E4E8006B2D6B2D6B2D6B2D6B2D6B2D6B2D6B2D64
:10E4F8006B2D6B2D6B2D6B2D6B2D6B2D6B2D6B2D54
:10E508006B2D6B2D6B2D6B2D6B2D6B2D6B2D6B2D43
:10E518006B2D6B2D6B2D6B2D6B2D6B2D6B2D6B2D33
:10E528006B2D6B2D6B2D6B2D6B2D6B2D6B2D6B2D23
:10E538006B2D6B2D6B2D6B2D6B2D6B2D6B2D6B2D13
:10E548006B2D6B2D6B2D6B2D6B2D6B2D6B2D6B2D03
:10E558006B2D6B2D6B2D6B2D6B2D6B2D6B2D6B2DF3
:10E568006B2D6B2D6B2D6B2D6B2D6B2D6B2D6B2DE3
:10E578006B2D6B2D6B2D6B2D6B2D6B2D6B2D6B2DD3
:10E588006B2D6B2D6B2D6B2D6B2D6B2D528A2925C9
:10E598000000000000000000000000000000000073
:10E5A8000000000000000000000000000000000063
:10E5B8000000000000000000000000000000000053
:10E5C8000000000000000000000000000000000043
:10E5D8000000000000000000000000000000000033
:10E5E8000000000000000000000000000000000023
:10E5F8000000000000000000000000000000000013
:10E608000000000000000000000000000000000002
:10E6180000000000000000000000000000000000F2
:10E6280000000000000000000000000000000000E2
:10E6380000000000000000000000000000000000D2
:10E6480000000000000000000000000000000000C2
:10E6580000000000000000000000000000000000B2
:10E6680000000000000000000000000000000000A2
:10E678000000000000000000000000000000000092
:10E688000000000000000000000000000000000082
:10E698000000000000000000000000000000000072
:10E6A8000000002029655ACB6B2D6B2D6B2D6B2D2F
:10E6B8006B2D6B2D6B2D6B2D6B2D6B2D6B2D6B2D92
:10E6C8006B2D6B2D6B2D6B2D6B2D6B2D6B2D6B2D82
:10E6D8006B2D6B2D6B2D6B2D6B2D6B2D6B2D6B2D72
:10E6E8006B2D6B2D6B2D6B2D6B2D6B2D6B2D6B2D62
:10E6F8006B2D6B2D6B2D6B2D6B2D6B2D6B2D6B2D52
:10E708006B2D6B2D6B2D6B2D6B2D6B2D6B2D6B2D41
:10E718006B2D6B2D6B2D6B2D6B2D6B2D6B2D6B2D31
:10E728006B2D6B2D6B2D6B2D6B2D6B2D6B2D6B2D21
:10E738006B2D6B2D6B2D6B2D6B2D6B2D6B2D6B2D11
:10E748006B2D6B2D6B2D6B2D6B2D6B2D6B2D6B2D01
:10E758006B2D6B2D6B2D6B2D6B2D6B2D6B2D6B2DF1
:10E768006B2D6B2D6B2D6B2D6B2D6B2D6B2D6B2DE1
:10E778005ACB2945002000000000000000000000DE
:10E788000000000000000000000000000000000081
:10E798000000000000000000000000000000000071
:10E7A8000000000000000000000000000000000061
:10E7B8000000000000000000000000000000000051
:10E7C8000000000000000000000000000000000041
:10E7D8000000000000000000000000000000000031
:10E7E8000000000000000000000000000000000021
:10E7F8000000000000000000000000000000000011
:10E808000000000000000000000000000000000000
:10E8180000000000000000000000000000000000F0
:10E8280000000000000000000000000000000000E0
:10E8380000000000000000000000000000000000D0
:10E8480000000000000000000000000000000000C0
:10E8580000000000000000000000000000000000B0
:10E8680000000000000000000000000000000000A0
:10E878000000000000000000000000000000000090
:10E8880029455AEB6B2D6B2D6B2D6B2D6B2D6B2D3D
:10E898006B2D6B2D6B2D6B2D6B2D6B2D6B2D6B2DB0
:10E8A8006B2D6B2D6B2D6B2D6B2D6B2D6B2D6B2DA0
:10E8B8006B2D6B2D6B2D6B2D6B2D6B2D6B2D6B2D90
:10E8C8006B2D6B2D6B2D6B2D6B2D6B2D6B2D6B2D80
:10E8D8006B2D6B2D6B2D6B2D6B2D6B2D6B2D6B2D70
:10E8E8006B2D6B2D6B2D6B2D6B2D6B2D6B2D6B2D60
:10E8F8006B2D6B2D6B2D6B2D6B2D6B2D6B2D6B2D50
:10E908006B2D6B2D6B2D6B2D6B2D6B2D6B2D6B2D3F
:10E918006B2D6B2D6B2D6B2D6B2D6B2D6B2D6B2D2F
:10E928006B2D6B2D6B2D6B2D6B2D6B2D6B2D6B2D1F
:10E938006B2D6B2D6B2D6B2D6B2D6B2D6B2D6B2D0F
:10E948006B2D6B2D6B2D6B2D6B2D6B2D6B2D6B2DFF
:10E958006B2D6B2D5AEB3186002000000000000063
:10E96800000000000000000000000000000000009F
:10E97800000000000000000000000000000000008F
:10E98800000000000000000000000000000000007F
:10E99800000000000000000000000000000000006F
:10E9A800000000000000000000000000000000005F
:10E9B800000000000000000000000000000000004F
:10E9C800000000000000000000000000000000003F
:10E9D800000000000000000000000000000000002F
:10E9E800000000000000000000000000000000001F
:10E9F800000000000000000000000000000000000F
:10EA080000000000000000000000000000000000FE
:10EA180000000000000000000000000000000000EE
:10EA280000000000000000000000000000000000DE
:10EA380000000000000000000000000000000000CE
:10EA480000000000000000000000000000000000BE
:10EA580000000000000000000000000029255ACB3B
:10EA68006B2D6B2D6B2D6B2D6B2D6B2D6B2D6B2DDE
:10EA78006B2D6B2D6B2D6B2D6B2D6B2D6B2D6B2DCE
:10EA88006B2D6B2D6B2D6B2D6B2D6B2D6B2D6B2DBE
:10EA98006B2D6B2D6B2D6B2D6B2D6B2D6B2D6B2DAE
:10EAA8006B2D6B2D6B2D6B2D6B2D6B2D6B2D6B2D9E
:10EAB8006B2D6B2D6B2D6B2D6B2D6B2D6B2D6B2D8E
:10EAC8006B2D6B2D6B2D6B2D6B2D6B2D6B2D6B2D7E
:10EAD8006B2D6B2D6B2D6B2D6B2D6B2D6B2D6B2D6E
:10EAE8006B2D6B2D6B2D6B2D6B2D6B2D6B2D6B2D5E
:10EAF8006B2D6B2D6B2D6B2D6B2D6B2D6B2D6B2D4E
:10EB08006B2D6B2D6B2D6B2D6B2D6B2D6B2D6B2D3D
:10EB18006B2D6B2D6B2D6B2D6B2D6B2D6B2D6B2D2D
:10EB28006B2D6B2D6B2D6B2D6B2D6B2D6B2D6B2D1D
:10EB38006B2D6B2D6B2D6B2D5ACB2965002000009A
:10EB480000000000000000000000000000000000BD
:10EB580000000000000000000000000000000000AD
:10EB6800000000000000000000000000000000009D
:10EB7800000000000000000000000000000000008D
:10EB8800000000000000000000000000000000007D
:10EB9800000000000000000000000000000000006D
:10EBA800000000000000000000000000000000005D
:10EBB800000000000000000000000000000000004D
:10EBC800000000000000000000000000000000003D
:10EBD800000000000000000000000000000000002D
:10EBE800000000000000000000000000000000001D
:10EBF800000000000000000000000000000000000D
:10EC080000000000000000000000000000000000FC
:10EC180000000000000000000000000000000000EC
:10EC280000000000000000000000000000000000DC
:10EC3800000000000000000021245ACB6B2D6B2D32
:10EC48006B2D6B2D6B2D6B2D6B2D6B2D6B2D6B2DFC
:10EC58006B2D6B2D6B2D6B2D6B2D6B2D6B2D6B2DEC
:10EC68006B2D6B2D6B2D6B2D6B2D6B2D6B2D6B2DDC
:10EC78006B2D6B2D6B2D6B2D6B2D6B2D6B2D6B2DCC
:10EC88006B2D6B2D6B2D6B2D6B2D6B2D6B2D6B2DBC
:10EC98006B2D6B2D6B2D6B2D6B2D6B2D6B2D6B2DAC
:10ECA8006B2D6B2D6B2D6B2D6B2D6B2D6B2D6B2D9C
:10ECB8006B2D6B2D6B2D6B2D6B2D6B2D6B2D6B2D8C
:10ECC8006B2D6B2D6B2D6B2D6B2D6B2D6B2D6B2D7C
:10ECD8006B2D6B2D6B2D6B2D6B2D6B2D6B2D6B2D6C
:10ECE8006B2D6B2D6B2D6B2D6B2D6B2D6B2D6B2D5C
:10ECF8006B2D6B2D6B2D6B2D6B2D6B2D6B2D6B2D4C
:10ED08006B2D6B2D6B2D6B2D6B2D6B2D6B2D6B2D3B
:10ED18006B2D6B2D6B2D6B2D6B2D6B2D5ACB2124F1
:10ED280000000000000000000000000000000000DB
:10ED380000000000000000000000000000000000CB
:10ED480000000000000000000000000000000000BB
:10ED580000000000000000000000000000000000AB
:10ED6800000000000000000000000000000000009B
:10ED7800000000000000000000000000000000008B
:10ED8800000000000000000000000000000000007B
:10ED9800000000000000000000000000000000006B
:10EDA800000000000000000000000000000000005B
:10EDB800000000000000000000000000000000004B
:10EDC800000000000000000000000000000000003B
:10EDD800000000000000000000000000000000002B
:10EDE800000000000000000000000000000000001B
:10EDF800000000000000000000000000000000000B
:10EE080000000000000000000000000000000000FA
:10EE18000000000018A3528A6B2D6B2D6B2D6B2DF3
:10EE28006B2D6B2D6B2D6B2D6B2D6B2D6B2D6B2D1A
:10EE38006B2D6B2D6B2D6B2D6B2D6B2D6B2D6B2D0A
:10EE48006B2D6B2D6B2D6B2D6B2D6B2D6B2D6B2DFA
:10EE58006B2D6B2D6B2D6B2D6B2D6B2D6B2D6B2DEA
:10EE68006B2D6B2D6B2D6B2D6B2D6B2D6B2D6B2DDA
:10EE78006B2D6B2D6B2D6B2D6B2D6B2D6B2D6B2DCA
:10EE88006B2D6B2D6B2D6B2D6B2D6B2D6B2D6B2DBA
:10EE98006B2D6B2D6B2D6B2D6B2D6B2D6B2D6B2DAA
:10EEA8006B2D6B2D6B2D6B2D6B2D6B2D6B2D6B2D9A
:10EEB8006B2D6B2D6B2D6B2D6B2D6B2D6B2D6B2D8A
:10EEC8006B2D6B2D6B2D6B2D6B2D6B2D6B2D6B2D7A
:10EED8006B2D6B2D6B2D6B2D6B2D6B2D6B2D6B2D6A
:10EEE8006B2D6B2D6B2D6B2D6B2D6B2D6B2D6B2D5A
:10EEF8006B2D6B2D6B2D6B2D6B2D6B2D6B2D6B2D4A
:10EF0800528A18C300000000000000000000000042
:10EF180000000000000000000000000000000000E9
:10EF280000000000000000000000000000000000D9
:10EF380000000000000000000000000000000000C9
:10EF480000000000000000000000000000000000B9
:10EF580000000000000000000000000000000000A9
:10EF68000000000000000000000000000000000099
:10EF78000000000000000000000000000000000089
:10EF88000000000000000000000000000000000079
:10EF98000000000000000000000000000000000069
:10EFA8000000000000000000000000000000000059
:10EFB8000000000000000000000000000000000049
:10EFC8000000000000000000000000000000000039
:10EFD8000000000000000000000000000000000029
:10EFE8000000000000000000000000000000000019
:10EFF800084141E8632C6B2D6B2D6B2D6B2D6B2D10
:10F008006B2D6B2D6B2D6B2D6B2D6B2D6B2D6B2D38
:10F018006B2D6B2D6B2D6B2D6B2D6B2D6B2D6B2D28
:10F028006B2D6B2D6B2D6B2D6B2D6B2D6B2D6B2D18
:10F038006B2D6B2D6B2D6B2D6B2D6B2D6B2D6B2D08
:10F048006B2D6B2D6B2D6B2D6B2D6B2D6B2D6B2DF8
:10F058006B2D6B2D6B2D6B2D6B2D6B2D6B2D6B2DE8
:10F068006B2D6B2D6B2D6B2D6B2D6B2D6B2D6B2DD8
:10F078006B2D6B2D6B2D6B2D6B2D6B2D6B2D6B2DC8
:10F088006B2D6B2D6B2D6B2D6B2D6B2D6B2D6B2DB8
:10F098006B2D6B2D6B2D6B2D6B2D6B2D6B2D6B2DA8
:10F0A8006B2D6B2D6B2D6B2D6B2D6B2D6B2D6B2D98
:10F0B8006B2D6B2D6B2D6B2D6B2D6B2D6B2D6B2D88
:10F0C8006B2D6B2D6B2D6B2D6B2D6B2D6B2D6B2D78
:10F0D8006B2D6B2D6B2D6B2D6B2D6B2D6B2D6B2D68
:10F0E8006B2D6B2D42280861000000000000000015
:10F0F8000000000000000000000000000000000008
:10F1080000000000000000000000000000000000F7
:10F1180000000000000000000000000000000000E7
:10F1280000000000000000000000000000000000D7
:10F1380000000000000000000000000000000000C7
:10F1480000000000000000000000000000000000B7
:10F1580000000000000000000000000000000000A7
:10F168000000000000000000000000000000000097
:10F178000000000000000000000000000000000087
:10F188000000000000000000000000000000000077
:10F198000000000000000000000000000000000067
:10F1A8000000000000000000000000000000000057
:10F1B8000000000000000000000000000000000047
:10F1C8000000000000000000000000000000318680
:10F1D800630C6B2D6B2D6B2D6B2D6B2D6B2D6B2D90
:10F1E8006B2D6B2D6B2D6B2D6B2D6B2D6B2D6B2D57
:10F1F8006B2D6B2D6B2D6B2D6B2D6B2D6B2D6B2D47
:10F208006B2D6B2D6B2D6B2D6B2D6B2D6B2D6B2D36
:10F218006B2D6B2D6B2D6B2D6B2D6B2D6B2D6B2D26
:10F228006B2D6B2D6B2D6B2D6B2D6B2D6B2D6B2D16
:10F238006B2D6B2D6B2D6B2D6B2D6B2D6B2D6B2D06
:10F248006B2D6B2D6B2D6B2D6B2D6B2D6B2D6B2DF6
:10F258006B2D6B2D6B2D6B2D6B2D6B2D6B2D6B2DE6
:10F268006B2D6B2D6B2D6B2D6B2D6B2D6B2D6B2DD6
:10F278006B2D6B2D6B2D6B2D6B2D6B2D6B2D6B2DC6
:10F288006B2D6B2D6B2D6B2D6B2D6B2D6B2D6B2DB6
:10F298006B2D6B2D6B2D6B2D6B2D6B2D6B2D6B2DA6
:10F2A8006B2D6B2D6B2D6B2D6B2D6B2D6B2D6B2D96
:10F2B8006B2D6B2D6B2D6B2D6B2D6B2D6B2D6B2D86
:10F2C8006B2D6B2D6B2D630C316600000000000068
:10F2D8000000000000000000000000000000000026
:10F2E8000000000000000000000000000000000016
:10F2F8000000000000000000000000000000000006
:10F3080000000000000000000000000000000000F5
:10F3180000000000000000000000000000000000E5
:10F3280000000000000000000000000000000000D5
:10F3380000000000000000000000000000000000C5
:10F3480000000000000000000000000000000000B5
:10F3580000000000000000000000000000000000A5
:10F368000000000000000000000000000000000095
:10F378000000000000000000000000000000000085
:10F388000000000000000000000000000000000075
:10F398000000000000000000000000000000000065
:10F3A8000000000000000000000010A2528A6B2D2F
:10F3B8006B2D6B2D6B2D6B2D6B2D6B2D6B2D6B2D85
:10F3C8006B2D6B2D6B2D6B2D6B2D6B2D6B2D6B2D75
:10F3D8006B2D6B2D6B2D6B2D6B2D6B2D6B2D6B2D65
:10F3E8006B2D6B2D6B2D6B2D6B2D6B2D6B2D6B2D55
:10F3F8006B2D6B2D6B2D6B2D6B2D6B2D6B2D6B2D45
:10F408006B2D6B2D6B2D6B2D6B2D6B2D6B2D6B2D34
:10F418006B2D6B2D6B2D6B2D6B2D6B2D6B2D6B2D24
:10F428006B2D6B2D6B2D6B2D6B2D6B2D6B2D6B2D14
:10F438006B2D6B2D6B2D6B2D6B2D6B2D6B2D6B2D04
:10F448006B2D6B2D6B2D6B2D6B2D6B2D6B2D6B2DF4
:10F458006B2D6B2D6B2D6B2D6B2D6B2D6B2D6B2DE4
:10F468006B2D6B2D6B2D6B2D6B2D6B2D6B2D6B2DD4
:10F478006B2D6B2D6B2D6B2D6B2D6B2D6B2D6B2DC4
:10F488006B2D6B2D6B2D6B2D6B2D6B2D6B2D6B2DB4
:10F498006B2D6B2D6B2D6B2D6B2D6B2D6B2D6B2DA4
:10F4A8006B2D6B2D6B2D6B2D6B2D52AA18A30000A5
:10F4B8000000000000000000000000000000000044
:10F4C8000000000000000000000000000000000034
:10F4D8000000000000000000000000000000000024
:10F4E8000000000000000000000000000000000014
:10F4F8000000000000000000000000000000000004
:10F5080000000000000000000000000000000000F3
:10F5180000000000000000000000000000000000E3
:10F5280000000000000000000000000000000000D3
:10F5380000000000000000000000000000000000C3
:10F5480000000000000000000000000000000000B3
:10F5580000000000000000000000000000000000A3
:10F568000000000000000000000000000000000093
:10F578000000000000000000000000000000000083
:10F58800000000000000002031A6632C6B2D6B2DBD
:10F598006B2D6B2D6B2D6B2D6B2D6B2D6B2D6B2DA3
:10F5A8006B2D6B2D6B2D6B2D6B2D6B2D6B2D6B2D93
:10F5B8006B2D6B2D6B2D6B2D6B2D6B2D6B2D6B2D83
:10F5C8006B2D6B2D6B2D6B2D6B2D6B2D6B2D6B2D73
:10F5D8006B2D6B2D6B2D6B2D6B2D6B2D6B2D6B2D63
:10F5E8006B2D6B2D6B2D6B2D6B2D6B2D6B2D6B2D53
:10F5F8006B2D6B2D6B2D6B2D6B2D6B2D6B2D6B2D43
:10F608006B2D6B2D6B2D6B2D6B2D6B2D6B2D6B2D32
:10F618006B2D6B2D6B2D6B2D6B2D6B2D6B2D6B2D22
:10F628006B2D6B2D6B2D6B2D6B2D6B2D6B2D6B2D12
:10F638006B2D6B2D6B2D6B2D6B2D6B2D6B2D6B2D02
:10F648006B2D6B2D6B2D6B2D6B2D6B2D6B2D6B2DF2
:10F658006B2D6B2D6B2D6B2D6B2D6B2D6B2D6B2DE2
:10F668006B2D6B2D6B2D6B2D6B2D6B2D6B2D6B2DD2
:10F678006B2D6B2D6B2D6B2D6B2D6B2D6B2D6B2DC2
:10F688006B2D6B2D6B2D6B2D6B2D6B2D632C39E733
:10F698000020000000000000000000000000000042
:10F6A8000000000000000000000000000000000052
:10F6B8000000000000000000000000000000000042
:10F6C8000000000000000000000000000000000032
:10F6D8000000000000000000000000000000000022
:10F6E8000000000000000000000000000000000012
:10F6F8000000000000000000000000000000000002
:10F7080000000000000000000000000000000000F1
:10F7180000000000000000000000000000000000E1
:10F7280000000000000000000000000000000000D1
:10F7380000000000000000000000000000000000C1
:10F7480000000000000000000000000000000000B1
:10F7580000000000000000000000000000000000A1
:10F768000000000018C35ACB6B2D6B2D6B2D6B2D31
:10F778006B2D6B2D6B2D6B2D6B2D6B2D6B2D6B2DC1
:10F788006B2D6B2D6B2D6B2D6B2D6B2D6B2D6B2DB1
:10F798006B2D6B2D6B2D6B2D6B2D6B2D6B2D6B2DA1
:10F7A8006B2D6B2D6B2D6B2D6B2D6B2D6B2D6B2D91
:10F7B8006B2D6B2D6B2D6B2D6B2D6B2D6B2D6B2D81
:10F7C8006B2D6B2D6B2D6B2D6B2D6B2D6B2D6B2D71
:10F7D8006B2D6B2D6B2D6B2D6B2D6B2D6B2D6B2D61
:10F7E8006B2D6B2D6B2D6B2D6B2D6B2D6B2D6B2D51
:10F7F8006B2D6B2D6B2D6B2D6B2D6B2D6B2D6B2D41
:10F808006B2D6B2D6B2D6B2D6B2D6B2D6B2D6B2D30
:10F818006B2D6B2D6B2D6B2D6B2D6B2D6B2D6B2D20
:10F828006B2D6B2D6B2D6B2D6B2D6B2D6B2D6B2D10
:10F838006B2D6B2D6B2D6B2D6B2D6B2D6B2D6B2D00
:10F848006B2D6B2D6B2D6B2D6B2D6B2D6B2D6B2DF0
:10F858006B2D6B2D6B2D6B2D6B2D6B2D6B2D6B2DE0
:10F868006B2D6B2D6B2D6B2D6B2D6B2D6B2D6B2DD0
:10F878005ACB18C300000000000000000000000080
:10F888000000000000000000000000000000000070
:10F898000000000000000000000000000000000060
:10F8A8000000000000000000000000000000000050
:10F8B8000000000000000000000000000000000040
:10F8C8000000000000000000000000000000000030
:10F8D8000000000000000000000000000000000020
:10F8E8000000000000000000000000000000000010
:10F8F8000000000000000000000000000000000000
:10F9080000000000000000000000000000000000EF
:10F9180000000000000000000000000000000000DF
:10F9280000000000000000000000000000000000CF
:10F9380000000000000000000000000000000000BF
:10F94800000031A6632C6B2D6B2D6B2D6B2D6B2D51
:10F958006B2D6B2D6B2D6B2D6B2D6B2D6B2D6B2DDF
:10F968006B2D6B2D6B2D6B2D6B2D6B2D6B2D6B2DCF
:10F978006B2D6B2D6B2D6B2D6B2D6B2D6B2D6B2DBF
:10F988006B2D6B2D6B2D6B2D6B2D6B2D6B2D6B2DAF
:10F998006B2D6B2D6B2D6B2D6B2D6B2D6B2D6B2D9F
:10F9A8006B2D6B2D6B2D6B2D6B2D6B2D6B2D6B2D8F
:10F9B8006B2D6B2D6B2D6B2D6B2D6B2D6B2D6B2D7F
:10F9C8006B2D6B2D6B2D6B2D6B2D6B2D6B2D6B2D6F
:10F9D8006B2D6B2D6B2D6B2D6B2D6B2D6B2D6B2D5F
:10F9E8006B2D6B2D6B2D6B2D6B2D6B2D6B2D6B2D4F
:10F9F8006B2D6B2D6B2D6B2D6B2D6B2D6B2D6B2D3F
:10FA08006B2D6B2D6B2D6B2D6B2D6B2D6B2D6B2D2E
:10FA18006B2D6B2D6B2D6B2D6B2D6B2D6B2D6B2D1E
:10FA28006B2D6B2D6B2D6B2D6B2D6B2D6B2D6B2D0E
:10FA38006B2D6B2D6B2D6B2D6B2D6B2D6B2D6B2DFE
:10FA48006B2D6B2D6B2D6B2D6B2D6B2D6B2D6B2DEE
:10FA58006B2D632C39C70000000000000000000077
:10FA6800000000000000000000000000000000008E
:10FA7800000000000000000000000000000000007E
:10FA8800000000000000000000000000000000006E
:10FA9800000000000000000000000000000000005E
:10FAA800000000000000000000000000000000004E
:10FAB800000000000000000000000000000000003E
:10FAC800000000000000000000000000000000002E
:10FAD800000000000000000000000000000000001E
:10FAE800000000000000000000000000000000000E
:10FAF80000000000000000000000000000000000FE
:10FB080000000000000000000000000000000000ED
:10FB1800000000000000000000000000000010626B
:10FB2800528A6B2D6B2D6B2D6B2D6B2D6B2D6B2DC9
:10FB38006B2D6B2D6B2D6B2D6B2D6B2D6B2D6B2DFD
:10FB48006B2D6B2D6B2D6B2D6B2D6B2D6B2D6B2DED
:10FB58006B2D6B2D6B2D6B2D6B2D6B2D6B2D6B2DDD
:10FB68006B2D6B2D6B2D6B2D6B2D6B2D6B2D6B2DCD
:10FB78006B2D6B2D6B2D6B2D6B2D6B2D6B2D6B2DBD
:10FB88006B2D6B2D6B2D6B2D6B2D6B2D6B2D6B2DAD
:10FB98006B2D6B2D6B2D6B2D6B2D6B2D6B2D6B2D9D
:10FBA8006B2D6B2D6B2D6B2D6B2D6B2D6B2D6B2D8D
:10FBB8006B2D6B2D6B2D6B2D6B2D6B2D6B2D6B2D7D
:10FBC8006B2D6B2D6B2D6B2D6B2D6B2D6B2D6B2D6D
:10FBD8006B2D6B2D6B2D6B2D6B2D6B2D6B2D6B2D5D
:10FBE8006B2D6B2D6B2D6B2D6B2D6B2D6B2D6B2D4D
:10FBF8006B2D6B2D6B2D6B2D6B2D6B2D6B2D6B2D3D
:10FC08006B2D6B2D6B2D6B2D6B2D6B2D6B2D6B2D2C
:10FC18006B2D6B2D6B2D6B2D6B2D6B2D6B2D6B2D1C
:10FC28006B2D6B2D6B2D6B2D6B2D6B2D6B2D6B2D0C
:10FC38006B2D6B2D6B2D528A108200000000000086
:10FC480000000000000000000000000000000000AC
:10FC5800000000000000000000000000000000009C
:10FC6800000000000000000000000000000000008C
:10FC7800000000000000000000000000000000007C
:10FC8800000000000000000000000000000000006C
:10FC9800000000000000000000000000000000005C
:10FCA800000000000000000000000000000000004C
:10FCB800000000000000000000000000000000003C
:10FCC800000000000000000000000000000000002C
:10FCD800000000000000000000000000000000001C
:10FCE800000000000000000000000000000000000C
:10FCF8000000000000000000000000002945630C1F
:10FD08006B2D6B2D6B2D6B2D6B2D6B2D6B2D6B2D2B
:10FD18006B2D6B2D6B2D6B2D6B2D6B2D6B2D6B2D1B
:10FD28006B2D6B2D6B2D6B2D6B2D6B2D6B2D6B2D0B
:10FD38006B2D6B2D6B2D6B2D6B2D6B2D6B2D6B2DFB
:10FD48006B2D6B2D6B2D6B2D6B2D6B2D6B2D6B2DEB
:10FD58006B2D6B2D6B2D6B2D6B2D6B2D6B2D6B2DDB
:10FD68006B2D6B2D6B2D6B2D6B2D6B2D6B2D6B2DCB
:10FD78006B2D6B2D6B2D6B2D6B2D6B2D6B2D6B2DBB
:10FD88006B2D6B2D6B2D6B2D6B2D6B2D6B2D6B2DAB
:10FD98006B2D6B2D6B2D6B2D6B2D6B2D6B2D6B2D9B
:10FDA8006B2D6B2D6B2D6B2D6B2D6B2D6B2D6B2D8B
:10FDB8006B2D6B2D6B2D6B2D6B2D6B2D6B2D6B2D7B
:10FDC8006B2D6B2D6B2D6B2D6B2D6B2D6B2D6B2D6B
:10FDD8006B2D6B2D6B2D6B2D6B2D6B2D6B2D6B2D5B
:10FDE8006B2D6B2D6B2D6B2D6B2D6B2D6B2D6B2D4B
:10FDF8006B2D6B2D6B2D6B2D6B2D6B2D6B2D6B2D3B
:10FE08006B2D6B2D6B2D6B2D6B2D6B2D6B2D6B2D2A
:10FE18006B2D6B2D6B2D6B2D630C292500000000BD
:10FE280000000000000000000000000000000000CA
:10FE380000000000000000000000000000000000BA
:10FE480000000000000000000000000000000000AA
:10FE5800000000000000000000000000000000009A
:10FE6800000000000000000000000000000000008A
:10FE7800000000000000000000000000000000007A
:10FE8800000000000000000000000000000000006A
:10FE9800000000000000000000000000000000005A
:10FEA800000000000000000000000000000000004A
:10FEB800000000000000000000000000000000003A
:10FEC800000000000000000000000000000000002A
:10FED8000000000000000000002042086B2D6B2D80
:10FEE8006B2D6B2D6B2D6B2D6B2D6B2D6B2D6B2D4A
:10FEF8006B2D6B2D6B2D6B2D6B2D6B2D6B2D6B2D3A
:10FF08006B2D6B2D6B2D6B2D6B2D6B2D6B2D6B2D29
:10FF18006B2D6B2D6B2D6B2D6B2D6B2D6B2D6B2D19
:10FF28006B2D6B2D6B2D6B2D6B2D6B2D6B2D6B2D09
:10FF38006B2D6B2D6B2D6B2D6B2D6B2D6B2D6B2DF9
:10FF48006B2D6B2D6B2D6B2D6B2D6B2D6B2D6B2DE9
:10FF58006B2D6B2D6B2D6B2D6B2D6B2D6B2D6B2DD9
:10FF68006B2D6B2D6B2D6B2D6B2D6B2D6B2D6B2DC9
:10FF78006B2D6B2D6B2D6B2D6B2D6B2D6B2D6B2DB9
:10FF88006B2D6B2D6B2D6B2D6B2D6B2D6B2D6B2DA9
:10FF98006B2D6B2D6B2D6B2D6B2D6B2D6B2D6B2D99
:10FFA8006B2D6B2D6B2D6B2D6B2D6B2D6B2D6B2D89
:10FFB8006B2D6B2D6B2D6B2D6B2D6B2D6B2D6B2D79
:10FFC8006B2D6B2D6B2D6B2D6B2D6B2D6B2D6B2D69
:10FFD8006B2D6B2D6B2D6B2D6B2D6B2D6B2D6B2D59
:10FFE8006B2D6B2D6B2D6B2D6B2D6B2D6B2D6B2D49
:08FFF8006B2D6B2D6B2D6B2DA1
:020000041001E9
:100000006B2D6B2D42080020000000000000000056
:1000100000000000000000000000000000000000E0
:1000200000000000000000000000000000000000D0
:1000300000000000000000000000000000000000C0
:1000400000000000000000000000000000000000B0
:1000500000000000000000000000000000000000A0
:100060000000000000000000000000000000000090
:100070000000000000000000000000000000000080
:100080000000000000000000000000000000000070
:100090000000000000000000000000000000000060
:1000A0000000000000000000000000000000000050
:1000B00000000000000000000000000000000861D7
:1000C000528A6B2D6B2D6B2D6B2D6B2D6B2D6B2D2C
:1000D0006B2D6B2D6B2D6B2D6B2D6B2D6B2D6B2D60
:1000E0006B2D6B2D6B2D6B2D6B2D6B2D6B2D6B2D50
:1000F0006B2D6B2D6B2D6B2D6B2D6B2D6B2D6B2D40
:100100006B2D6B2D6B2D6B2D6B2D6B2D6B2D6B2D2F
:100110006B2D6B2D6B2D6B2D6B2D6B2D6B2D6B2D1F
:100120006B2D6B2D6B2D6B2D6B2D6B2D6B2D6B2D0F
:100130006B2D6B2D6B2D6B2D6B2D6B2D6B2D6B2DFF
:100140006B2D6B2D6B2D6B2D6B2D6B2D6B2D6B2DEF
:100150006B2D6B2D6B2D6B2D6B2D6B2D6B2D6B2DDF
:100160006B2D6B2D6B2D6B2D6B2D6B2D6B2D6B2DCF
:100170006B2D6B2D6B2D6B2D6B2D6B2D6B2D6B2DBF
:100180006B2D6B2D6B2D6B2D6B2D6B2D6B2D6B2DAF
:100190006B2D6B2D6B2D6B2D6B2D6B2D6B2D6B2D9F
:1001A0006B2D6B2D6B2D6B2D6B2D6B2D6B2D6B2D8F
:1001B0006B2D6B2D6B2D6B2D6B2D6B2D6B2D6B2D7F
:1001C0006B2D6B2D6B2D6B2D6B2D6B2D6B2D6B2D6F
:1001D0006B2D6B2D6B2D6B2D6B2D6B2D6B2D6B2D5F
:1001E0006B2D6B2D6B2D52AA1062000000000000D9
:1001F00000000000000000000000000000000000FF
:1002000000000000000000000000000000000000EE
:1002100000000000000000000000000000000000DE
:1002200000000000000000000000000000000000CE
:1002300000000000000000000000000000000000BE
:1002400000000000000000000000000000000000AE
:10025000000000000000000000000000000000009E
:10026000000000000000000000000000000000008E
:10027000000000000000000000000000000000007E
:10028000000000000000000000000000000000006E
:1002900000000000000000000000000018C35AEB3E
:1002A0006B2D6B2D6B2D6B2D6B2D6B2D6B2D6B2D8E
:1002B0006B2D6B2D6B2D6B2D6B2D6B2D6B2D6B2D7E
:1002C0006B2D6B2D6B2D6B2D6B2D6B2D6B2D6B2D6E
:1002D0006B2D6B2D6B2D6B2D6B2D6B2D6B2D6B2D5E
:1002E0006B2D6B2D6B2D6B2D6B2D6B2D6B2D6B2D4E
:1002F0006B2D6B2D6B2D6B2D6B2D6B2D6B2D6B2D3E
:100300006B2D6B2D6B2D6B2D6B2D6B2D6B2D6B2D2D
:100310006B2D6B2D6B2D6B2D6B2D6B2D6B2D6B2D1D
:100320006B2D6B2D6B2D6B2D6B2D6B2D6B2D6B2D0D
:100330006B2D6B2D6B2D6B2D6B2D6B2D6B2D6B2DFD
:100340006B2D6B2D6B2D6B2D6B2D6B2D6B2D6B2DED
:100350006B2D6B2D6B2D6B2D6B2D6B2D6B2D6B2DDD
:100360006B2D6B2D6B2D6B2D6B2D6B2D6B2D6B2DCD
:100370006B2D6B2D6B2D6B2D6B2D6B2D6B2D6B2DBD
:100380006B2D6B2D6B2D6B2D6B2D6B2D6B2D6B2DAD
:100390006B2D6B2D6B2D6B2D6B2D6B2D6B2D6B2D9D
:1003A0006B2D6B2D6B2D6B2D6B2D6B2D6B2D6B2D8D
:1003B0006B2D6B2D6B2D6B2D6B2D6B2D6B2D6B2D7D
:1003C0006B2D6B2D6B2D6B2D62EC18E30000000084
:1003D000000000000000000000000000000000001D
:1003E000000000000000000000000000000000000D
:1003F00000000000000000000000000000000000FD
:1004000000000000000000000000000000000000EC
:1004100000000000000000000000000000000000DC
:1004200000000000000000000000000000000000CC
:1004300000000000000000000000000000000000BC
:1004400000000000000000000000000000000000AC
:10045000000000000000000000000000000000009C
:10046000000000000000000000000000000000008C
:10047000000000000000000000003186632C6B2D9E
:100480006B2D6B2D6B2D6B2D6B2D6B2D6B2D6B2DAC
:100490006B2D6B2D6B2D6B2D6B2D6B2D6B2D6B2D9C
:1004A0006B2D6B2D6B2D6B2D6B2D6B2D6B2D6B2D8C
:1004B0006B2D6B2D6B2D6B2D6B2D6B2D6B2D6B2D7C
:1004C0006B2D6B2D6B2D6B2D6B2D6B2D6B2D6B2D6C
:1004D0006B2D6B2D6B2D6B2D6B2D6B2D6B2D6B2D5C
:1004E0006B2D6B2D6B2D6B2D6B2D6B2D6B2D6B2D4C
:1004F0006B2D6B2D6B2D6B2D6B2D6B2D6B2D6B2D3C
:100500006B2D6B2D6B2D6B2D6B2D6B2D6B2D6B2D2B
:100510006B2D6B2D6B2D6B2D6B2D6B2D6B2D6B2D1B
:100520006B2D6B2D6B2D6B2D6B2D6B2D6B2D6B2D0B
:100530006B2D6B2D6B2D6B2D6B2D6B2D6B2D6B2DFB
:100540006B2D6B2D6B2D6B2D6B2D6B2D6B2D6B2DEB
:100550006B2D6B2D6B2D6B2D6B2D6B2D6B2D6B2DDB
:100560006B2D6B2D6B2D6B2D6B2D6B2D6B2D6B2DCB
:100570006B2D6B2D6B2D6B2D6B2D6B2D6B2D6B2DBB
:100580006B2D6B2D6B2D6B2D6B2D6B2D6B2D6B2DAB
:100590006B2D6B2D6B2D6B2D6B2D6B2D6B2D6B2D9B
:1005A0006B2D6B2D6B2D6B2D6B2D632C316600002D
:1005B000000000000000000000000000000000003B
:1005C000000000000000000000000000000000002B
:1005D000000000000000000000000000000000001B
:1005E000000000000000000000000000000000000B
:1005F00000000000000000000000000000000000FB
:1006000000000000000000000000000000000000EA
:1006100000000000000000000000000000000000DA
:1006200000000000000000000000000000000000CA
:1006300000000000000000000000000000000000BA
:1006400000000000000000000000000000000000AA
:10065000000000000000000039E76B2D6B2D6B2DB2
:100660006B2D6B2D6B2D6B2D6B2D6B2D6B2D6B2DCA
:100670006B2D6B2D6B2D6B2D6B2D6B2D6B2D6B2DBA
:100680006B2D6B2D6B2D6B2D6B2D6B2D6B2D6B2DAA
:100690006B2D6B2D6B2D6B2D6B2D6B2D6B2D6B2D9A
:1006A0006B2D6B2D6B2D6B2D6B2D6B2D6B2D6B2D8A
:1006B0006B2D6B2D6B2D6B2D6B2D6B2D6B2D6B2D7A
:1006C0006B2D6B2D6B2D6B2D6B2D6B2D6B2D6B2D6A
:1006D0006B2D6B2D6B2D6B2D6B2D6B2D6B2D6B2D5A
:1006E0006B2D6B2D6B2D6B2D6B2D6B2D6B2D6B2D4A
:1006F0006B2D6B2D6B2D6B2D6B2D6B2D6B2D6B2D3A
:100700006B2D6B2D6B2D6B2D6B2D6B2D6B2D6B2D29
:100710006B2D6B2D6B2D6B2D6B2D6B2D6B2D6B2D19
:100720006B2D6B2D6B2D6B2D6B2D6B2D6B2D6B2D09
:100730006B2D6B2D6B2D6B2D6B2D6B2D6B2D6B2DF9
:100740006B2D6B2D6B2D6B2D6B2D6B2D6B2D6B2DE9
:100750006B2D6B2D6B2D6B2D6B2D6B2D6B2D6B2DD9
:100760006B2D6B2D6B2D6B2D6B2D6B2D6B2D6B2DC9
:100770006B2D6B2D6B2D6B2D6B2D6B2D6B2D6B2DB9
:100780006B2D6B2D6B2D6B2D6B2D6B2D6B2D4208F7
:100790000000000000000000000000000000000059
:1007A0000000000000000000000000000000000049
:1007B0000000000000000000000000000000000039
:1007C0000000000000000000000000000000000029
:1007D0000000000000000000000000000000000019
:1007E0000000000000000000000000000000000009
:1007F00000000000000000000000000000000000F9
:1008000000000000000000000000000000000000E8
:1008100000000000000000000000000000000000D8
:1008200000000000000000000000000000000000C8
:100830000000000008214A496B2D6B2D6B2D6B2D9C
:100840006B2D6B2D6B2D6B2D6B2D6B2D6B2D6B2DE8
:100850006B2D6B2D6B2D6B2D6B2D6B2D6B2D6B2DD8
:100860006B2D6B2D6B2D6B2D6B2D6B2D6B2D6B2DC8
:100870006B2D6B2D6B2D6B2D6B2D6B2D6B2D6B2DB8
:100880006B2D6B2D6B2D6B2D6B2D6B2D6B2D6B2DA8
:100890006B2D6B2D6B2D6B2D6B2D6B2D6B2D6B2D98
:1008A0006B2D6B2D6B2D6B2D6B2D6B2D6B2D6B2D88
:1008B0006B2D6B2D6B2D6B2D6B2D6B2D6B2D6B2D78
:1008C0006B2D6B2D6B2D6B2D6B2D6B2D6B2D6B2D68
:1008D0006B2D6B2D6B2D6B2D6B2D6B2D6B2D6B2D58
:1008E0006B2D6B2D6B2D6B2D6B2D6B2D6B2D6B2D48
:1008F0006B2D6B2D6B2D6B2D6B2D6B2D6B2D6B2D38
:100900006B2D6B2D6B2D6B2D6B2D6B2D6B2D6B2D27
:100910006B2D6B2D6B2D6B2D6B2D6B2D6B2D6B2D17
:100920006B2D6B2D6B2D6B2D6B2D6B2D6B2D6B2D07
:100930006B2D6B2D6B2D6B2D6B2D6B2D6B2D6B2DF7
:100940006B2D6B2D6B2D6B2D6B2D6B2D6B2D6B2DE7
:100950006B2D6B2D6B2D6B2D6B2D6B2D6B2D6B2DD7
:100960006B2D6B2D6B2D6B2D6B2D6B2D6B2D6B2DC7
:100970004A6908210000000000000000000000009B
:100980000000000000000000000000000000000067
:100990000000000000000000000000000000000057
:1009A0000000000000000000000000000000000047
:1009B0000000000000000000000000000000000037
:1009C0000000000000000000000000000000000027
:1009D0000000000000000000000000000000000017
:1009E0000000000000000000000000000000000007
:1009F00000000000000000000000000000000000F7
:100A000000000000000000000000000000000000E6
:100A10000000084152AA6B2D6B2D6B2D6B2D6B2D99
:100A20006B2D6B2D6B2D6B2D6B2D6B2D6B2D6B2D06
:100A30006B2D6B2D6B2D6B2D6B2D6B2D6B2D6B2DF6
:100A40006B2D6B2D6B2D6B2D6B2D6B2D6B2D6B2DE6
:100A50006B2D6B2D6B2D6B2D6B2D6B2D6B2D6B2DD6
:100A60006B2D6B2D6B2D6B2D6B2D6B2D6B2D6B2DC6
:100A70006B2D6B2D6B2D6B2D6B2D6B2D6B2D6B2DB6
:100A80006B2D6B2D6B2D6B2D6B2D6B2D6B2D6B2DA6
:100A90006B2D6B2D6B2D6B2D6B2D6B2D6B2D6B2D96
:100AA0006B2D6B2D6B2D6B2D6B2D6B2D6B2D6B2D86
:100AB0006B2D6B2D6B2D6B2D6B2D6B2D6B2D6B2D76
:100AC0006B2D6B2D6B2D6B2D6B2D6B2D6B2D6B2D66
:100AD0006B2D6B2D6B2D6B2D6B2D6B2D6B2D6B2D56
:100AE0006B2D6B2D6B2D6B2D6B2D6B2D6B2D6B2D46
:100AF0006B2D6B2D6B2D6B2D6B2D6B2D6B2D6B2D36
:100B00006B2D6B2D6B2D6B2D6B2D6B2D6B2D6B2D25
:100B10006B2D6B2D6B2D6B2D6B2D6B2D6B2D6B2D15
:100B20006B2D6B2D6B2D6B2D6B2D6B2D6B2D6B2D05
:100B30006B2D6B2D6B2D6B2D6B2D6B2D6B2D6B2DF5
:100B40006B2D6B2D6B2D6B2D6B2D6B2D6B2D6B2DE5
:100B50006B2D52AA08610000000000000000000098
:100B60000000000000000000000000000000000085
:100B70000000000000000000000000000000000075
:100B80000000000000000000000000000000000065
:100B90000000000000000000000000000000000055
:100BA0000000000000000000000000000000000045
:100BB0000000000000000000000000000000000035
:100BC0000000000000000000000000000000000025
:100BD0000000000000000000000000000000000015
:100BE0000000000000000000000000000000000005
:100BF00010825ACB6B2D6B2D6B2D6B2D6B2D6B2DAE
:100C00006B2D6B2D6B2D6B2D6B2D6B2D6B2D6B2D24
:100C10006B2D6B2D6B2D6B2D6B2D6B2D6B2D6B2D14
:100C20006B2D6B2D6B2D6B2D6B2D6B2D6B2D6B2D04
:100C30006B2D6B2D6B2D6B2D6B2D6B2D6B2D6B2DF4
:100C40006B2D6B2D6B2D6B2D6B2D6B2D6B2D6B2DE4
:100C50006B2D6B2D6B2D6B2D6B2D6B2D6B2D6B2DD4
:100C60006B2D6B2D6B2D6B2D6B2D6B2D6B2D6B2DC4
:100C70006B2D6B2D6B2D6B2D6B2D6B2D6B2D6B2DB4
:100C80006B2D6B2D6B2D6B2D6B2D6B2D6B2D6B2DA4
:100C90006B2D6B2D6B2D6B2D6B2D6B2D6B2D6B2D94
:100CA0006B2D6B2D6B2D6B2D6B2D6B2D6B2D6B2D84
:100CB0006B2D6B2D6B2D6B2D6B2D6B2D6B2D6B2D74
:100CC0006B2D6B2D6B2D6B2D6B2D6B2D6B2D6B2D64
:100CD0006B2D6B2D6B2D6B2D6B2D6B2D6B2D6B2D54
:100CE0006B2D6B2D6B2D6B2D6B2D6B2D6B2D6B2D44
:100CF0006B2D6B2D6B2D6B2D6B2D6B2D6B2D6B2D34
:100D00006B2D6B2D6B2D6B2D6B2D6B2D6B2D6B2D23
:100D10006B2D6B2D6B2D6B2D6B2D6B2D6B2D6B2D13
:100D20006B2D6B2D6B2D6B2D6B2D6B2D6B2D6B2D03
:100D30006B2D6B2D5ACB10820000000000000000CC
:100D400000000000000000000000000000000000A3
:100D50000000000000000000000000000000000093
:100D60000000000000000000000000000000000083
:100D70000000000000000000000000000000000073
:100D80000000000000000000000000000000000063
:100D90000000000000000000000000000000000053
:100DA0000000000000000000000000000000000043
:100DB0000000000000000000000000000000000033
:100DC0000000000000000000000000000000108291
:100DD0005AEB6B2D6B2D6B2D6B2D6B2D6B2D6B2DA6
:100DE0006B2D6B2D6B2D6B2D6B2D6B2D6B2D6B2D43
:100DF0006B2D6B2D6B2D6B2D6B2D6B2D6B2D6B2D33
:100E00006B2D6B2D6B2D6B2D6B2D6B2D6B2D6B2D22
:100E10006B2D6B2D6B2D6B2D6B2D6B2D6B2D6B2D12
:100E20006B2D6B2D6B2D6B2D6B2D6B2D6B2D6B2D02
:100E30006B2D6B2D6B2D6B2D6B2D6B2D6B2D6B2DF2
:100E40006B2D6B2D6B2D6B2D6B2D6B2D6B2D6B2DE2
:100E50006B2D6B2D6B2D6B2D6B2D6B2D6B2D6B2DD2
:100E60006B2D6B2D6B2D6B2D6B2D6B2D6B2D6B2DC2
:100E70006B2D6B2D6B2D6B2D6B2D6B2D6B2D6B2DB2
:100E80006B2D6B2D6B2D6B2D6B2D6B2D6B2D6B2DA2
:100E90006B2D6B2D6B2D6B2D6B2D6B2D6B2D6B2D92
:100EA0006B2D6B2D6B2D6B2D6B2D6B2D6B2D6B2D82
:100EB0006B2D6B2D6B2D6B2D6B2D6B2D6B2D6B2D72
:100EC0006B2D6B2D6B2D6B2D6B2D6B2D6B2D6B2D62
:100ED0006B2D6B2D6B2D6B2D6B2D6B2D6B2D6B2D52
:100EE0006B2D6B2D6B2D6B2D6B2D6B2D6B2D6B2D42
:100EF0006B2D6B2D6B2D6B2D6B2D6B2D6B2D6B2D32
:100F00006B2D6B2D6B2D6B2D6B2D6B2D6B2D6B2D21
:100F10006B2D6B2D6B2D5AEB10A200000000000012
:100F200000000000000000000000000000000000C1
:100F300000000000000000000000000000000000B1
:100F400000000000000000000000000000000000A1
:100F50000000000000000000000000000000000091
:100F60000000000000000000000000000000000081
:100F70000000000000000000000000000000000071
:100F80000000000000000000000000000000000061
:100F90000000000000000000000000000000000051
:100FA00000000000000000000000000018A362EC38
:100FB0006B2D6B2D6B2D6B2D6B2D6B2D6B2D6B2D71
:100FC0006B2D6B2D6B2D6B2D6B2D6B2D6B2D6B2D61
:100FD0006B2D6B2D6B2D6B2D6B2D6B2D6B2D6B2D51
:100FE0006B2D6B2D6B2D6B2D6B2D6B2D6B2D6B2D41
:100FF0006B2D6B2D6B2D6B2D6B2D6B2D6B2D6B2D31
:101000006B2D6B2D6B2D6B2D6B2D6B2D6B2D6B2D20
:101010006B2D6B2D6B2D6B2D6B2D6B2D6B2D6B2D10
:101020006B2D6B2D6B2D6B2D6B2D6B2D6B2D6B2D00
:101030006B2D6B2D6B2D6B2D6B2D6B2D6B2D6B2DF0
:101040006B2D6B2D6B2D6B2D6B2D6B2D6B2D6B2DE0
:101050006B2D6B2D6B2D6B2D6B2D6B2D6B2D6B2DD0
:101060006B2D6B2D6B2D6B2D6B2D6B2D6B2D6B2DC0
:101070006B2D6B2D6B2D6B2D6B2D6B2D6B2D6B2DB0
:101080006B2D6B2D6B2D6B2D6B2D6B2D6B2D6B2DA0
:101090006B2D6B2D6B2D6B2D6B2D6B2D6B2D6B2D90
:1010A0006B2D6B2D6B2D6B2D6B2D6B2D6B2D6B2D80
:1010B0006B2D6B2D6B2D6B2D6B2D6B2D6B2D6B2D70
:1010C0006B2D6B2D6B2D6B2D6B2D6B2D6B2D6B2D60
:1010D0006B2D6B2D6B2D6B2D6B2D6B2D6B2D6B2D50
:1010E0006B2D6B2D6B2D6B2D6B2D6B2D6B2D6B2D40
:1010F0006B2D6B2D6B2D6B2D630C18A30000000066
:1011000000000000000000000000000000000000DF
:1011100000000000000000000000000000000000CF
:1011200000000000000000000000000000000000BF
:1011300000000000000000000000000000000000AF
:10114000000000000000000000000000000000009F
:10115000000000000000000000000000000000008F
:10116000000000000000000000000000000000007F
:10117000000000000000000000000000000000006F
:101180000000000000000000000018C3630C6B2D7D
:101190006B2D6B2D6B2D6B2D6B2D6B2D6B2D6B2D8F
:1011A0006B2D6B2D6B2D6B2D6B2D6B2D6B2D6B2D7F
:1011B0006B2D6B2D6B2D6B2D6B2D6B2D6B2D6B2D6F
:1011C0006B2D6B2D6B2D6B2D6B2D6B2D6B2D6B2D5F
:1011D0006B2D6B2D6B2D6B2D6B2D6B2D6B2D6B2D4F
:1011E0006B2D6B2D6B2D6B2D6B2D6B2D6B2D6B2D3F
:1011F0006B2D6B2D6B2D6B2D6B2D6B2D6B2D6B2D2F
:101200006B2D6B2D6B2D6B2D6B2D6B2D6B2D6B2D1E
:101210006B2D6B2D6B2D6B2D6B2D6B2D6B2D6B2D0E
:101220006B2D6B2DA514CE59CE59CE59CE59CE5912
:10123000CE59CE59CE59C638B5B694926B4D6B2D5A
:101240006B2D6B2D6B2D6B2D6B2D6B2D6B2D6B2DDE
:101250006B2D6B2D6B2D6B2D6B2D6B2D6B2D6B2DCE
:101260006B2D6B2D6B2D6B2D6B2D6B2D6B2D6B2DBE
:101270006B2D6B2D6B2D6B2D6B2D6B2D6B2D6B2DAE
:101280006B2D6B2D6B2D6B2D6B2D6B2D6B2D6B2D9E
:101290006B2D6B2D6B2D6B2D6B2D6B2D6B2D6B2D8E
:1012A0006B2D6B2D6B2D6B2D6B2D6B2D6B2D6B2D7E
:1012B0006B2D6B2D6B2D6B2D6B2D6B2D6B2D6B2D6E
:1012C0006B2D6B2D6B2D6B2D6B2D6B2D6B2D6B2D5E
:1012D0006B2D6B2D6B2D6B2D6B2D630C18C30000CC
:1012E00000000000000000000000000000000000FE
:1012F00000000000000000000000000000000000EE
:1013000000000000000000000000000000000000DD
:1013100000000000000000000000000000000000CD
:1013200000000000000000000000000000000000BD
:1013300000000000000000000000000000000000AD
:10134000000000000000000000000000000000009D
:10135000000000000000000000000000000000008D
:10136000000000000000000018C3630C6B2D6B2D03
:101370006B2D6B2D6B2D6B2D6B2D6B2D6B2D6B2DAD
:101380006B2D6B2D6B2D6B2D6B2D6B2D6B2D6B2D9D
:101390006B2D6B2D6B2D6B2D6B2D6B2D6B2D6B2D8D
:1013A0006B2D6B2D6B2D6B2D6B2D6B2D6B2D6B2D7D
:1013B0006B2D6B2D6B2D6B2D6B2D6B2D6B2D6B2D6D
:1013C0006B2D6B2D6B2D6B2D6B2D6B2D6B2D6B2D5D
:1013D0006B2D6B2D6B2D6B2D6B2D6B2D6B2D6B2D4D
:1013E0006B2D6B2D6B2D6B2D6B2D6B2D6B2D6B2D3D
:1013F0006B2D6B2D6B2D6B2D6B2D6B2D6B2D6B2D2D
:101400006B2D6B2DBE17FFFFFFFFFFFFFFFFFFFFE1
:10141000FFFFFFFFFFFFFFFFFFFFFFFFE73C7BEF4B
:101420006B2D6B2D6B2D6B2D6B2D6B2D6B2D6B2DFC
:101430006B2D6B2D6B2D6B2D6B2D6B2D6B2D6B2DEC
:101440006B2D6B2D6B2D6B2D6B2D6B2D6B2D6B2DDC
:101450006B2D6B2D6B2D6B2D6B2D6B2D6B2D6B2DCC
:101460006B2D6B2D6B2D6B2D6B2D6B2D6B2D6B2DBC
:101470006B2D6B2D6B2D6B2D6B2D6B2D6B2D6B2DAC
:101480006B2D6B2D6B2D6B2D6B2D6B2D6B2D6B2D9C
:101490006B2D6B2D6B2D6B2D6B2D6B2D6B2D6B2D8C
:1014A0006B2D6B2D6B2D6B2D6B2D6B2D6B2D6B2D7C
:1014B0006B2D6B2D6B2D6B2D6B2D6B2D630C18C352
:1014C000000000000000000000000000000000001C
:1014D000000000000000000000000000000000000C
:1014E00000000000000000000000000000000000FC
:1014F00000000000000000000000000000000000EC
:1015000000000000000000000000000000000000DB
:1015100000000000000000000000000000000000CB
:1015200000000000000000000000000000000000BB
:1015300000000000000000000000000000000000AB
:1015400000000000000010A2630C6B2D6B2D6B2DB2
:101550006B2D6B2D6B2D6B2D6B2D6B2D6B2D6B2DCB
:101560006B2D6B2D6B2D6B2D6B2D6B2D6B2D6B2DBB
:101570006B2D6B2D6B2D6B2D6B2D6B2D6B2D6B2DAB
:101580006B2D6B2D6B2D6B2D6B2D6B2D6B2D6B2D9B
:101590006B2D6B2D6B2D6B2D6B2D6B2D6B2D6B2D8B
:1015A0006B2D6B2D6B2D6B2D6B2D6B2D6B2D6B2D7B
:1015B0006B2D6B2D6B2D6B2D6B2D6B2D6B2D6B2D6B
:1015C0006B2D6B2D6B2D6B2D6B2D6B2D6B2D6B2D5B
:1015D0006B2D6B2D6B2D6B2D6B2D6B2D6B2D6B2D4B
:1015E0006B2D6B2DBE17FFFFFFFFFFFFFFFFFFFF00
:1015F000FFFFFFFFFFFFFFFFFFFFFFFFFFFFDF1BFF
:101600006B4D6B2D6B2D6B2D6B2D6B2D6B2D6B2DFA
:101610006B2D6B2D6B2D6B2D6B2D6B2D6B2D6B2D0A
:101620006B2D6B2D6B2D6B2D6B2D6B2D6B2D6B2DFA
:101630006B2D6B2D6B2D6B2D6B2D6B2D6B2D6B2DEA
:101640006B2D6B2D6B2D6B2D6B2D6B2D6B2D6B2DDA
:101650006B2D6B2D6B2D6B2D6B2D6B2D6B2D6B2DCA
:101660006B2D6B2D6B2D6B2D6B2D6B2D6B2D6B2DBA
:101670006B2D6B2D6B2D6B2D6B2D6B2D6B2D6B2DAA
:101680006B2D6B2D6B2D6B2D6B2D6B2D6B2D6B2D9A
:101690006B2D6B2D6B2D6B2D6B2D6B2D6B2D630CB3
:1016A00018A300000000000000000000000000007F
:1016B000000000000000000000000000000000002A
:1016C000000000000000000000000000000000001A
:1016D000000000000000000000000000000000000A
:1016E00000000000000000000000000000000000FA
:1016F00000000000000000000000000000000000EA
:1017000000000000000000000000000000000000D9
:1017100000000000000000000000000000000000C9
:1017200000000000108262EC6B2D6B2D6B2D6B2D79
:101730006B2D6B2D6B2D6B2D6B2D6B2D6B2D6B2DE9
:101740006B2D6B2D6B2D6B2D6B2D6B2D6B2D6B2DD9
:101750006B2D6B2D6B2D6B2D6B2D6B2D6B2D6B2DC9
:101760006B2D6B2D6B2D6B2D6B2D6B2D6B2D6B2DB9
:101770006B2D6B2D6B2D6B2D6B2D6B2D6B2D6B2DA9
:101780006B2D6B2D6B2D6B2D6B2D6B2D6B2D6B2D99
:101790006B2D6B2D6B2D6B2D6B2D6B2D6B2D6B2D89
:1017A0006B2D6B2D6B2D6B2D6B2D6B2D6B2D6B2D79
:1017B0006B2D6B2D6B2D6B2D6B2D6B2D6B2D6B2D69
:1017C0006B2D6B2D7BEF94929492949294929492C1
:1017D00094929492A534DF1BFFFFFFFFFFFFFFFFF2
:1017E00084306B2D6B2D6B2D6B2D6B2D6B2D6B2D1D
:1017F0006B2D6B2D6B2D6B2D6B2D6B2D6B2D6B2D29
:101800006B2D6B2D6B2D6B2D6B2D6B2D6B2D6B2D18
:101810006B2D6B2D6B4D738E738E738E738E6B6D04
:101820006B2D6B2D6B2D6B2D6B2D6B2D6B2D6B2DF8
:101830006B2D6B2D6B2D6B2D6B2D6B2D6B2D6B2DE8
:101840006B2D6B2D6B2D6B2D6B2D6B2D6B2D6B2DD8
:101850006B2D6B2D6B2D6B2D6B2D6B2D6B2D6B2DC8
:101860006B2D6B2D6B2D6B2D6B2D6B2D6B2D6B2DB8
:101870006B2D6B2D6B2D6B2D6B2D6B2D6B2D6B2DA8
:1018800062EC108200000000000000000000000078
:101890000000000000000000000000000000000048
:1018A0000000000000000000000000000000000038
:1018B0000000000000000000000000000000000028
:1018C0000000000000000000000000000000000018
:1018D0000000000000000000000000000000000008
:1018E00000000000000000000000000000000000F8
:1018F00000000000000000000000000000000000E8
:10190000000010825AEB6B2D6B2D6B2D6B2D6B2D08
:101910006B2D6B2D6B2D6B2D6B2D6B2D6B2D6B2D07
:101920006B2D6B2D6B2D6B2D6B2D6B2D6B2D6B2DF7
:101930006B2D6B2D6B2D6B2D6B2D6B2D6B2D6B2DE7
:101940006B2D6B2D6B2D6B2D6B2D6B2D6B2D6B2DD7
:101950006B2D6B2D6B2D6B2D6B2D6B2D6B2D6B2DC7
:101960006B2DC658FFFFFFFFFFFFFFFFFFFFFFFFCD
:10197000FFFFFFFFFFFFF7DEEF7DD69A8C716B2D27
:101980006B2D6B2D6B2D6B2D6B2D6B2D6B2D6B2D97
:101990006B2D6B2D6B2D6B2D6B2D6B2D6B2D6B2D87
:1019A0006B2D6B2D6B2D6B2D6B2D6B2D6B2D6B2D77
:1019B0006B2D6B2D6B2D6B6DF7BEFFFFFFFFFFFFD8
:1019C0009CD36B2D6B2D6B2D6B2D6B2D6B2D6B2D80
:1019D0006B2D6B2D6B2D6B2D6B2D6B2D6B2D6B2D47
:1019E0006B2D6B2D6B2D6B2D6B2D6B2D6B2D6B2D37
:1019F0006B2D6B4DBE17FFFFFFFFFFFFFFFFB5B65F
:101A00006B2D6B2D6B2D6B2D6B2D6B2D6B2D6B2D16
:101A10006B2D6B2D6B2D6B2D6B2D6B2D6B2D6B2D06
:101A20006B2D6B2D6B2D6B2D6B2D6B2D6B2D6B2DF6
:101A30006B2D6B2D6B2D6B2D6B2D6B2D6B2D6B2DE6
:101A40006B2D6B2D6B2D6B2D6B2D6B2D6B2D6B2DD6
:101A50006B2D6B2D6B2D6B2D6B2D6B2D6B2D6B2DC6
:101A60006B2D5AEB10820000000000000000000007
:101A70000000000000000000000000000000000066
:101A80000000000000000000000000000000000056
:101A90000000000000000000000000000000000046
:101AA0000000000000000000000000000000000036
:101AB0000000000000000000000000000000000026
:101AC0000000000000000000000000000000000016
:101AD0000000000000000000000000000000000006
:101AE00008615ACB6B2D6B2D6B2D6B2D6B2D6B2DD8
:101AF0006B2D6B2D6B2D6B2D6B2D6B2D6B2D6B2D26
:101B00006B2D6B2D6B2D6B2D6B2D6B2D6B2D6B2D15
:101B10006B2D6B2D6B2D6B2D6B2D6B2D6B2D6B2D05
:101B20006B2D6B2D6B2D6B2D6B2D6B2D6B2D6B2DF5
:101B30006B2D6B2D6B2D6B2D6B2D6B2D6B2D6B2DE5
:101B40006B2DC658FFFFFFFFFFFFFFFFFFFFFFFFEB
:101B5000FFFFFFFFFFFFFFFFFFFFFFFFFFFF9CF304
:101B60006B2D6B2D6B2D6B2D6B2D6B2D6B2D6B2DB5
:101B70006B2D6B2D6B2D6B2D6B2D6B2D6B2D6B2DA5
:101B80006B2D6B2D6B2D6B2D6B2D6B2D6B2D6B2D95
:101B90006B2D6B2D6B2D6B2DE73CFFFFFFFFFFFFC8
:101BA00094B26B2D6B2D6B2D6B2D6B2D6B2D6B2DC7
:101BB0006B2D6B2D6B2D6B2D6B2D6B2D6B2D6B2D65
:101BC0006B2D6B2D6B2D6B2D6B2D6B2D6B2D6B2D55
:101BD0006B2DB5B6FFFFFFFFFFFFFFFFFFFFB5B6A1
:101BE0006B2D6B2D6B2D6B2D6B2D6B2D6B2D6B2D35
:101BF0006B2D6B2D6B2D6B2D6B2D6B2D6B2D6B2D25
:101C00006B2D6B2D6B2D6B2D6B2D6B2D6B2D6B2D14
:101C10006B2D6B2D6B2D6B2D6B2D6B2D6B2D6B2D04
:101C20006B2D6B2D6B2D6B2D6B2D6B2D6B2D6B2DF4
:101C30006B2D6B2D6B2D6B2D6B2D6B2D6B2D6B2DE4
:101C40006B2D6B2D5ACB08410000000000000000F6
:101C50000000000000000000000000000000000084
:101C60000000000000000000000000000000000074
:101C70000000000000000000000000000000000064
:101C80000000000000000000000000000000000054
:101C90000000000000000000000000000000000044
:101CA0000000000000000000000000000000000034
:101CB00000000000000000000000000000000821FB
:101CC00052AA6B2D6B2D6B2D6B2D6B2D6B2D6B2DF0
:101CD0006B2D6B2D6B2D6B2D6B2D6B2D6B2D6B2D44
:101CE0006B2D6B2D6B2D6B2D6B2D6B2D6B2D6B2D34
:101CF0006B2D6B2D6B2D6B2D6B2D6B2D6B2D6B2D24
:101D00006B2D6B2D6B2D6B2D6B2D6B2D6B2D6B2D13
:101D10006B2D6B2D6B2D6B2D6B2D6B2D6B2D6B2D03
:101D20006B2DC658FFFFFFFFFFFFFFFFFFFFFFFF09
:101D3000FFFFFFFFFFFFFFFFFFFFFFFFFFFFF7BEFC
:101D40006B6D6B2D6B2D6B2D6B2D6B2D6B2D6B2D93
:101D50006B2D6B2D6B2D6B2D6B2D6B2D6B2D6B2DC3
:101D60006B2D6B2D6B2D6B2D6B2D6B2D6B2D6B2DB3
:101D70006B2D6B2D6B2D8410FFDFFFFFFFFFF7DE58
:101D8000738E6B2D6B2D6B2D6B2D6B2D6B2D6B2D2A
:101D90006B2D6B2D6B2D6B2D6B2D6B2D6B2D6B2D83
:101DA0006B2D6B2D6B2D6B2D6B2D6B2D6B2D6B2D73
:101DB000AD75FFFFFFFFFFFFFFFFFFFFFFFFB5B6A2
:101DC0006B2D6B2D6B2D6B2D6B2D6B2D6B2D6B2D53
:101DD0006B2D6B2D6B2D6B2D6B2D6B2D6B2D6B2D43
:101DE0006B2D6B2D6B2D6B2D6B2D6B2D6B2D6B2D33
:101DF0006B2D6B2D6B2D6B2D6B2D6B2D6B2D6B2D23
:101E00006B2D6B2D6B2D6B2D6B2D6B2D6B2D6B2D12
:101E10006B2D6B2D6B2D6B2D6B2D6B2D6B2D6B2D02
:101E20006B2D6B2D6B2D52AA0821000000000000C5
:101E300000000000000000000000000000000000A2
:101E40000000000000000000000000000000000092
:101E50000000000000000000000000000000000082
:101E60000000000000000000000000000000000072
:101E70000000000000000000000000000000000062
:101E80000000000000000000000000000000000052
:101E900000000000000000000000000000004A49AF
:101EA0006B2D6B2D6B2D6B2D6B2D6B2D6B2D6B2D72
:101EB0006B2D6B2D6B2D6B2D6B2D6B2D6B2D6B2D62
:101EC0006B2D6B2D6B2D6B2D6B2D6B2D6B2D6B2D52
:101ED0006B2D6B2D6B2D6B2D6B2D6B2D6B2D6B2D42
:101EE0006B2D6B2D6B2D6B2D6B2D6B2D6B2D6B2D32
:101EF0006B2D6B2D6B2D6B2D6B2D6B2D6B2D6B2D22
:101F00006B2D6B2D6B2D6B2D6B2D6B2D6B2D6B2D11
:101F10006B2D6B2D6B6D94B2F7BEFFFFFFFFFFFFC4
:101F200094D26B2D6B2D6B2D6B2D6B2D6B2D6B2D23
:101F30006B2D6B2D6B2D6B2D6B2D6B2D6B2D6B2DE1
:101F40006B2D6B2D6B2D7BCFB5B6B5B6B5B6B5B6D3
:101F5000B5B6BDF7CE99FFDFFFFFFFFFFFFFB596D8
:101F60006B2D6B2D6B2D6B2D6B2D6B2D6B2D6B2DB1
:101F70006B2D6B2D6B2D6B2D6B2D6B2D6B2D6B2DA1
:101F80006B2D6B2D6B2D6B2D6B2D6B2D6B2DA53450
:101F9000FFFFFFFFFFFFF7BEFFFFFFFFFFFFB5B62D
:101FA0006B2D6B2D6B2D6B2D6B2D6B2D6B2D6B2D71
:101FB0006B2D6B2D6B2D6B2D6B2D6B2D6B2D6B2D61
:101FC0006B2D6B2D6B2D6B2D6B2D6B2D6B2D6B2D51
:101FD0006B2D6B2D6B2D6B2D6B2D6B2D6B2D6B2D41
:101FE0006B2D6B2D6B2D6B2D6B2D6B2D6B2D6B2D31
:101FF0006B2D6B2D6B2D6B2D6B2D6B2D6B2D6B2D21
:102000006B2D6B2D6B2D6B2D4A49000000000000DD
:1020100000000000000000000000000000000000C0
:1020200000000000000000000000000000000000B0
:1020300000000000000000000000000000000000A0
:102040000000000000000000000000000000000090
:102050000000000000000000000000000000000080
:102060000000000000000000000000000000000070
:1020700000000000000000000000000039E76B2DA8
:102080006B2D6B2D6B2D6B2D6B2D6B2D6B2D6B2D90
:102090006B2D6B2D6B2D6B2D6B2D6B2D6B2D6B2D80
:1020A0006B2D6B2D6B2D6B2D6B2D6B2D6B2D6B2D70
:1020B0006B2D6B2D6B2D6B2D6B2D6B2D6B2D6B2D60
:1020C0006B2D6B2D6B2D6B2D6B2D6B2D6B2D6B2D50
:1020D0006B2D6B2D6B2D6B2D6B2D6B2D6B2D6B2D40
:1020E0006B2D6B2D6B2D6B2D6B2D6B2D6B2D6B2D30
:1020F0006B2D6B2D6B2D6B2DC638FFFFFFFFFFFF88
:10210000AD556B2D6B2D6B2D6B2D6B2D6B2D6B2DA5
:102110006B2D6B2D6B2D6B2D6B2D6B2D6B2D6B2DFF
:102120006B2D6B2D6B2D8C51FFFFFFFFFFFFFFFF12
:10213000FFFFFFFFFFFFFFFFFFFFFFFFB5D66B4D68
:102140006B2D6B2D6B2D6B2D6B2D6B2D6B2D6B2DCF
:102150006B2D6B2D6B2D6B2D6B2D6B2D6B2D6B2DBF
:102160006B2D6B2D6B2D6B2D6B2D6B2D9CF3FFFF52
:10217000FFFFFFFFF79E9492FFFFFFFFFFFFB5B643
:102180006B2D6B2D6B2D6B2D6B2D6B2D6B2D6B2D8F
:102190006B2D6B2D6B2D6B2D6B2D6B2D6B2D6B2D7F
:1021A0006B2D6B2D6B2D6B2D6B2D6B2D6B2D6B2D6F
:1021B0006B2D6B2D6B2D6B2D6B2D6B2D6B2D6B2D5F
:1021C0006B2D6B2D6B2D6B2D6B2D6B2D6B2D6B2D4F
:1021D0006B2D6B2D6B2D6B2D6B2D6B2D6B2D6B2D3F
:1021E0006B2D6B2D6B2D6B2D6B2D41E800000000CE
:1021F00000000000000000000000000000000000DF
:1022000000000000000000000000000000000000CE
:1022100000000000000000000000000000000000BE
:1022200000000000000000000000000000000000AE
:10223000000000000000000000000000000000009E
:10224000000000000000000000000000000000008E
:102250000000000000000000000031866B2D6B2D97
:102260006B2D6B2D6B2D6B2D6B2D6B2D6B2D6B2DAE
:102270006B2D6B2D6B2D6B2D6B2D6B2D6B2D6B2D9E
:102280006B2D6B2D6B2D6B2D6B2D6B2D6B2D6B2D8E
:102290006B2D6B2D6B2D6B2D6B2D6B2D6B2D6B2D7E
:1022A0006B2D6B2D6B2D6B2D6B2D6B2D6B2D6B2D6E
:1022B0006B2D6B2D6B2D6B2D6B2D6B2D6B2D6B2D5E
:1022C0006B2D6B2D6B2D6B2D6B2D6B2D6B2D6B2D4E
:1022D0006B2D6B2D6B2D6B2DC638FFFFFFFFFFFFA6
:1022E000AD756B2D6B2D6B2D6B2D6B2D6B2D6B2DA4
:1022F0006B2D6B2D6B2D6B2D6B2D6B2D6B2D6B2D1E
:102300006B2D6B2D6B2D8C51FFFFFFFFFFFFFFFF30
:10231000FFFFFFFFFFFFFFFFFFFFFFFFDEDB73AEEF
:102320006B2D6B2D6B2D6B2D6B2D6B2D6B2D6B2DED
:102330006B2D6B2D6B2D6B2D6B2D6B2D6B2D6B2DDD
:102340006B2D6B2D6B2D6B2D6B2D94B2FFFFFFFF53
:10235000FFFFF7DE8C5173AEFFFFFFFFFFFFB5B647
:102360006B2D6B2D6B2D6B2D6B2D6B2D6B2D6B2DAD
:102370006B2D6B2D6B2D6B2D6B2D6B2D6B2D6B2D9D
:102380006B2D6B2D6B2D6B2D6B2D6B2D6B2D6B2D8D
:102390006B2D6B2D6B2D6B2D6B2D6B2D6B2D6B2D7D
:1023A0006B2D6B2D6B2D6B2D6B2D6B2D6B2D6B2D6D
:1023B0006B2D6B2D6B2D6B2D6B2D6B2D6B2D6B2D5D
:1023C0006B2D6B2D6B2D6B2D6B2D6B2D31660000E6
:1023D00000000000000000000000000000000000FD
:1023E00000000000000000000000000000000000ED
:1023F00000000000000000000000000000000000DD
:1024000000000000000000000000000000000000CC
:1024100000000000000000000000000000000000BC
:1024200000000000000000000000000000000000AC
:10243000000000000000000018E3632C6B2D6B2DE2
:102440006B2D6B2D6B2D6B2D6B2D6B2D6B2D6B2DCC
:102450006B2D6B2D6B2D6B2D6B2D6B2D6B2D6B2DBC
:102460006B2D6B2D6B2D6B2D6B2D6B2D6B2D6B2DAC
:102470006B2D6B2D6B2D6B2D6B2D6B2D6B2D6B2D9C
:102480006B2D6B2D6B2D6B2D6B2D6B2D6B2D6B2D8C
:102490006B2D6B2D6B2D6B2D6B2D6B2D6B2D6B2D7C
:1024A0006B2D6B2D6B2D6B2D6B2D6B2D6B2D6B2D6C
:1024B0006B2D6B2D6B6D94D2F7BEFFFFFFFFFFFFFF
:1024C0009CD36B2D6B2D6B2D6B2D6B2D6B2D6B2D75
:1024D0006B2D6B2D6B2D6B2D6B2D6B2D6B2D6B2D3C
:1024E0006B2D6B2D6B2D73AEA534A534A534A5349F
:1024F000A534A534B596E73CFFFFFFFFFFFFD6BA32
:102500006B2D6B2D6B2D6B2D6B2D6B2D6B2D6B2D0B
:102510006B2D6B2D6B2D6B2D6B2D6B2D6B2D6B2DFB
:102520006B2D6B2D6B2D6B2D8C71F7DEFFFFFFFF7D
:10253000FFDF94926B2D73AEFFFFFFFFFFFFB5B679
:102540006B2D6B2D6B2D6B2D6B2D6B2D6B2D6B2DCB
:102550006B2D6B2D6B2D6B2D6B2D6B2D6B2D6B2DBB
:102560006B2D6B2D6B2D6B2D6B2D6B2D6B2D6B2DAB
:102570006B2D6B2D6B2D6B2D6B2D6B2D6B2D6B2D9B
:102580006B2D6B2D6B2D6B2D6B2D6B2D6B2D6B2D8B
:102590006B2D6B2D6B2D6B2D6B2D6B2D6B2D6B2D7B
:1025A0006B2D6B2D6B2D6B2D6B2D6B2D632C20E408
:1025B000000000000000000000000000000000001B
:1025C000000000000000000000000000000000000B
:1025D00000000000000000000000000000000000FB
:1025E00000000000000000000000000000000000EB
:1025F00000000000000000000000000000000000DB
:1026000000000000000000000000000000000000CA
:10261000000000000000086162EC6B2D6B2D6B2D3B
:102620006B2D6B2D6B2D6B2D6B2D6B2D6B2D6B2DEA
:102630006B2D6B2D6B2D6B2D6B2D6B2D6B2D6B2DDA
:102640006B2D6B2D6B2D6B2D6B2D6B2D6B2D6B2DCA
:102650006B2D6B2D6B2D6B2D6B2D6B2D6B2D6B2DBA
:102660006B2D6B2D6B2D6B2D6B2D6B2D6B2D6B2DAA
:102670006B2D6B2D6B2D6B2D6B2D6B2D6B2D6B2D9A
:102680006B2D6B2D6B2D9492C658E73CF7BEFFFF68
:10269000FFFFFFFFFFFFFFFFFFFFFFFFFFFFF7DE73
:1026A000738E6B2D6B2D6B2D6B2D6B2D6B2D6B2D01
:1026B0006B2D6B2D6B2D6B2D6B2D6B2D6B2D6B2D5A
:1026C0006B2D6B2D6B2D6B2D6B2D6B2D6B2D6B2D4A
:1026D0006B2D6B2D6B2D738EEF9DFFFFFFFFFFFFAB
:1026E00084106B2D6B2D6B2D6B2D6B2D6B2D6B2D2E
:1026F0006B2D6B2D6B2D6B2D6B2D6B2D6B2D6B2D1A
:102700006B2D6B2D6B2D8C51F7BEFFFFFFFFFFFF75
:102710009CD36B2D6B2D73AEFFFFFFFFFFFFB5B694
:102720006B2D6B2D6B2D6B2D6B2D6B2D6B2D6B2DE9
:102730006B2D6B2D6B2D6B2D6B2D6B2D6B2D6B2DD9
:102740006B2D6B2D6B2D6B2D6B2D6B2D6B2D6B2DC9
:102750006B2D6B2D6B2D6B2D6B2D6B2D6B2D6B2DB9
:102760006B2D6B2D6B2D6B2D6B2D6B2D6B2D6B2DA9
:102770006B2D6B2D6B2D6B2D6B2D6B2D6B2D6B2D99
:102780006B2D6B2D6B2D6B2D6B2D6B2D6B2D630CB2
:1027900010620000000000000000000000000000C7
:1027A0000000000000000000000000000000000029
:1027B0000000000000000000000000000000000019
:1027C0000000000000000000000000000000000009
:1027D00000000000000000000000000000000000F9
:1027E00000000000000000000000000000000000E9
:1027F000000000000020528A6B2D6B2D6B2D6B2D7D
:102800006B2D6B2D6B2D6B2D6B2D6B2D6B2D6B2D08
:102810006B2D6B2D6B2D6B2D6B2D6B2D6B2D6B2DF8
:102820006B2D6B2D6B2D6B2D6B2D6B2D6B2D6B2DE8
:102830006B2D6B2D6B2D6B2D6B2D6B2D6B2D6B2DD8
:102840006B2D6B2D6B2D6B2D6B2D6B2D6B2D6B2DC8
:102850006B2D6B2D6B2D6B2D6B2D6B2D6B2D6B2DB8
:102860006B2D6B2DB5B6FFFFFFFFFFFFFFFFFFFFD7
:10287000FFFFFFFFFFFFFFFFFFFFFFFFFFFFA5546D
:102880006B2D6B2D6B2D6B2D6B2D6B2D6B2D6B2D88
:102890006B2D6B2D6B2D6B2D6B2D6B2D6B2D6B2D78
:1028A0006B2D6B2D6B2D6B2D6B2D6B2D6B2D6B2D68
:1028B0006B2D6B2D6B2D6B2DD6BAFFFFFFFFFFFF2E
:1028C0009CD36B2D6B2D6B2D6B2D6B2D6B2D6B2D71
:1028D0006B2D6B2D6B2D6B2D6B2D6B2D6B2D6B2D38
:1028E0006B2D6B2D8410F79EFFFFFFFFFFFFA514DC
:1028F0006B2D6B2D6B2D73AEFFFFFFFFFFFFB5B68A
:102900006B2D6B2D6B2D6B2D6B2D6B2D6B2D6B2D07
:102910006B2D6B2D6B2D6B2D6B2D6B2D6B2D6B2DF7
:102920006B2D6B2D6B2D6B2D6B2D6B2D6B2D6B2DE7
:102930006B2D6B2D6B2D6B2D6B2D6B2D6B2D6B2DD7
:102940006B2D6B2D6B2D6B2D6B2D6B2D6B2D6B2DC7
:102950006B2D6B2D6B2D6B2D6B2D6B2D6B2D6B2DB7
:102960006B2D6B2D6B2D6B2D6B2D6B2D6B2D6B2DA7
:1029700052AA00200000000000000000000000003B
:102980000000000000000000000000000000000047
:102990000000000000000000000000000000000037
:1029A0000000000000000000000000000000000027
:1029B0000000000000000000000000000000000017
:1029C0000000000000000000000000000000000007
:1029D0000000000042086B2D6B2D6B2D6B2D6B2DB5
:1029E0006B2D6B2D6B2D6B2D6B2D6B2D6B2D6B2D27
:1029F0006B2D6B2D6B2D6B2D6B2D6B2D6B2D6B2D17
:102A00006B2D6B2D6B2D6B2D6B2D6B2D6B2D6B2D06
:102A10006B2D6B2D6B2D6B2D6B2D6B2D6B2D6B2DF6
:102A20006B2D6B2D6B2D6B2D6B2D6B2D6B2D6B2DE6
:102A30006B2D6B2D6B2D6B2D6B2D6B2D6B2D6B2DD6
:102A40006B2D8410FFFFFFFFFFFFFFFFFFFFFFFF66
:102A5000FFFFFFFFFFFFFFFFFFDFDEDB94B26B2D09
:102A60006B2D6B2D6B2D6B2D6B2D6B2D6B2D6B2DA6
:102A70006B2D6B2D6B2D6B2D6B2D6B2D6B2D6B2D96
:102A80006B2D6B2D6B2D6B2D6B2D6B2D6B2D6B2D86
:102A90006B2D6B2D6B2D6B6DEF9DFFFFFFFFFFFF10
:102AA0009CF36B2D6B2D6B2D6B2D6B2D6B2D6B2D6F
:102AB0006B2D6B2D6B2D6B2D6B2D6B2D6B2D6B2D56
:102AC0006B2D7BEFEF9DFFFFFFFFFFFFAD556B2DE4
:102AD0006B2D6B2D6B2D73AEFFFFFFFFFFFFB5B6A8
:102AE0006B2D6B2D6B2D6B2D6B2D6B2D6B2D6B2D26
:102AF0006B2D6B2D6B2D6B2D6B2D6B2D6B2D6B2D16
:102B00006B2D6B2D6B2D6B2D6B2D6B2D6B2D6B2D05
:102B10006B2D6B2D6B2D6B2D6B2D6B2D6B2D6B2DF5
:102B20006B2D6B2D6B2D6B2D6B2D6B2D6B2D6B2DE5
:102B30006B2D6B2D6B2D6B2D6B2D6B2D6B2D6B2DD5
:102B40006B2D6B2D6B2D6B2D6B2D6B2D6B2D6B2DC5
:102B50006B2D420800000000000000000000000093
:102B60000000000000000000000000000000000065
:102B70000000000000000000000000000000000055
:102B80000000000000000000000000000000000045
:102B90000000000000000000000000000000000035
:102BA0000000000000000000000000000000000025
:102BB000000029456B2D6B2D6B2D6B2D6B2D6B2D17
:102BC0006B2D6B2D6B2D6B2D6B2D6B2D6B2D6B2D45
:102BD0006B2D6B2D6B2D6B2D6B2D6B2D6B2D6B2D35
:102BE0006B2D6B2D6B2D6B2D6B2D6B2D6B2D6B2D25
:102BF0006B2D6B2D6B2D6B2D6B2D6B2D6B2D6B2D15
:102C00006B2D6B2D6B2D6B2D6B2D6B2D6B2D6B2D04
:102C10006B2D6B2D6B2D6B2D6B2D6B2D6B2D6B2DF4
:102C20006B2DB596FFFFFFFFFFFFEF9D9CF37BEF42
:102C3000738E738E738E738E6B4D6B2D6B2D6B2D10
:102C40006B2D6B2D6B2D6B2D6B2D6B2D6B2D6B2DC4
:102C50006B2D6B2D6B2D6B2D6B2D6B2D6B2D6B2DB4
:102C60006B2D6B2D8C51A534A534A534A534A5341A
:102C7000A534A534B596E73CFFFFFFFFFFFFFFFF3C
:102C800084106B2D6B2D6B2D6B2D6B2D6B2D6B2D88
:102C90006B2D6B2D6B2D6B2D6B2D6B2D6B2D6B2D74
:102CA000738EEF7DFFFFFFFFFFFFB5966B2D6B2D42
:102CB0006B2D6B2D6B2D73AEFFFFFFFFFFFFB5B6C6
:102CC0006B2D6B2D6B2D6B2D6B2D6B2D6B2D6B2D44
:102CD0006B2D6B2D6B2D6B2D6B2D6B2D6B2D6B2D34
:102CE0006B2DE73CF7BEF7BEF7BEF7BEF7BEF7BEEB
:102CF000F7BEF7BEF7BEF7BEF7BEF7BEF7BEA53408
:102D00006B2D6B2D6B2D6B2D6B2D6B2D6B2D6B2D03
:102D10006B2D6B2D6B2D6B2D6B2D6B2D6B2D6B2DF3
:102D20006B2D6B2D6B2D6B2D6B2D6B2D6B2D6B2DE3
:102D30006B2D6B2D29250000000000000000000015
:102D40000000000000000000000000000000000083
:102D50000000000000000000000000000000000073
:102D60000000000000000000000000000000000063
:102D70000000000000000000000000000000000053
:102D80000000000000000000000000000000000043
:102D90001062630C6B2D6B2D6B2D6B2D6B2D6B2DC2
:102DA0006B2D6B2D6B2D6B2D6B2D6B2D6B2D6B2D63
:102DB0006B2D6B2D6B2D6B2D6B2D6B2D6B2D6B2D53
:102DC0006B2D6B2D6B2D6B2D6B2D6B2D6B2DA53402
:102DD000F7BEF7BEF7BE9CD36B2D6B2D6B2D6B2D05
:102DE0006B2D6B2D6B2D6B2D6B2D6B2D6B2D6B2D23
:102DF0006B2D6B2D6B2D6B2D6B2D6B2D6B2D6B2D13
:102E00006B2DC618FFFFFFFFFFFFA5546B2D6B2D29
:102E10006B2D6B2D6B2D6B2D6B2D6B2D6B2D6B2DF2
:102E20006B2D6B2D6B2D6B2D6B2D6B2D6B2D6B2DE2
:102E30006B2D6B2D6B2D6B2D6B2D6B2D6B2D6B2DD2
:102E40006B2D6B2DBE17FFFFFFFFFFFFFFFFFFFF87
:102E5000FFFFFFFFFFFFFFFFFFFFFFFFFFFFD69A10
:102E60006B2D6B2D6B2D6B2D6B2D6B2D6B2D6B2DA2
:102E70006B2D6B2D6B2D6B2D6B2D6B2D6B2D6B2D92
:102E80008430FFFFFFFFFFFFFFFFEF5DEF5DEF5DB2
:102E9000EF5DEF5DEF5DEF7DFFFFFFFFFFFFF7BE33
:102EA000EF5DDEDB6B2D6B2D6B2D6B2D6B2D6B2D8D
:102EB0006B2D6B2D6B2D6B2D6B2D6B2D6B2D6B2D52
:102EC0006B2DEF7DFFFFFFFFFFFFFFFFFFFFFFFF0A
:102ED000FFFFFFFFFFFFFFFFFFFFFFFFFFFFAD55FE
:102EE0006B2D6B2D6B2D6B2D6B2D6B2D6B2D6B2D22
:102EF0006B2D6B2D6B2D6B2D6B2D6B2D6B2D6B2D12
:102F00006B2D6B2D6B2D6B2D6B2D6B2D6B2D6B2D01
:102F10006B2D6B2D630C1082000000000000000080
:102F200000000000000000000000000000000000A1
:102F30000000000000000000000000000000000091
:102F40000000000000000000000000000000000081
:102F50000000000000000000000000000000000071
:102F60000000000000000000000000000000000061
:102F7000528A6B2D6B2D6B2D6B2D6B2D6B2D6B2D4D
:102F80006B2D6B2D6B2D6B2D6B2D6B2D6B2D6B2D81
:102F90006B2D6B2D6B2D6B2D6B2D6B2D6B2D6B2D71
:102FA0006B2D6B2D6B2D6B2D6B2D6B2D6B2DA55400
:102FB000FFFFFFFFFFFF9CF36B2D6B2D6B2D6B2D28
:102FC0006B2D6B2D6B2D6B2D6B2D6B2D6B2D6B2D41
:102FD0006B2D6B2D6B2D6B2D6B2D6B2D6B2D6B2D31
:102FE0006B2DC658FFFFFFFFFFFF8C716B2D6B2D04
:102FF0006B2D6B2D6B2D6B2D6B2D6B2D6B2D6B2D11
:103000006B2D6B2D6B2D6B2D6B2D6B2D6B2D6B2D00
:103010006B2D6B2D6B2D6B2D6B2D6B2D6B2D6B2DF0
:103020006B2D6B2DBE17FFFFFFFFFFFFFFFFFFFFA5
:10303000FFFFFFFFFFFFFFFFFFFFFFFFCE79738E54
:103040006B2D6B2D6B2D6B2D6B2D6B2D6B2D6B2DC0
:103050006B2D6B2D6B2D6B2D6B2D6B2D6B2D6B2DB0
:103060008430FFFFFFFFFFFFFFFFFFFFFFFFFFFFBA
:10307000FFFFFFFFFFFFFFFFFFFFFFFFFFFFFFFF60
:10308000FFFFEF5D6B2D6B2D6B2D6B2D6B2D6B2D66
:103090006B2D6B2D6B2D6B2D6B2D6B2D6B2D6B2D70
:1030A0006B2DEF7DFFFFFFFFFFFFFFFFFFFFFFFF28
:1030B000FFFFFFFFFFFFFFFFFFFFFFFFFFFFAD551C
:1030C0006B2D6B2D6B2D6B2D6B2D6B2D6B2D6B2D40
:1030D0006B2D6B2D6B2D6B2D6B2D6B2D6B2D6B2D30
:1030E0006B2D6B2D6B2D6B2D6B2D6B2D6B2D6B2D20
:1030F0006B2D6B2D6B2D528A00000000000000002C
:1031000000000000000000000000000000000000BF
:1031100000000000000000000000000000000000AF
:10312000000000000000000000000000000000009F
:10313000000000000000000000000000000000008F
:10314000000000000000000000000000000031A6A8
:103150006B2D6B2D6B2D6B2D6B2D6B2D6B2D6B2DAF
:103160006B2D6B2D6B2D6B2D6B2D6B2D6B2D6B2D9F
:103170006B2D6B2D6B2D6B2D6B2D6B2D6B2D6B2D8F
:103180006B2D6B2D6B2D6B2D6B2D6B2D6B2DA5541E
:10319000FFFFFFFFFFFF9CF36B2D6B2D6B2D6B2D46
:1031A0006B2D6B2D6B2D6B2D6B2D6B2D6B2D6B2D5F
:1031B0006B2D6B2D6B2D6B2D6B2D6B2D6B2D6B2D4F
:1031C0006B2DC658FFFFFFFFFFFF8C716B2D6B2D22
:1031D0006B2D6B2D6B2D6B2D6B2D6B2D6B2D6B2D2F
:1031E0006B2D6B2D6B2D6B2D6B2D6B2D6B2D6B2D1F
:1031F0006B2D6B2D6B2D6B2D6B2D6B2D6B2D6B2D0F
:103200006B2D6B2D94B2B5B6B5B6B5B6B5B6B5B631
:10321000B5B6B5B6B5B6B5B6A53484106B2D6B2D65
:103220006B2D6B2D6B2D6B2D6B2D6B2D6B2D6B2DDE
:103230006B2D6B2D6B2D6B2D6B2D6B2D6B2D6B2DCE
:103240008430FFFFFFFFFFFFFFFFFFFFFFFFFFFFD8
:10325000FFFFFFFFFFFFFFFFFFFFFFFFFFFFFFFF7E
:10326000FFFFEF5D6B2D6B2D6B2D6B2D6B2D6B2D84
:103270006B2D6B2D6B2D6B2D6B2D6B2D6B2D6B2D8E
:103280006B2DEF7DFFFFFFFFF79E738E738E738EA6
:10329000738E738E738E738E738E738E738E6B4D6F
:1032A0006B2D6B2D6B2D6B2D6B2D6B2D6B2D6B2D5E
:1032B0006B2D6B2D6B2D6B2D6B2D6B2D6B2D6B2D4E
:1032C0006B2D6B2D6B2D6B2D6B2D6B2D6B2D6B2D3E
:1032D0006B2D6B2D6B2D6B2D31A6000000000000B7
:1032E00000000000000000000000000000000000DE
:1032F00000000000000000000000000000000000CE
:1033000000000000000000000000000000000000BD
:1033100000000000000000000000000000000000AD
:1033200000000000000000000000000018C3632C33
:103330006B2D6B2D6B2D6B2D6B2D6B2D6B2D6B2DCD
:103340006B2D6B2D6B2D6B2D6B2D6B2D6B2D6B2DBD
:103350006B2D6B2D6B2D6B2D6B2D6B2D6B2D6B2DAD
:103360006B2D6B2D6B2D6B2D6B2D6B2D6B2DA5543C
:10337000FFFFFFFFFFFF9CF36B2D6B2D6B2D6B2D64
:103380006B2D6B2D6B2D6B2D6B2D6B2D6B2D6B2D7D
:103390006B2D6B2D6B2D6B2D6B2D6B2D6B2D6B2D6D
:1033A0006B2DC658FFFFFFFFFFFFDEFBD6BAD6BA74
:1033B000D6BAD6BAD6BAD6BAD6BAD6BAD6BAD6BA8D
:1033C00094B26B2D6B2D6B2D6B2D6B2D6B2D6B2D8F
:1033D0006B2D6B2D6B2D6B2D6B2D6B2D6B2D6B2D2D
:1033E0006B2D6B2D6B2D6B2D6B2D6B2D6B2D6B2D1D
:1033F0006B2D6B2D6B2D6B2D6B2D6B2D6B2D6B2D0D
:103400006B2D6B2D6B2D6B2D6B2D6B2D6B2D6B2DFC
:103410006B2D6B2D6B2D6B2D6B2D6B2D6B2D6B2DEC
:103420006B4D738E738E738E738E738E738E738EDD
:10343000738E738E738E7BEFFFFFFFFFFFFFBDD791
:10344000738E738E6B2D6B2D6B2D6B2D6B2D6B2DEA
:103450006B2D6B2D6B2D6B2D6B2D6B2D6B2D6B2DAC
:103460006B2DEF7DFFFFFFFFEF9D6B2D6B2D6B2D08
:103470006B2D6B2D6B2D6B2D6B2D6B2D6B2D6B2D8C
:103480006B2D6B2D6B2D6B2D6B2D6B2D6B2D6B2D7C
:103490006B2D6B2D6B2D6B2D6B2D6B2D6B2D6B2D6C
:1034A0006B2D6B2D6B2D6B2D6B2D6B2D6B2D6B2D5C
:1034B0006B2D6B2D6B2D6B2D632C18C30000000042
:1034C00000000000000000000000000000000000FC
:1034D00000000000000000000000000000000000EC
:1034E00000000000000000000000000000000000DC
:1034F00000000000000000000000000000000000CC
:103500000000000000000000000000205ACB6B2DDE
:103510006B2D6B2D6B2D6B2D6B2D6B2D6B2D6B2DEB
:103520006B2D6B2D6B2D6B2D6B2D6B2D6B2D6B2DDB
:103530006B2D6B2D6B2D6B2D6B2D6B2D6B2D6B2DCB
:103540006B2D6B2D6B2D6B2D6B2D6B2D6B2DA5545A
:10355000FFFFFFFFFFFF9CF36B2D6B2D6B2D6B2D82
:103560006B2D6B2D6B2D6B2D6B2D6B2D6B2D6B2D9B
:103570006B2D6B2D6B2D6B2D6B2D6B2D6B2D6B2D8B
:103580006B2DC658FFFFFFFFFFFFFFFFFFFFFFFF91
:10359000FFFFFFFFFFFFFFFFFFFFFFFFFFFFFFFF3B
:1035A000A5346B2D6B2D6B2D6B2D6B2D6B2D6B2D1A
:1035B0006B2D6B2D6B2D6B2D6B2D6B2D6B2D6B2D4B
:1035C0006B2D6B2D6B2D6B2D6B2D6B2D6B2D6B2D3B
:1035D0006B2D6B2D6B2D6B2D6B2D6B2D6B2D6B2D2B
:1035E0006B2D6B2D6B2D6B2D6B2D6B2D6B2D6B2D1B
:1035F0006B2D6B2D6B2D6B2D6B2D6B2D6B2D6B2D0B
:103600006B2D6B2D6B2D6B2D6B2D6B2D6B2D6B2DFA
:103610006B2D6B2D6B2D73AEFFFFFFFFFFFFB5B65C
:103620006B2D6B2D6B2D6B2D6B2D6B2D6B2D6B2DDA
:103630006B2D6B2D6B2D6B2D6B2D6B2D6B2D6B2DCA
:103640006B2DEF7DFFFFFFFFEF9D6B2D6B2D6B2D26
:103650006B2D6B2D6B2D6B2D6B2D6B2D6B2D6B2DAA
:103660006B2D6B2D6B2D6B2D6B2D6B2D6B2D6B2D9A
:103670006B2D6B2D6B2D6B2D6B2D6B2D6B2D6B2D8A
:103680006B2D6B2D6B2D6B2D6B2D6B2D6B2D6B2D7A
:103690006B2D6B2D6B2D6B2D6B2D5ACB00200000ED
:1036A000000000000000000000000000000000001A
:1036B000000000000000000000000000000000000A
:1036C00000000000000000000000000000000000FA
:1036D00000000000000000000000000000000000EA
:1036E0000000000000000000000039C76B2D6B2DAA
:1036F0006B2D6B2D6B2D6B2D6B2D6B2D6B2D6B2D0A
:103700006B2D6B2D6B2D6B2D6B2D6B2D6B2D6B2DF9
:103710006B2D6B2D6B2D6B2D6B2D6B2D6B2D6B2DE9
:103720006B2D6B2D6B2D6B2D6B2D6B2D6B2DA55478
:10373000FFFFFFFFFFFF9CF36B2D6B2D6B2D6B2DA0
:103740006B2D6B2D6B2D6B2D6B2D6B2D6B2D6B2DB9
:103750006B2D6B2D6B2D6B2D6B2D6B2D6B2D6B2DA9
:103760006B2DC658FFFFFFFFFFFFFFFFFFFFFFFFAF
:10377000FFFFFFFFFFFFFFFFFFFFFFFFFFFFFFFF59
:10378000A5346B2D6B2D6B2D6B2D6B2D6B2D6B2D38
:103790006B2D6B2D6B2D6B2D6B2D6B2D6B2D6B2D69
:1037A0006B2D6B2D6B2D6B2D6B2D6B2D6B2D6B2D59
:1037B0006B2D6B2D6B2D6B2D6B2D6B2D6B2D6B2D49
:1037C0006B2D6B2D6B2D6B2D6B2D6B2D6B2D6B2D39
:1037D0006B2D6B2D6B2D6B2D6B2D6B2D6B2D6B2D29
:1037E0006B2D6B2D6B2D6B2D6B2D6B2D6B2D6B2D19
:1037F0006B2D6B2D6B2D73AEFFFFFFFFFFFFB5B67B
:103800006B2D6B2D6B2D6B2D6B2D6B2D6B2D6B2DF8
:103810006B2D6B2D6B2D6B2D6B2D6B2D6B2D6B2DE8
:103820006B2DEF7DFFFFFFFFEF9D6B2D6B2D6B2D44
:103830006B2D6B2D6B2D6B2D6B2D6B2D6B2D6B2DC8
:103840006B2D6B2D6B2D6B2D6B2D6B2D6B2D6B2DB8
:103850006B2D6B2D6B2D6B2D6B2D6B2D6B2D6B2DA8
:103860006B2D6B2D6B2D6B2D6B2D6B2D6B2D6B2D98
:103870006B2D6B2D6B2D6B2D6B2D6B2D39A70000D8
:103880000000000000000000000000000000000038
:103890000000000000000000000000000000000028
:1038A0000000000000000000000000000000000018
:1038B0000000000000000000000000000000000008
:1038C000000000000000000010A2632C6B2D6B2D87
:1038D0006B2D6B2D6B2D6B2D6B2D6B2D6B2D6B2D28
:1038E0006B2D6B2D6B2D6B2D6B2D6B2D6B2D6B2D18
:1038F0006B2D6B2D6B2D6B2D6B2D6B2D6B2D6B2D08
:103900006B2D6B2D6B2D6B2D6B2D6B2D6B2DA55496
:10391000FFFFFFFFFFFF9CF36B2D6B2D6B2D6B2DBE
:103920006B2D6B2D6B2D6B2D6B2D6B2D6B2D6B2DD7
:103930006B2D6B2D6B2D6B2D6B2D6B2D6B2D6B2DC7
:103940006B2D841094929492949294929492949267
:103950009492949294929492949294929492949237
:103960007BCF6B2D6B2D6B2D6B2D6B2D6B2D6B2DE5
:103970006B2D6B2D6B2D6B2D6B2D6B2D6B2D6B2D87
:103980006B2D6B2D6B2D6B2D6B2D6B2D6B2D6B2D77
:103990006B2D6B2D6B2D6B2D6B2D6B2D6B2D6B2D67
:1039A0006B2D6B2D6B2D6B2D6B2D6B2D6B2D6B2D57
:1039B0006B2D6B2D6B2D6B2D6B2D6B2D6B2D6B2D47
:1039C0006B2D6B2D6B2D6B2D6B2D6B2D6B2D6B2D37
:1039D0006B2D6B2D6B2D6B4D84308430843073AE2A
:1039E0006B2D6B2D6B2D6B2D6B2D6B2D6B2D6B2D17
:1039F0006B2D6B2D6B2D6B2D6B2D6B2D6B2D6B2D07
:103A00006B2DEF7DFFFFFFFFFFFFEF5DEF5DEF5DD4
:103A1000EF5DEF5DEF5DE75CD6BAAD756B6D6B2D5D
:103A20006B2D6B2D6B2D6B2D6B2D6B2D6B2D6B2DD6
:103A30006B2D6B2D6B2D6B2D6B2D6B2D6B2D6B2DC6
:103A40006B2D6B2D6B2D6B2D6B2D6B2D6B2D6B2DB6
:103A50006B2D6B2D6B2D6B2D6B2D6B2D632C10A295
:103A60000000000000000000000000000000000056
:103A70000000000000000000000000000000000046
:103A80000000000000000000000000000000000036
:103A90000000000000000000000000000000000026
:103AA0000000000000000000528A6B2D6B2D6B2D72
:103AB0006B2D6B2D6B2D6B2D6B2D6B2D6B2D6B2D46
:103AC0006B2D6B2D6B2D6B2D6B2D6B2D6B2D6B2D36
:103AD0006B2D6B2D6B2D6B2D6B2D6B2D6B2D6B2D26
:103AE0006B2D6B2D6B2D6B2D6B2D6B2D6B2DA554B5
:103AF000FFFFFFFFFFFF9CF36B2D6B2D6B2D6B2DDD
:103B00006B2D6B2D6B2D6B2D6B2D6B2D6B2D6B2DF5
:103B10006B2D6B2D6B2D6B2D6B2D6B2D6B2D6B2DE5
:103B20006B2D6B2D6B2D6B2D6B2D6B2D6B2D6B2DD5
:103B30006B2D6B2D6B2D6B2D6B2D6B2D6B2D6B2DC5
:103B40006B2D6B2D6B2D6B2D6B2D6B2D6B2D6B2DB5
:103B50006B2D6B2D6B2D6B2D6B2D6B2D6B2D6B2DA5
:103B60006B2D6B2D6B2D6B2D6B2D6B2D6B2D6B2D95
:103B70006B2D6B2D6B2D6B2D6B2D6B2D6B2D6B2D85
:103B80006B2D6B2D6B2D6B2D6B2D6B2D6B2D6B2D75
:103B90006B2D6B2D6B2D6B2D6B2D6B2D6B2D6B2D65
:103BA0006B2D6B2D6B2D6B2D6B2D6B2D6B2D6B2D55
:103BB0006B2D6B2D6B2D6B2D6B2D6B2D6B2D6B2D45
:103BC0006B2D6B2D6B2D6B2D6B2D6B2D6B2D6B2D35
:103BD0006B2D6B2D6B2D6B2D6B2D6B2D6B2D6B2D25
:103BE0006B2DEF7DFFFFFFFFFFFFFFFFFFFFFFFFDD
:103BF000FFFFFFFFFFFFFFFFFFFFFFFFE73C73AE8D
:103C00006B2D6B2D6B2D6B2D6B2D6B2D6B2D6B2DF4
:103C10006B2D6B2D6B2D6B2D6B2D6B2D6B2D6B2DE4
:103C20006B2D6B2D6B2D6B2D6B2D6B2D6B2D6B2DD4
:103C30006B2D6B2D6B2D6B2D6B2D6B2D6B2D528A80
:103C40000000000000000000000000000000000074
:103C50000000000000000000000000000000000064
:103C60000000000000000000000000000000000054
:103C70000000000000000000000000000000000044
:103C800000000000000031866B2D6B2D6B2D6B2D1D
:103C90006B2D6B2D6B2D6B2D6B2D6B2D6B2D6B2D64
:103CA0006B2D6B2D6B2D6B2D6B2D6B2D6B2D6B2D54
:103CB0006B2D6B2D6B2D6B2D6B2D6B2D6B2D6B2D44
:103CC0006B2D6B2D6B2D6B2D6B2D6B2D6B2DA554D3
:103CD000FFFFFFFFFFFF9CF36B2D6B2D6B2D6B2DFB
:103CE0006B2D6B2D6B2D6B2D6B2D6B2D6B2D6B2D14
:103CF0006B2D6B2D6B2D6B2D6B2D6B2D6B2D6B2D04
:103D00006B2D6B2D6B2D6B2D6B2D6B2D6B2D6B2DF3
:103D10006B2D6B2D6B2D6B2D6B2D6B2D6B2D6B2DE3
:103D20006B2D6B2D6B2D6B2D6B2D6B2D6B2D6B2DD3
:103D30006B2D6B2D6B2D6B2D6B2D6B2D6B2D6B2DC3
:103D40006B2D6B2D6B2D6B2D6B2D6B2D6B2D6B2DB3
:103D50006B2D6B2D6B2D6B2D6B2D6B2D6B2D6B2DA3
:103D60006B2D6B2D6B2D6B2D6B2D6B2D6B2D6B2D93
:103D70006B2D6B2D6B2D6B2D6B2D6B2D6B2D6B2D83
:103D80006B2D6B2D6B2D6B2D6B2D6B2D6B2D6B2D73
:103D90006B2D6B2D6B2D6B2D6B2D6B2D6B2D6B2D63
:103DA0006B2D6B2D6B2D6B2D6B2D6B2D6B2D6B2D53
:103DB0006B2D6B2D6B2D6B2D6B2D6B2D6B2D6B2D43
:103DC0006B2DEF7DFFFFFFFFFFFFFFFFFFFFFFFFFB
:103DD000FFFFFFFFFFFFFFFFFFFFFFFFFFFFCE998A
:103DE0006B2D6B2D6B2D6B2D6B2D6B2D6B2D6B2D13
:103DF0006B2D6B2D6B2D6B2D6B2D6B2D6B2D6B2D03
:103E00006B2D6B2D6B2D6B2D6B2D6B2D6B2D6B2DF2
:103E10006B2D6B2D6B2D6B2D6B2D6B2D6B2D6B2DE2
:103E200031660000000000000000000000000000FB
:103E30000000000000000000000000000000000082
:103E40000000000000000000000000000000000072
:103E50000000000000000000000000000000000062
:103E6000000000000861630C6B2D6B2D6B2D6B2D1A
:103E70006B2D6B2D6B2D6B2D6B2D6B2D6B2D6B2D82
:103E80006B2D6B2D6B2D6B2D6B2D6B2D6B2D6B2D72
:103E90006B2D6B2D6B2D6B2D6B2D6B2D6B2D6B2D62
:103EA0006B2D6B2D6B2D6B2D6B2D6B2D6B2DA554F1
:103EB000FFFFFFFFFFFF9CF36B2D6B2D6B2D6B2D19
:103EC0006B2D6B2D6B2D6B2D6B2D6B2D6B2D6B2D32
:103ED0006B2D6B2D6B2D6B2D6B2D6B2D6B2D6B2D22
:103EE0006B2D6B2D6B2D6B2D6B2D6B2D6B2D6B2D12
:103EF0006B2D6B2D6B2D6B2D6B2D6B2D6B2D6B2D02
:103F00006B2D6B2D6B2D6B2D6B2D6B2D6B2D6B2DF1
:103F10006B2D6B2D6B2D6B2D6B2D6B2D6B2D6B2DE1
:103F20006B2D6B2D6B2D6B2D6B2D6B2D6B2D6B2DD1
:103F30006B2D6B2D6B2D6B2D6B2D6B2D6B2D6B2DC1
:103F40006B2D6B2D6B2D6B2D6B2D6B2D6B2D6B2DB1
:103F50006B2D6B2D6B2D6B2D6B2D6B2D6B2D6B2DA1
:103F60006B2D6B2D6B2D6B2D6B2D6B2D6B2D6B2D91
:103F70006B2D6B2D6B2D6B2D6B2D6B2D6B2D6B2D81
:103F80006B2D6B2D6B2D6B2D6B2D6B2D6B2D6B2D71
:103F90006B2D6B2D6B2D6B2D6B2D6B2D6B2D6B2D61
:103FA0006B2D738E738E738E738E738E738E738E72
:103FB000738E738E8410CE79FFFFFFFFFFFFFFFF2C
:103FC00073AE6B2D6B2D6B2D6B2D6B2D6B2D6B2DA8
:103FD0006B2D6B2D6B2D6B2D6B2D6B2D6B2D6B2D21
:103FE0006B2D6B2D6B2D6B2D6B2D6B2D6B2D6B2D11
:103FF0006B2D6B2D6B2D6B2D6B2D6B2D6B2D6B2D01
:10400000630C0841000000000000000000000000F8
:1040100000000000000000000000000000000000A0
:104020000000000000000000000000000000000090
:104030000000000000000000000000000000000080
:104040000000000042086B2D6B2D6B2D6B2D6B2D2E
:104050006B2D6B2D6B2D6B2D6B2D6B2D6B2D6B2DA0
:104060006B2D6B2D6B2D6B2D6B2D6B2D6B2D6B2D90
:104070006B2D6B2D6B2D6B2D6B2D6B2D6B2D6B2D80
:104080006B2D6B2D6B2D6B2D6B2D6B2D6B2DA5540F
:10409000FFFFFFFFFFFF9CF36B2D6B2D6B2D6B2D37
:1040A0006B2D6B2D6B2D6B2D6B2D6B2D6B2D6B2D50
:1040B0006B2D6B2D6B2D6B2D6B2D6B2D6B2D6B2D40
:1040C0006B2D6B2D6B2D6B2D6B2D6B2D6B2D6B2D30
:1040D0006B2D6B2D6B2D6B2D6B2D6B2D6B2D6B2D20
:1040E0006B2D6B2D6B2D6B2D6B2D6B2D6B2D6B2D10
:1040F0006B2D6B2D6B2D6B2D6B2D6B2D6B2D6B2D00
:104100006B2D6B2D6B2D6B2D6B2D6B2D6B2D6B2DEF
:104110006B2D6B2D6B2D6B2D6B2D6B2D6B2D6B2DDF
:104120006B2D6B2D6B2D6B2D6B2D6B2D6B2D6B2DCF
:104130006B2D6B2D6B2D6B2D6B2D6B2D6B2D6B2DBF
:104140006B2D6B2D6B2D6B2D6B2D6B2D6B2D6B2DAF
:104150006B2D6B2D6B2D6B2D6B2D6B2D6B2D6B2D9F
:104160006B2D6B2D6B2D6B2D6B2D6B2D6B2D6B2D8F
:104170006B2D6B2D6B2D6B2D6B2D6B2D6B2D6B2D7F
:104180006B2D6B2D6B2D6B2D6B2D6B2D6B2D6B2D6F
:104190006B2D6B2D6B2D738EFFFFFFFFFFFFFFFF5E
:1041A0008C716B2D6B2D6B2D6B2D6B2D6B2D6B2DEA
:1041B0006B2D6B2D6B2D6B2D6B2D6B2D6B2D6B2D3F
:1041C0006B2D6B2D6B2D6B2D6B2D6B2D6B2D6B2D2F
:1041D0006B2D6B2D6B2D6B2D6B2D6B2D6B2D6B2D1F
:1041E0006B2D4208000000000000000000000000ED
:1041F00000000000000000000000000000000000BF
:1042000000000000000000000000000000000000AE
:10421000000000000000000000000000000000009E
:10422000000018A3632C6B2D6B2D6B2D6B2D6B2D4C
:104230006B2D6B2D6B2D6B2D6B2D6B2D6B2D6B2DBE
:104240006B2D6B2D6B2D6B2D6B2D6B2D6B2D6B2DAE
:104250006B2D6B2D6B2D6B2D6B2D6B2D6B2D6B2D9E
:104260006B2D6B2D6B2D6B2D6B2D6B2D6B2DA5542D
:10427000FFFFFFFFFFFF9CF36B2D6B2D6B2D6B2D55
:104280006B2D6B2D6B2D6B2D6B2D6B2D6B2D6B2D6E
:104290006B2D6B2D6B2D6B2D6B2D6B2D6B2D6B2D5E
:1042A0006B2D6B2D6B2D6B2D6B2D6B2D6B2D6B2D4E
:1042B0006B2D6B2D6B2D6B2D6B2D6B2D6B2D6B2D3E
:1042C0006B2D6B2D6B2D6B2D6B2D6B2D6B2D6B2D2E
:1042D0006B2D6B2D6B2D6B2D6B2D6B2D6B2D6B2D1E
:1042E0006B2D6B2D6B2D6B2D6B2D6B2D6B2D6B2D0E
:1042F0006B2D6B2D6B2D6B2D6B2D6B2D6B2D6B2DFE
:104300006B2D6B2D6B2D6B2D6B2D6B2D6B2D6B2DED
:104310006B2D6B2D6B2D6B2D6B2D6B2D6B2D6B2DDD
:104320006B2D6B2D6B2D6B2D6B2D6B2D6B2D6B2DCD
:104330006B2D6B2D6B2D6B2D6B2D6B2D6B2D6B2DBD
:104340006B2D6B2D6B2D6B2D6B2D6B2D6B2D6B2DAD
:104350006B2D6B2D6B2D6B2D6B2D6B2D6B2D6B2D9D
:104360006B2D6B2D6B2D6B2D6B2D6B2D6B2D6B2D8D
:104370006B2D6B2D6B2D6B4DFFDFFFFFFFFFFFFFE5
:1043800094926B2D6B2D6B2D6B2D6B2D6B2D6B2DDF
:104390006B2D6B2D6B2D6B2D6B2D6B2D6B2D6B2D5D
:1043A0006B2D6B2D6B2D6B2D6B2D6B2D6B2D6B2D4D
:1043B0006B2D6B2D6B2D6B2D6B2D6B2D6B2D6B2D3D
:1043C0006B2D632C18A3000000000000000000000B
:1043D00000000000000000000000000000000000DD
:1043E00000000000000000000000000000000000CD
:1043F00000000000000000000000000000000000BD
:104400000000528A6B2D6B2D6B2D6B2D6B2D6B2D40
:104410006B2D6B2D6B2D6B2D6B2D6B2D6B2D6B2DDC
:104420006B2D6B2D6B2D6B2D6B2D6B2D6B2D6B2DCC
:104430006B2D6B2D6B2D6B2D6B2D6B2D6B2D6B2DBC
:104440006B2D6B2D6B2D6B2D6B2D6B2D6B2DA5544B
:10445000FFFFFFFFFFFF9CF36B2D6B2D6B2D6B2D73
:104460006B2D6B2D6B2D6B2D6B2D6B2D6B2D6B2D8C
:104470006B2D6B2D6B2D6B2D6B2D6B2D6B2D6B2D7C
:104480006B2D6B2D6B2D6B2D6B2D6B2D6B2D6B2D6C
:104490006B2D6B2D6B2D6B2D6B2D6B2D6B2D6B2D5C
:1044A0006B2D6B2D6B2D6B2D6B2D6B2D6B2D6B2D4C
:1044B0006B2D6B2D6B2D6B2D6B2D6B2D6B2D6B2D3C
:1044C0006B2D6B2D6B2D6B2D6B2D6B2D6B2D6B2D2C
:1044D0006B2D6B2D6B2D6B2D6B2D6B2D6B2D6B2D1C
:1044E0006B2D6B2D6B2D6B2D6B2D6B2D6B2D6B2D0C
:1044F0006B2D6B2D6B2D6B2D6B2D6B2D6B2D6B2DFC
:104500006B2D6B2D6B2D6B2D6B2D6B2D6B2D6B2DEB
:104510006B2D6B2D6B2D6B2D6B2D6B2D6B2D6B2DDB
:104520006B2D6B2D6B2D6B2D6B2D6B2D6B2D6B2DCB
:104530006B2D6B2D6B2D6B2D6B2D6B2D6B2D6B2DBB
:104540006B2D6B2D6B2D6B2D6B2D6B2D6B2D6B2DAB
:104550006B2D6B2D6B2D94B2FFFFFFFFFFFFFFFF55
:1045600084106B2D6B2D6B2D6B2D6B2D6B2D6B2D8F
:104570006B2D6B2D6B2D6B2D6B2D6B2D6B2D6B2D7B
:104580006B2D6B2D6B2D6B2D6B2D6B2D6B2D6B2D6B
:104590006B2D6B2D6B2D6B2D6B2D6B2D6B2D6B2D5B
:1045A0006B2D6B2D528A00000000000000000000FF
:1045B00000000000000000000000000000000000FB
:1045C00000000000000000000000000000000000EB
:1045D00000000000000000000000000000000000DB
:1045E00021246B2D6B2D6B2D6B2D6B2D6B2D6B2D5E
:1045F0006B2D6B2D6B2D6B2D6B2D6B2D6B2D6B2DFB
:104600006B2D6B2D6B2D6B2D6B2D6B2D6B2D6B2DEA
:104610006B2D6B2D6B2D6B2D6B2D6B2D6B2D6B2DDA
:104620006B2D6B2D6B2D6B2D6B2D6B2D6B2DA55469
:10463000FFFFFFFFFFFF9CF36B2D6B2D6B2D6B2D91
:104640006B2D6B2D6B2D6B2D6B2D6B2D6B2D6B2DAA
:104650006B2D6B2D6B2D6B2D6B2D6B2D6B2D6B2D9A
:104660006B2D6B2D6B2D6B2D6B2D6B2D6B2D6B2D8A
:104670006B2D6B2D6B2D6B2D6B2D6B2D6B2D6B2D7A
:104680006B2D6B2D6B2D6B2D6B2D6B2D6B2D6B2D6A
:104690006B2D6B2D6B2D6B2D6B2D6B2D6B2D6B2D5A
:1046A0006B2D6B2D6B2D6B2D6B2D6B2D6B2D6B2D4A
:1046B0006B2D6B2D6B2D6B2D6B2D6B2D6B2D6B2D3A
:1046C0006B2D6B2D6B2D6B2D6B2D6B2D6B2D6B2D2A
:1046D0006B2D6B2D6B2D6B2D6B2D6B2D6B2D6B2D1A
:1046E0006B2D6B2D6B2D6B2D6B2D6B2D6B2D6B2D0A
:1046F0006B2D6B2D6B2D6B2D6B2D6B2D6B2D6B2DFA
:104700006B2D6B2D6B2D6B2D6B2D6B2D6B2D6B2DE9
:104710006B2D6B2D6B2D6B2D6B2D6B2D6B2D6B2DD9
:104720006B2DB5B6C618C618C618C618C618C61852
:10473000C618C638DEDBFFFFFFFFFFFFFFFFEF5DA0
:104740006B4D6B2D6B2D6B2D6B2D6B2D6B2D6B2D89
:104750006B2D6B2D6B2D6B2D6B2D6B2D6B2D6B2D99
:104760006B2D6B2D6B2D6B2D6B2D6B2D6B2D6B2D89
:104770006B2D6B2D6B2D6B2D6B2D6B2D6B2D6B2D79
:104780006B2D6B2D6B2D212400000000000000001C
:104790000000000000000000000000000000000019
:1047A0000000000000000000000000000000000009
:1047B00000000000000000000000000000000000F9
:1047C0005ACB6B2D6B2D6B2D6B2D6B2D6B2D6B2D9C
:1047D0006B2D6B2D6B2D6B2D6B2D6B2D6B2D6B2D19
:1047E0006B2D6B2D6B2D6B2D6B2D6B2D6B2D6B2D09
:1047F0006B2D6B2D6B2D6B2D6B2D6B2D6B2D6B2DF9
:104800006B2D6B2D6B2D6B2D6B2D6B2D6B2DA55487
:10481000FFFFFFFFFFFF9CF36B2D6B2D6B2D6B2DAF
:104820006B2D6B2D6B2D6B2D6B2D6B2D6B2D6B2DC8
:104830006B2D6B2D6B2D6B2D6B2D6B2D6B2D6B2DB8
:104840006B2D6B2D6B2D6B2D6B2D6B2D6B2D6B2DA8
:104850006B2D6B2D6B2D6B2D6B2D6B2D6B2D6B2D98
:104860006B2D6B2D6B2D6B2D6B2D6B2D6B2D6B2D88
:104870006B2D6B2D6B2D6B2D6B2D6B2D6B4D738EEF
:104880007BCF843094929CD3A514A534A534AD7508
:10489000AD75AD75AD75AD75AD75A534A534A51403
:1048A0009CD38C7184307BCF738E6B4D6B2D6B2DB5
:1048B0006B2D6B2D6B2D6B2D6B2D6B2D6B2D6B2D38
:1048C0006B2D6B2D6B2D6B2D6B2D6B2D6B2D6B2D28
:1048D0006B2D6B2D6B2D6B2D6B2D6B2D6B2D6B2D18
:1048E0006B2D6B2D6B2D6B2D6B2D6B2D6B2D6B2D08
:1048F0006B2D6B2D6B2D6B2D6B2D6B2D6B2D6B2DF8
:104900006B2DEF7DFFFFFFFFFFFFFFFFFFFFFFFFAF
:10491000FFFFFFFFFFFFFFFFFFFFFFFFFFDF94929F
:104920006B2D6B2D6B2D6B2D6B2D6B2D6B2D6B2DC7
:104930006B2D6B2D6B2D6B2D6B2D6B2D6B2D6B2DB7
:104940006B2D6B2D6B2D6B2D6B2D6B2D6B2D6B2DA7
:104950006B2D6B2D6B2D6B2D6B2D6B2D6B2D6B2D97
:104960006B2D6B2D6B2D5ACB00000000000000005A
:104970000000000000000000000000000000000037
:104980000000000000000000000000000000000027
:1049900000000000000000000000000000002945A9
:1049A0006B2D6B2D6B2D6B2D6B2D6B2D6B2D6B2D47
:1049B0006B2D6B2D6B2D6B2D6B2D6B2D6B2D6B2D37
:1049C0006B2D6B2D6B2D6B2D6B2D6B2D6B2D6B2D27
:1049D0006B2D6B2D6B2D6B2D6B2D6B2D6B2D6B2D17
:1049E0006B2D6B2D6B2D6B2D6B2D6B2D6B2DA554A6
:1049F000FFFFFFFFFFFF9CF36B2D6B2D6B2D6B2DCE
:104A00006B2D6B2D6B2D6B2D6B2D6B2D6B2D6B2DE6
:104A10006B2D6B2D6B2D6B2D6B2D6B2D6B2D6B2DD6
:104A20006B2D6B2D6B2D6B2D6B2D6B2D6B2D6B2DC6
:104A30006B2D6B2D6B2D6B2D6B2D6B2D6B2D6B2DB6
:104A40006B2D6B2D6B2D6B2D6B2D6B2D6B6D84106A
:104A50009CD3AD75BDF7CE79DEFBEF7DFFFFFFFF89
:104A6000FFFFFFFFFFFFFFFFFFFFFFFFFFFFFFFF56
:104A7000FFFFFFFFFFFFFFFFFFFFFFFFFFFFFFFF46
:104A8000FFFFFFFFFFFFFFFFFFFFFFFFEF7DDEFBED
:104A9000CE79BDF7AD759CD384106B6D6B2D6B2DEE
:104AA0006B2D6B2D6B2D6B2D6B2D6B2D6B2D6B2D46
:104AB0006B2D6B2D6B2D6B2D6B2D6B2D6B2D6B2D36
:104AC0006B2D6B2D6B2D6B2D6B2D6B2D6B2D6B2D26
:104AD0006B2D6B2D6B2D6B2D6B2D6B2D6B2D6B2D16
:104AE0006B2DEF7DFFFFFFFFFFFFFFFFFFFFFFFFCE
:104AF000FFFFFFFFFFFFFFFFFFFFDEDB8C516B2D92
:104B00006B2D6B2D6B2D6B2D6B2D6B2D6B2D6B2DE5
:104B10006B2D6B2D6B2D6B2D6B2D6B2D6B2D6B2DD5
:104B20006B2D6B2D6B2D6B2D6B2D6B2D6B2D6B2DC5
:104B30006B2D6B2D6B2D6B2D6B2D6B2D6B2D6B2DB5
:104B40006B2D6B2D6B2D6B2D294500000000000097
:104B50000000000000000000000000000000000055
:104B60000000000000000000000000000000000045
:104B700000000000000000000000000000005ACB10
:104B80006B2D6B2D6B2D6B2D6B2D6B2D6B2D6B2D65
:104B90006B2D6B2D6B2D6B2D6B2D6B2D6B2D6B2D55
:104BA0006B2D6B2D6B2D6B2D6B2D6B2D6B2D6B2D45
:104BB0006B2D6B2D6B2D6B2D6B2D6B2D6B2D6B2D35
:104BC0006B2D6B2D6B2D6B2D6B2D6B2D6B2DA554C4
:104BD000FFFFFFFFFFFF9CF36B2D6B2D6B2D6B2DEC
:104BE0006B2D6B2D6B2D6B2D6B2D6B2D6B2D6B2D05
:104BF0006B2D6B2D6B2D6B2D6B2D6B2D6B2D6B2DF5
:104C00006B2D6B2D6B2D6B2D6B2D6B2D6B2D6B2DE4
:104C10006B2D6B2D6B2D6B2D6B2D6B2D6B2D6B2DD4
:104C20006B4D8430A514BDF7D6BAEF7DFFFFFFFFB3
:104C3000FFFFFFFFFFFFFFFFFFFFFFFFFFFFFFFF84
:104C4000FFFFFFFFFFFFFFFFFFFFFFFFFFFFFFFF74
:104C5000FFFFFFFFFFFFFFFFFFFFFFFFFFFFFFFF64
:104C6000FFFFFFFFFFFFFFFFFFFFFFFFFFFFFFFF54
:104C7000FFFFFFFFFFFFFFFFFFFFFFFFEF7DD6BA44
:104C8000BDF7A51484306B4D6B2D6B2D6B2D6B2DEB
:104C90006B2D6B2D6B2D6B2D6B2D6B2D6B2D6B2D54
:104CA0006B2D6B2D6B2D6B2D6B2D6B2D6B2D6B2D44
:104CB0006B2D6B2D6B2D6B2D6B2D6B2D6B2D6B2D34
:104CC0006B2D94B29CD39CD39CD39CD39CD39CD36C
:104CD0009CD39CD394B28C71738E6B2D6B2D6B2DEA
:104CE0006B2D6B2D6B2D6B2D6B2D6B2D6B2D6B2D04
:104CF0006B2D6B2D6B2D6B2D6B2D6B2D6B2D6B2DF4
:104D00006B2D6B2D6B2D6B2D6B2D6B2D6B2D6B2DE3
:104D10006B2D6B2D6B2D6B2D6B2D6B2D6B2D6B2DD3
:104D20006B2D6B2D6B2D6B2D5ACB000000000000FE
:104D30000000000000000000000000000000000073
:104D40000000000000000000000000000000000063
:104D500000000000000000000000000029656B2D2D
:104D60006B2D6B2D6B2D6B2D6B2D6B2D6B2D6B2D83
:104D70006B2D6B2D6B2D6B2D6B2D6B2D6B2D6B2D73
:104D80006B2D6B2D6B2D6B2D6B2D6B2D6B2D6B2D63
:104D90006B2D6B2D6B2D6B2D6B2D6B2D6B2D6B2D53
:104DA0006B2D6B2D6B2D6B2D6B2D6B2D6B2D7BCF91
:104DB00094929492949273AE6B2D6B2D6B2D6B2D00
:104DC0006B2D6B2D6B2D6B2D6B2D6B2D6B2D6B2D23
:104DD0006B2D6B2D6B2D6B2D6B2D6B2D6B2D6B2D13
:104DE0006B2D6B2D6B2D6B2D6B2D6B2D6B2D6B2D03
:104DF0006B2D6B2D6B2D6B2D7BEFA514C618DF1B58
:104E0000FFDFFFFFFFFFFFFFFFFFFFFFFFFFFFFFD2
:104E1000FFFFFFFFFFFFFFFFFFFFFFFFFFFFFFFFA2
:104E2000FFFFFFFFFFFFFFFFFFFFFFFFFFFFFFFF92
:104E3000FFFFFFFFFFFFFFFFFFFFFFFFFFFFFFFF82
:104E4000FFFFFFFFFFFFFFFFFFFFFFFFFFFFFFFF72
:104E5000FFFFFFFFFFFFFFFFFFFFFFFFFFFFFFFF62
:104E6000FFFFFFFFFFFFFFDFDEFBC618A5147BEF90
:104E70006B2D6B2D6B2D6B2D6B2D6B2D6B2D6B2D72
:104E80006B2D6B2D6B2D6B2D6B2D6B2D6B2D6B2D62
:104E90006B2D6B2D6B2D6B2D6B2D6B2D6B2D6B2D52
:104EA0006B2D6B2D6B2D6B2D6B2D6B2D6B2D6B2D42
:104EB0006B2D6B2D6B2D6B2D6B2D6B2D6B2D6B2D32
:104EC0006B2D6B2D6B2D6B2D6B2D6B2D6B2D6B2D22
:104ED0006B2D6B2D6B2D6B2D6B2D6B2D6B2D6B2D12
:104EE0006B2D6B2D6B2D6B2D6B2D6B2D6B2D6B2D02
:104EF0006B2D6B2D6B2D6B2D6B2D6B2D6B2D6B2DF2
:104F00006B2D6B2D6B2D6B2D6B2D2945000000003B
:104F10000000000000000000000000000000000091
:104F20000000000000000000000000000000000081
:104F30000000000000000000000000205AEB6B2D74
:104F40006B2D6B2D6B2D6B2D6B2D6B2D6B2D6B2DA1
:104F50006B2D6B2D6B2D6B2D6B2D6B2D6B2D6B2D91
:104F60006B2D6B2D6B2D6B2D6B2D6B2D6B2D6B2D81
:104F70006B2D6B2D6B2D6B2D6B2D6B2D6B2D6B2D71
:104F80006B2D6B2D6B2D6B2D6B2D6B2D6B2D6B2D61
:104F90006B2D6B2D6B2D6B2D6B2D6B2D6B2D6B2D51
:104FA0006B2D6B2D6B2D6B2D6B2D6B2D6B2D6B2D41
:104FB0006B2D6B2D6B2D6B2D6B2D6B2D6B2D6B2D31
:104FC0006B2D6B2D6B2D6B2D6B2D6B2D6B2D6B4D01
:104FD0008430AD55CE79EF9DFFFFFFFFFFFFFFFF50
:104FE000FFFFFFFFFFFFFFFFFFFFFFFFFFFFFFFFD1
:104FF000FFFFFFFFFFFFFFFFFFFFFFFFFFFFF7BE0A
:10500000EF5DDF1BD6BACE79C638C618BE17B5B667
:10501000B5B6B5B6B5B6B5B6B5B6BE17C618C638C8
:10502000CE79D6BADF1BEF5DF7BEFFFFFFFFFFFFB4
:10503000FFFFFFFFFFFFFFFFFFFFFFFFFFFFFFFF80
:10504000FFFFFFFFFFFFFFFFFFFFFFFFFFFFFFFF70
:10505000EF9DCE79AD5584306B4D6B2D6B2D6B2D47
:105060006B2D6B2D6B2D6B2D6B2D6B2D6B2D6B2D80
:105070006B2D6B2D6B2D6B2D6B2D6B2D6B2D6B2D70
:105080006B2D6B2D6B2D6B2D6B2D6B2D6B2D6B2D60
:105090006B2D6B2D6B2D6B2D6B2D6B2D6B2D6B2D50
:1050A0006B2D6B2D6B2D6B2D6B2D6B2D6B2D6B2D40
:1050B0006B2D6B2D6B2D6B2D6B2D6B2D6B2D6B2D30
:1050C0006B2D6B2D6B2D6B2D6B2D6B2D6B2D6B2D20
:1050D0006B2D6B2D6B2D6B2D6B2D6B2D6B2D6B2D10
:1050E0006B2D6B2D6B2D6B2D6B2D5AEB0020000063
:1050F00000000000000000000000000000000000B0
:10510000000000000000000000000000000000009F
:105110000000000000000000000029656B2D6B2DD1
:105120006B2D6B2D6B2D6B2D6B2D6B2D6B2D6B2DBF
:105130006B2D6B2D6B2D6B2D6B2D6B2D6B2D6B2DAF
:105140006B2D6B2D6B2D6B2D6B2D6B2D6B2D6B2D9F
:105150006B2D6B2D6B2D6B2D6B2D6B2D6B2D6B2D8F
:105160006B2D6B2D6B2D6B2D6B2D6B2D6B2D6B2D7F
:105170006B2D6B2D6B2D6B2D6B2D6B2D6B2D6B2D6F
:105180006B2D6B2D6B2D6B2D6B2D6B2D6B2D6B2D5F
:105190006B2D6B2D6B2D6B2D6B2D6B2D6B2D6B2D4F
:1051A0006B2D6B2D6B2D6B2D738E9CD3C638EF9DA5
:1051B000FFFFFFFFFFFFFFFFFFFFFFFFFFFFFFFFFF
:1051C000FFFFFFFFFFFFFFFFFFFFFFFFFFFFEF5DA1
:1051D000D69ABDF7AD559CF38C517BCF6B4D6B2DA3
:1051E0006B2D6B2D6B2D6B2D6B2D6B2D6B2D6B2DFF
:1051F0006B2D6B2D6B2D6B2D6B2D6B2D6B2D6B2DEF
:105200006B2D6B2D6B2D6B2D6B2D6B4D7BCF8C51C7
:105210009CF3AD55BDF7D69AEF5DFFFFFFFFFFFF93
:10522000FFFFFFFFFFFFFFFFFFFFFFFFFFFFFFFF8E
:10523000FFFFFFFFFFFFFFFFEF9DC6389CD3738E7C
:105240006B2D6B2D6B2D6B2D6B2D6B2D6B2D6B2D9E
:105250006B2D6B2D6B2D6B2D6B2D6B2D6B2D6B2D8E
:105260006B2D6B2D6B2D6B2D6B2D6B2D6B2D6B2D7E
:105270006B2D6B2D6B2D6B2D6B2D6B2D6B2D6B2D6E
:105280006B2D6B2D6B2D6B2D6B2D6B2D6B2D6B2D5E
:105290006B2D6B2D6B2D6B2D6B2D6B2D6B2D6B2D4E
:1052A0006B2D6B2D6B2D6B2D6B2D6B2D6B2D6B2D3E
:1052B0006B2D6B2D6B2D6B2D6B2D6B2D6B2D6B2D2E
:1052C0006B2D6B2D6B2D6B2D6B2D6B2D29450000E0
:1052D00000000000000000000000000000000000CE
:1052E00000000000000000000000000000000000BE
:1052F000000000000000000000005ACB6B2D6B2D59
:105300006B2D6B2D6B2D6B2D6B2D6B2D6B2D6B2DDD
:105310006B2D6B2D6B2D6B2D6B2D6B2D6B2D6B2DCD
:105320006B2D6B2D6B2D6B2D6B2D6B2D6B2D6B2DBD
:105330006B2D6B2D6B2D6B2D6B2D6B2D6B2D6B2DAD
:105340006B2D6B2D6B2D6B2D6B2D6B2D6B2D6B2D9D
:105350006B2D6B2D6B2D6B2D6B2D6B2D6B2D6B2D8D
:105360006B2D6B2D6B2D6B2D6B2D6B2D6B2D6B2D7D
:105370006B2D6B2D6B2D6B2D6B2D6B2D6B2D6B2D6D
:105380006B2D7BEFAD75DEFBFFFFFFFFFFFFFFFF28
:10539000FFFFFFFFFFFFFFFFFFFFFFFFFFFFFFFF1D
:1053A000FFFFEF7DCE79B59694D284106B4D6B2DB7
:1053B0006B2D6B2D6B2D6B2D6B2D6B2D6B2D6B2D2D
:1053C0006B2D6B2D6B2D6B2D6B2D6B2D6B2D6B2D1D
:1053D0006B2D6B2D6B2D6B2D6B2D6B2D6B2D6B2D0D
:1053E0006B2D6B2D6B2D6B2D6B2D6B2D6B2D6B2DFD
:1053F0006B2D6B2D6B2D6B2D6B2D6B4D841094D203
:10540000B596CE99EF7DFFFFFFFFFFFFFFFFFFFF88
:10541000FFFFFFFFFFFFFFFFFFFFFFFFFFFFFFFF9C
:10542000DEDBAD757BCF6B2D6B2D6B2D6B2D6B2D5F
:105430006B2D6B2D6B2D6B2D6B2D6B2D6B2D6B2DAC
:105440006B2D6B2D6B2D6B2D6B2D6B2D6B2D6B2D9C
:105450006B2D6B2D6B2D6B2D6B2D6B2D6B2D6B2D8C
:105460006B2D6B2D6B2D6B2D6B2D6B2D6B2D6B2D7C
:105470006B2D6B2D6B2D6B2D6B2D6B2D6B2D6B2D6C
:105480006B2D6B2D6B2D6B2D6B2D6B2D6B2D6B2D5C
:105490006B2D6B2D6B2D6B2D6B2D6B2D6B2D6B2D4C
:1054A0006B2D6B2D6B2D6B2D6B2D6B2D5ACB000047
:1054B00000000000000000000000000000000000EC
:1054C00000000000000000000000000000000000DC
:1054D000000000000000000021046B2D6B2D6B2DDF
:1054E0006B2D6B2D6B2D6B2D6B2D6B2D6B2D6B2DFC
:1054F0006B2D6B2D6B2D6B2D6B2D6B2D6B2D6B2DEC
:105500006B2D6B2D6B2D6B2D6B2D6B2D6B2D6B2DDB
:105510006B2D6B2D6B2D6B2D6B2D6B2D6B2D6B2DCB
:105520006B2D6B2D6B2D6B2D6B2D6B2D6B2D6B2DBB
:105530006B2D6B2D6B2D6B2D6B2D6B2D6B2D6B2DAB
:105540006B2D6B2D6B2D6B2D6B2D6B2D6B2D6B2D9B
:105550006B2D6B2D6B2D6B2D6B2D6B2D7BCFAD754F
:10556000DF1BFFFFFFFFFFFFFFFFFFFFFFFFFFFF4F
:10557000FFFFFFFFFFFFFFFFF7BED69AAD759492C6
:10558000738E6B2D6B2D6B2D6B2D6B2D6B2D6B2DF2
:105590006B2D6B2D6B2D6B2D6B2D6B2D6B2D6B2D4B
:1055A0006B2D6B2D6B2D6B2D6B2D6B2D6B2D6B2D3B
:1055B0006B2D6B2D6B2D6B2D6B2D6B2D6B2D6B2D2B
:1055C0006B2D6B2D6B2D6B2D6B2D6B2D6B2D6B2D1B
:1055D0006B2D6B2D6B2D6B2D6B2D6B2D6B2D6B2D0B
:1055E0006B2D6B2D6B2D73AE9492AD75D69AF7BE65
:1055F000FFFFFFFFFFFFFFFFFFFFFFFFFFFFFFFFBB
:10560000FFFFFFFFFFFFDEFBAD757BCF6B2D6B2D2B
:105610006B2D6B2D6B2D6B2D6B2D6B2D6B2D6B2DCA
:105620006B2D6B2D6B2D6B2D6B2D6B2D6B2D6B2DBA
:105630006B2D6B2D6B2D6B2D6B2D6B2D6B2D6B2DAA
:105640006B2D6B2D6B2D6B2D6B2D6B2D6B2D6B2D9A
:105650006B2D6B2D6B2D6B2D6B2D6B2D6B2D6B2D8A
:105660006B2D6B2D6B2D6B2D6B2D6B2D6B2D6B2D7A
:105670006B2D6B2D6B2D6B2D6B2D6B2D6B2D6B2D6A
:105680006B2D6B2D6B2D6B2D6B2D6B2D6B2D2104CD
:10569000000000000000000000000000000000000A
:1056A00000000000000000000000000000000000FA
:1056B0000000000000000000528A6B2D6B2D6B2D46
:1056C0006B2D6B2D6B2D6B2D6B2D6B2D6B2D6B2D1A
:1056D0006B2D6B2D6B2D6B2D6B2D6B2D6B2D6B2D0A
:1056E0006B2D6B2D6B2D6B2D6B2D6B2D6B2D6B2DFA
:1056F0006B2D6B2D6B2D6B2D6B2D6B2D6B2D6B2DEA
:105700006B2D6B2D6B2D6B2D6B2D6B2D6B2D6B2DD9
:105710006B2D6B2D6B2D6B2D6B2D6B2D6B2D6B2DC9
:105720006B2D6B2D6B2D6B2D6B2D6B2D6B2D6B2DB9
:105730006B2D6B2D6B2D738EA534DEFBFFFFFFFFF2
:10574000FFFFFFFFFFFFFFFFFFFFFFFFFFFFFFFF69
:10575000F7BECE79AD5584306B4D6B2D6B2D6B2D17
:105760006B2D6B2D6B2D6B2D6B2D6B2D6B2D6B2D79
:105770006B2D6B2D6B2D6B2D6B2D6B2D6B2D6B2D69
:105780006B2D6B2D6B2D6B2D6B2D6B2D6B2D6B2D59
:105790006B2D6B2D6B2D6B2D6B2D6B2D6B2D6B2D49
:1057A0006B2D6B2D6B2D6B2D6B2D6B2D6B2D6B2D39
:1057B0006B2D6B2D6B2D6B2D6B2D6B2D6B2D6B2D29
:1057C0006B2D6B2D6B2D6B2D6B2D6B2D6B2D6B4DF9
:1057D0008430AD55CE79F7BEFFFFFFFFFFFFFFFF1F
:1057E000FFFFFFFFFFFFFFFFFFFFFFFFDEFBA53413
:1057F000738E6B2D6B2D6B2D6B2D6B2D6B2D6B2D80
:105800006B2D6B2D6B2D6B2D6B2D6B2D6B2D6B2DD8
:105810006B2D6B2D6B2D6B2D6B2D6B2D6B2D6B2DC8
:105820006B2D6B2D6B2D6B2D6B2D6B2D6B2D6B2DB8
:105830006B2D6B2D6B2D6B2D6B2D6B2D6B2D6B2DA8
:105840006B2D6B2D6B2D6B2D6B2D6B2D6B2D6B2D98
:105850006B2D6B2D6B2D6B2D6B2D6B2D6B2D6B2D88
:105860006B2D6B2D6B2D6B2D6B2D6B2D6B2D4A695D
:105870000000000000000000000000000000000028
:105880000000000000000000000000000000000018
:1058900000000000000018A36B2D6B2D6B2D6B2DED
:1058A0006B2D6B2D6B2D6B2D6B2D6B2D6B2D6B2D38
:1058B0006B2D6B2D6B2D6B2D6B2D6B2D6B2D6B2D28
:1058C0006B2D6B2D6B2D6B2D6B2D6B2D6B2D6B2D18
:1058D0006B2D6B2D6B2D6B2D6B2D6B2D6B2D6B2D08
:1058E0006B2D6B2D6B2D6B2D6B2D6B2D6B2D6B2DF8
:1058F0006B2D6B2D6B2D6B2D6B2D6B2D6B2D6B2DE8
:105900006B2D6B2D6B2D6B2D6B2D6B2D6B2D6B2DD7
:105910006B4D8C51C618F7DEFFFFFFFFFFFFFFFF47
:10592000FFFFFFFFFFFFFFFFFFFFEF5DBDF794925B
:105930006B4D6B2D6B2D6B2D6B2D6B2D6B2D6B2D87
:105940006B2D6B2D6B2D6B2D6B2D6B2D6B2D6B2D97
:105950006B2D6B2D6B2D6B2D6B2D6B2D6B2D6B2D87
:105960006B2D6B2D6B2D6B2D6B2D6B2D6B2D6B2D77
:105970006B2D6B2D6B2D6B2D6B2D6B2D6B2D6B2D67
:105980006B2D6B2D6B2D6B2D6B2D6B2D6B2D6B2D57
:105990006B2D6B2D6B2D6B2D6B2D6B2D6B2D6B2D47
:1059A0006B2D6B2D6B2D6B2D6B2D6B2D6B2D6B2D37
:1059B0006B2D6B2D6B2D6B4D8430B596DF1BFFFF70
:1059C000FFFFFFFFFFFFFFFFFFFFFFFFFFFFFFFFE7
:1059D000FFDFCE5994B26B4D6B2D6B2D6B2D6B2D64
:1059E0006B2D6B2D6B2D6B2D6B2D6B2D6B2D6B2DF7
:1059F0006B2D6B2D6B2D6B2D6B2D6B2D6B2D6B2DE7
:105A00006B2D6B2D6B2D6B2D6B2D6B2D6B2D6B2DD6
:105A10006B2D6B2D6B2D6B2D6B2D6B2D6B2D6B2DC6
:105A20006B2D6B2D6B2D6B2D6B2D6B2D6B2D6B2DB6
:105A30006B2D6B2D6B2D6B2D6B2D6B2D6B2D6B2DA6
:105A40006B2D6B2D6B2D6B2D6B2D6B2D6B2D6B2D96
:105A500018A300000000000000000000000000008B
:105A60000000000000000000000000000000000036
:105A700000000000000042286B2D6B2D6B2D6B2D5C
:105A80006B2D6B2D6B2D6B2D6B2D6B2D6B2D6B2D56
:105A90006B2D6B2D6B2D6B2D6B2D6B2D6B2D6B2D46
:105AA0006B2D6B2D6B2D6B2D6B2D6B2D6B2D6B2D36
:105AB0006B2D6B2D6B2D6B2D6B2D6B2D6B2D6B2D26
:105AC0006B2D6B2D6B2D6B2D6B2D6B2D6B2D6B2D16
:105AD0006B2D6B2D6B2D6B2D6B2D6B2D6B2D6B2D06
:105AE0006B2D6B2D6B2D6B2D6B2D6B2D738EAD7503
:105AF000EF7DFFFFFFFFFFFFFFFFFFFFFFFFFFFF48
:105B0000FFFFFFFFD6DAA53473AE6B2D6B2D6B2D27
:105B10006B2D6B2D6B2D6B2D6B2D6B2D6B2D6B2DC5
:105B20006B2D6B2D6B2D6B2D6B2D6B2D6B2D6B2DB5
:105B30006B2D6B2D6B2D6B2D6B2D6B2D6B2D6B2DA5
:105B40006B2D6B2D6B2D6B2D6B2D6B2D6B2D6B2D95
:105B50006B2D6B2D6B2D6B2D6B2D6B2D6B2D6B2D85
:105B60006B2D6B2D6B2D6B2D6B2D6B2D6B2D6B2D75
:105B70006B2D6B2D6B2D6B2D6B2D6B2D6B2D6B2D65
:105B80006B2D6B2D6B2D6B2D6B2D6B2D6B2D6B2D55
:105B90006B2D6B2D6B2D6B2D6B2D6B2D6B2D73AEBC
:105BA000A534D6DAFFFFFFFFFFFFFFFFFFFFFFFF78
:105BB000FFFFFFFFFFFFEF5DAD75738E6B2D6B2D4C
:105BC0006B2D6B2D6B2D6B2D6B2D6B2D6B2D6B2D15
:105BD0006B2D6B2D6B2D6B2D6B2D6B2D6B2D6B2D05
:105BE0006B2D6B2D6B2D6B2D6B2D6B2D6B2D6B2DF5
:105BF0006B2D6B2D6B2D6B2D6B2D6B2D6B2D6B2DE5
:105C00006B2D6B2D6B2D6B2D6B2D6B2D6B2D6B2DD4
:105C10006B2D6B2D6B2D6B2D6B2D6B2D6B2D6B2DC4
:105C20006B2D6B2D6B2D6B2D6B2D6B2D6B2D6B2DB4
:105C300042280000000000000000000000000000FA
:105C40000000000000000000000000000000000054
:105C5000000000000841632C6B2D6B2D6B2D6B2D0C
:105C60006B2D6B2D6B2D6B2D6B2D6B2D6B2D6B2D74
:105C70006B2D6B2D6B2D6B2D6B2D6B2D6B2D6B2D64
:105C80006B2D6B2D6B2D6B2D6B2D6B2D6B2D6B2D54
:105C90006B2D6B2D6B2D6B2D6B2D6B2D6B2D6B2D44
:105CA0006B2D6B2D6B2D6B2D6B2D6B2D6B2D6B2D34
:105CB0006B2D6B2D6B2D6B2D6B2D6B2D6B2D6B2D24
:105CC0006B2D6B2D6B2D6B2D7BEFBDF7F7DEFFFF83
:105CD000FFFFFFFFFFFFFFFFFFFFFFFFFFFFDEDB19
:105CE000AD5573AE6B2D6B2D6B2D6B2D6B2D6B2D01
:105CF0006B2D6B2D6B2D6B2D6B2D6B2D6B2D6B2DE4
:105D00006B2D6B2D6B2D6B2D6B2D6B2D6B2D6B2DD3
:105D10006B2D6B2D6B2D6B2D6B2D6B2D6B2D6B2DC3
:105D20006B2D6B2D6B2D6B2D6B2D6B2D6B2D6B2DB3
:105D30006B2D6B2D6B2D6B2D6B2D6B2D6B2D6B2DA3
:105D40006B2D6B2D6B2D6B2D6B2D6B2D6B2D6B2D93
:105D50006B2D6B2D6B2D6B2D6B2D6B2D6B2D6B2D83
:105D60006B2D6B2D6B2D6B2D6B2D6B2D6B2D6B2D73
:105D70006B2D6B2D6B2D6B2D6B2D6B2D6B2D6B2D63
:105D80006B2D6B2D738E9CF3D69AFFFFFFFFFFFFE9
:105D9000FFFFFFFFFFFFFFFFFFFFFFDFC63884109D
:105DA0006B2D6B2D6B2D6B2D6B2D6B2D6B2D6B2D33
:105DB0006B2D6B2D6B2D6B2D6B2D6B2D6B2D6B2D23
:105DC0006B2D6B2D6B2D6B2D6B2D6B2D6B2D6B2D13
:105DD0006B2D6B2D6B2D6B2D6B2D6B2D6B2D6B2D03
:105DE0006B2D6B2D6B2D6B2D6B2D6B2D6B2D6B2DF3
:105DF0006B2D6B2D6B2D6B2D6B2D6B2D6B2D6B2DE3
:105E00006B2D6B2D6B2D6B2D6B2D6B2D6B2D6B2DD2
:105E1000632C0841000000000000000000000000AA
:105E20000000000000000000000000000000000072
:105E30000000000031666B2D6B2D6B2D6B2D6B2DD3
:105E40006B2D6B2D6B2D6B2D6B2D6B2D6B2D6B2D92
:105E50006B2D6B2D6B2D6B2D6B2D6B2D6B2D6B2D82
:105E60006B2D6B2D6B2D6B2D6B2D6B2D6B2D6B2D72
:105E70006B2D6B2D6B2D6B2D6B2D6B2D6B2D6B2D62
:105E80006B2D6B2D6B2D6B2D6B2D6B2D6B2D6B2D52
:105E90006B2D6B2D6B2D6B2D6B2D6B2D6B2D6B2D42
:105EA0006B2D6B2D9492D6BAFFFFFFFFFFFFFFFF14
:105EB000FFFFFFFFFFFFFFFFE75CAD757BCF6B2DA3
:105EC0006B2D6B2D6B2D6B2D6B2D6B2D6B2D6B2D12
:105ED0006B2D6B2D6B2D6B2D6B2D6B2D6B2D6B2D02
:105EE0006B2D6B2D6B2D6B2D6B2D6B2D6B2D6B2DF2
:105EF0006B2D6B2D6B2D6B2D6B2D6B2D6B2D6B2DE2
:105F00006B2D6B2D6B2D6B2D6B2D6B2D6B2D6B2DD1
:105F10006B2D6B2D6B2D6B2D6B2D6B2D6B2D6B2DC1
:105F20006B2D6B2D6B2D6B2D6B2D6B2D6B2D6B2DB1
:105F30006B2D6B2D6B2D6B2D6B2D6B2D6B2D6B2DA1
:105F40006B2D6B2D6B2D6B2D6B2D6B2D6B2D6B2D91
:105F50006B2D6B2D6B2D6B2D6B2D6B2D6B2D6B2D81
:105F60006B2D6B2D6B2D6B2D6B2D7BCFB596E75C61
:105F7000FFFFFFFFFFFFFFFFFFFFFFFFFFFFFFFF31
:105F8000D6BA94926B2D6B2D6B2D6B2D6B2D6B2DCB
:105F90006B2D6B2D6B2D6B2D6B2D6B2D6B2D6B2D41
:105FA0006B2D6B2D6B2D6B2D6B2D6B2D6B2D6B2D31
:105FB0006B2D6B2D6B2D6B2D6B2D6B2D6B2D6B2D21
:105FC0006B2D6B2D6B2D6B2D6B2D6B2D6B2D6B2D11
:105FD0006B2D6B2D6B2D6B2D6B2D6B2D6B2D6B2D01
:105FE0006B2D6B2D6B2D6B2D6B2D6B2D6B2D6B2DF1
:105FF0006B2D29650000000000000000000000007B
:106000000000000000000000000000000000000090
:106010000000000052AA6B2D6B2D6B2D6B2D6B2D8C
:106020006B2D6B2D6B2D6B2D6B2D6B2D6B2D6B2DB0
:106030006B2D6B2D6B2D6B2D6B2D6B2D6B2D6B2DA0
:106040006B2D6B2D6B2D6B2D6B2D6B2D6B2D6B2D90
:106050006B2D6B2D6B2D6B2D6B2D6B2D6B2D6B2D80
:106060006B2D6B2D6B2D6B2D6B2D6B2D6B2D6B2D70
:106070006B2D6B2D6B2D6B2D6B2D6B2D6B2D6B4D40
:1060800094B2DF1BFFFFFFFFFFFFFFFFFFFFFFFFDC
:10609000FFFFF7BEC6388C716B4D6B2D6B2D6B2DD2
:1060A0006B2D6B2D6B2D6B2D6B2D6B2D6B2D6B2D30
:1060B0006B2D6B2D6B2D6B2D6B2D6B2D6B2D6B2D20
:1060C0006B2D6B2D6B2D6B2D6B2D6B2D6B2D6B2D10
:1060D0006B2D6B2D6B2D6B2D6B2D6B2D6B2D6B2D00
:1060E0006B2D6B2D6B2D6B2D6B2D6B2D6B2D6B2DF0
:1060F0006B2D6B2D6B2D6B2D6B2D6B2D6B2D6B2DE0
:106100006B2D6B2D6B2D6B2D6B2D6B2D6B2D6B2DCF
:106110006B2D6B2D6B2D6B2D6B2D6B2D6B2D6B2DBF
:106120006B2D6B2D6B2D6B2D6B2D6B2D6B2D6B2DAF
:106130006B2D6B2D6B2D6B2D6B2D6B2D6B2D6B2D9F
:106140006B2D6B2D6B2D6B2D6B2D6B2D6B2D6B4D6F
:106150008C71C638F7DEFFFFFFFFFFFFFFFFFFFF79
:10616000FFFFFFFFDEFB94B26B4D6B2D6B2D6B2D94
:106170006B2D6B2D6B2D6B2D6B2D6B2D6B2D6B2D5F
:106180006B2D6B2D6B2D6B2D6B2D6B2D6B2D6B2D4F
:106190006B2D6B2D6B2D6B2D6B2D6B2D6B2D6B2D3F
:1061A0006B2D6B2D6B2D6B2D6B2D6B2D6B2D6B2D2F
:1061B0006B2D6B2D6B2D6B2D6B2D6B2D6B2D6B2D1F
:1061C0006B2D6B2D6B2D6B2D6B2D6B2D6B2D6B2D0F
:1061D0006B2D52AA0000000000000000000000002B
:1061E00000000000000000000000000000000000AF
:1061F000000018C36B2D6B2D6B2D6B2D6B2D6B2D34
:106200006B2D6B2D6B2D6B2D6B2D6B2D6B2D6B2DCE
:106210006B2D6B2D6B2D6B2D6B2D6B2D6B2D6B2DBE
:106220006B2D6B2D6B2D6B2D6B2D6B2D6B2D6B2DAE
:106230006B2D6B2D6B2D6B2D6B2D6B2D6B2D6B2D9E
:106240006B2D6B2D6B2D6B2D6B2D6B2D6B2D6B2D8E
:106250006B2D6B2D6B2D6B2D6B2D6B4D94B2DF1B4E
:10626000FFFFFFFFFFFFFFFFFFFFFFFFFFFFEF5DF0
:10627000AD75738E6B2D6B2D6B2D6B2D6B2D6B2D6B
:106280006B2D6B2D6B2D6B2D6B2D6B2D6B2D6B2D4E
:106290006B2D6B2D6B2D6B2D6B2D6B2D6B2D6B2D3E
:1062A0006B2D6B2D6B2D6B2D6B2D6B2D6B2D6B2D2E
:1062B0006B2D6B2D6B2D6B2D6B2D6B2D6B2D6B2D1E
:1062C0006B2D6B2D6B2D6B2D6B2D6B2D6B2D6B2D0E
:1062D0006B2D6B2D6B2D6B2D6B2D6B2D6B2D6B2DFE
:1062E0006B2D6B2D6B2D6B2D6B2D6B2D6B2D6B2DEE
:1062F0006B2D6B2D6B2D6B2D6B2D6B2D6B2D6B2DDE
:106300006B2D6B2D6B2D6B2D6B2D6B2D6B2D6B2DCD
:106310006B2D6B2D6B2D6B2D6B2D6B2D6B2D6B2DBD
:106320006B2D6B2D6B2D6B2D6B2D6B2D6B2D6B2DAD
:106330006B2D6B2D6B6DAD55EF5DFFFFFFFFFFFF0D
:10634000FFFFFFFFFFFFFFFFE71C9CF36B4D6B2D73
:106350006B2D6B2D6B2D6B2D6B2D6B2D6B2D6B2D7D
:106360006B2D6B2D6B2D6B2D6B2D6B2D6B2D6B2D6D
:106370006B2D6B2D6B2D6B2D6B2D6B2D6B2D6B2D5D
:106380006B2D6B2D6B2D6B2D6B2D6B2D6B2D6B2D4D
:106390006B2D6B2D6B2D6B2D6B2D6B2D6B2D6B2D3D
:1063A0006B2D6B2D6B2D6B2D6B2D6B2D6B2D6B2D2D
:1063B0006B2D6B2D18C300000000000000000000D2
:1063C00000000000000000000000000000000000CD
:1063D000000042086B2D6B2D6B2D6B2D6B2D6B2DE3
:1063E0006B2D6B2D6B2D6B2D6B2D6B2D6B2D6B2DED
:1063F0006B2D6B2D6B2D6B2D7BEF9CF36B2D6B2D14
:106400006B2D6B2D6B2D6B2D6B2D6B2D6B2D6B2DCC
:106410006B2D6B2D6B2D6B2D6B2D6B2D6B2D6B2DBC
:106420006B2D6B2D6B2D6B2D6B2D6B2D6B2D6B2DAC
:106430006B2D6B2D6B2D6B2D94B2E73CFFFFFFFF97
:10644000FFFFFFFFFFFFFFFFFFFFD6DA94B26B4DA8
:106450006B2D6B2D6B2D6B2D6B2D6B2D6B2D6B2D7C
:106460006B2D6B2D6B2D6B2D6B2D6B2D6B2D6B2D6C
:106470006B2D6B2D6B2D6B2D6B2D6B2D6B2D6B2D5C
:106480006B2D6B2D6B2D6B2D6B2D6B2D6B2D6B2D4C
:106490006B2D6B2D6B2D6B2D6B2D6B2D6B2D6B2D3C
:1064A0006B2D6B2D6B2D6B2D6B2D6B2D6B2D6B2D2C
:1064B0006B2D6B2D6B2D6B2D6B2D6B2D6B2D6B2D1C
:1064C0006B2D6B2D6B2D6B2D6B2D6B2D6B2D6B2D0C
:1064D0006B2D6B2D6B2D6B2D6B2D6B2D6B2D6B2DFC
:1064E0006B2D6B2D6B2D6B2D6B2D6B2D6B2D6B2DEC
:1064F0006B2D6B2D6B2D6B2D6B2D6B2D6B2D6B2DDC
:106500006B2D6B2D6B2D6B2D6B2D6B2D6B2D6B2DCB
:106510006B2D6B2D6B2D6B2D6B4D94D2DEDBFFFF46
:10652000FFFFFFFFFFFFFFFFFFFFFFFFE71C94924E
:106530006B2D6B2D6B2D6B2D6B2D6B2D6B2D6B2D9B
:106540006B2D6B2D6B2D6B2D6B2D6B2D6B2D6B2D8B
:106550006B2D6B2D6B2D6B2D6B2D6B2D6B2D6B2D7B
:106560006B2D6B2D6B2D6B2D6B2D6B2D9CF3841078
:106570006B2D6B2D6B2D6B2D6B2D6B2D6B2D6B2D5B
:106580006B2D6B2D6B2D6B2D6B2D6B2D6B2D6B2D4B
:106590006B2D6B2D42080000000000000000000081
:1065A00000000000000000000000000000000000EB
:1065B0000020630C6B2D6B2D6B2D6B2D6B2D6B2DBC
:1065C0006B2D6B2D6B2D6B2D6B2D6B2D6B2D6B2D0B
:1065D0006B2D6B2D6B2D9492F7BEFFDF8C716B2DA5
:1065E0006B2D6B2D6B2D6B2D6B2D6B2D6B2D6B2DEB
:1065F0006B2D6B2D6B2D6B2D6B2D6B2D6B2D6B2DDB
:106600006B2D6B2D6B2D6B2D6B2D6B2D6B2D6B2DCA
:106610006B2D6B2D8C51DEDBFFFFFFFFFFFFFFFFBC
:10662000FFFFFFFFFFFFCE7984306B2D6B2D6B2DAD
:106630006B2D6B2D6B2D6B2D6B2D6B2D6B2D6B2D9A
:106640006B2D6B2D6B2D6B2D6B2D6B2D6B2D6B2D8A
:106650006B2D6B2D6B2D6B2D6B2D6B2D6B2D6B2D7A
:106660006B2D6B2D6B2D6B2D6B2D6B2D6B2D6B2D6A
:106670006B2D6B2D6B2D6B2D6B2D6B2D6B2D6B2D5A
:106680006B2D6B2D6B2D6B2D6B2D6B2D6B2D6B2D4A
:106690006B2D6B2D6B2D6B2D6B2D6B2D6B2D6B2D3A
:1066A0006B2D6B2D6B2D6B2D6B2D6B2D6B2D6B2D2A
:1066B0006B2D6B2D6B2D6B2D6B2D6B2D6B2D6B2D1A
:1066C0006B2D6B2D6B2D6B2D6B2D6B2D6B2D6B2D0A
:1066D0006B2D6B2D6B2D6B2D6B2D6B2D6B2D6B2DFA
:1066E0006B2D6B2D6B2D6B2D6B2D6B2D6B2D6B2DEA
:1066F0006B2D6B2D6B2D6B2D6B2D6B2D6B2D8430BE
:10670000CE79FFFFFFFFFFFFFFFFFFFFFFFFFFFF50
:10671000D6DA84306B2D6B2D6B2D6B2D6B2D6B2D85
:106720006B2D6B2D6B2D6B2D6B2D6B2D6B2D6B2DA9
:106730006B2D6B2D6B2D6B2D6B2D6B2D6B2D6B2D99
:106740006B2D6B2D6B2D6B2D6B2D8C51FFDFF7BEE1
:1067500094D26B2D6B2D6B2D6B2D6B2D6B2D6B2DAB
:106760006B2D6B2D6B2D6B2D6B2D6B2D6B2D6B2D69
:106770006B2D6B2D630C002000000000000000005A
:106780000000000000000000000000000000000009
:1067900021046B2D6B2D6B2D6B2D6B2D6B2D6B2DAC
:1067A0006B2D6B2D6B2D6B2D6B2D6B2D6B2D6B2D29
:1067B0006B2D6B2DAD55FFFFFFFFFFFFEF9D73AE00
:1067C0006B2D6B2D6B2D6B2D6B2D6B2D6B2D6B2D09
:1067D0006B2D6B2D6B2D6B2D6B2D6B2D6B2D6B2DF9
:1067E0006B2D6B2D6B2D6B2D6B2D6B2D6B2D6B2DE9
:1067F0007BEFCE79FFFFFFFFFFFFFFFFFFFFFFFFF4
:10680000FFFFC65884106B2D6B2D6B2D6B2D6B2DE0
:106810006B2D6B2D6B2D6B2D6B2D6B2D6B2D6B2DB8
:106820006B2D6B2D6B2D6B2D6B2D6B2D6B2D6B2DA8
:106830006B2D6B2D6B2D6B2D6B2D6B2D6B2D6B2D98
:106840006B2D6B2D6B2D6B2D6B2D6B2D6B2D6B2D88
:106850006B2D6B2D6B2D6B2D6B2D6B2D6B2D6B2D78
:106860006B2D6B2D6B2D6B2D6B2D6B2D6B2D6B2D68
:106870006B2D6B2D6B2D6B2D6B2D6B2D6B2D6B2D58
:106880006B2D6B2D6B2D6B2D6B2D6B2D6B2D6B2D48
:106890006B2D6B2D6B2D6B2D6B2D6B2D6B2D6B2D38
:1068A0006B2D6B2D6B2D6B2D6B2D6B2D6B2D6B2D28
:1068B0006B2D6B2D6B2D6B2D6B2D6B2D6B2D6B2D18
:1068C0006B2D6B2D6B2D6B2D6B2D6B2D6B2D6B2D08
:1068D0006B2D6B2D6B2D6B2D6B2D6B2D6B2D6B2DF8
:1068E0006B2D8410CE59FFFFFFFFFFFFFFFFFFFF5F
:1068F000FFFFFFFFCE597BEF6B2D6B2D6B2D6B2DAB
:106900006B2D6B2D6B2D6B2D6B2D6B2D6B2D6B2DC7
:106910006B2D6B2D6B2D6B2D6B2D6B2D6B2D6B2DB7
:106920006B2D6B2D6B2D6B2D73AEEF7DFFFFFFFF7E
:10693000FFFFB5B66B4D6B2D6B2D6B2D6B2D6B2D3E
:106940006B2D6B2D6B2D6B2D6B2D6B2D6B2D6B2D87
:106950006B2D6B2D6B2D210400000000000000004A
:106960000000000000000000000000000000000027
:1069700042286B2D6B2D6B2D6B2D6B2D6B2D6B2D85
:106980006B2D6B2D6B2D6B2D6B2D6B2D6B2D6B2D47
:106990006B2D6B4DDEFBFFFFFFFFFFFFFFFFDEFBFD
:1069A0006B4D6B2D6B2D6B2D6B2D6B2D6B2D6B2D07
:1069B0006B2D6B2D6B2D6B2D6B2D6B2D6B2D6B2D17
:1069C0006B2D6B2D6B2D6B2D6B2D6B2D6B6DB5B6F4
:1069D000FFDFFFFFFFFFFFFFFFFFFFFFFFFFC638E7
:1069E0007BEF6B2D6B2D6B2D6B2D6B2D6B2D6B2D15
:1069F0006B2D6B2D6B2D6B2D6B2D6B2D6B2D6B2DD7
:106A00006B2D6B2D6B2D6B2D6B2D6B2D6B2D6B2DC6
:106A10006B2D6B2D6B2D6B2D6B2D6B2D6B2D6B2DB6
:106A20006B2D6B2D6B2D6B2D6B2D6B2D6B2D6B2DA6
:106A30006B2D6B2D6B2D6B2D6B2D6B2D6B2D6B2D96
:106A40006B2D6B2D6B2D6B2D6B2D6B2D6B2D6B2D86
:106A50006B2D6B2D6B2D6B2D6B2D6B2D6B2D6B2D76
:106A60006B2D6B2D6B2D6B2D6B2D6B2D6B2D6B2D66
:106A70006B2D6B2D6B2D6B2D6B2D6B2D6B2D6B2D56
:106A80006B2D6B2D6B2D6B2D6B2D6B2D6B2D6B2D46
:106A90006B2D6B2D6B2D6B2D6B2D6B2D6B2D6B2D36
:106AA0006B2D6B2D6B2D6B2D6B2D6B2D6B2D6B2D26
:106AB0006B2D6B2D6B2D6B2D6B2D6B2D6B2D6B2D16
:106AC0006B2D6B2D6B2D7BEFC638FFFFFFFFFFFF9C
:106AD000FFFFFFFFFFFFFFDFB5B66B6D6B2D6B2D6B
:106AE0006B2D6B2D6B2D6B2D6B2D6B2D6B2D6B2DE6
:106AF0006B2D6B2D6B2D6B2D6B2D6B2D6B2D6B2DD6
:106B00006B2D6B2D6B2D6B4DDEDBFFFFFFFFFFFF52
:106B1000FFFFDEFB6B4D6B2D6B2D6B2D6B2D6B2DEE
:106B20006B2D6B2D6B2D6B2D6B2D6B2D6B2D6B2DA5
:106B30006B2D6B2D6B2D4228000000000000000023
:106B40000000000000000000000000000000002025
:106B5000630C6B2D6B2D6B2D6B2D6B2D6B2D6B2D9E
:106B60006B2D6B2D6B2D6B2D6B2D6B2D6B2D6B2D65
:106B70006B2D6B2D73AEEF7DFFFFFFFFFFFFFFFF60
:106B8000C6186B2D6B2D6B2D6B2D6B2D6B2D6B2DFF
:106B90006B2D6B2D6B2D6B2D6B2D6B2D6B2D6B2D35
:106BA0006B2D6B2D6B2D6B2D6B2D94B2EF5DFFFF5D
:106BB000FFFFFFFFFFFFFFFFFFFFD6BA84106B2D23
:106BC0006B2D6B2D6B2D6B2D6B2D6B2D6B2D6B2D05
:106BD0006B2D6B2D6B2D6B2D6B2D6B2D6B2D6B2DF5
:106BE0006B2D6B2D6B2D6B2D6B2D6B2D6B2D6B2DE5
:106BF0006B2D6B2D6B2D6B2D6B2D6B2D6B2D6B2DD5
:106C00006B2D6B2D6B2D6B2D6B2D6B2D6B2D6B2DC4
:106C10006B2D6B2D6B2D6B2D6B2D6B2D6B2D6B2DB4
:106C20006B2D6B2D6B2D6B2D6B2D6B2D6B2D6B2DA4
:106C30006B2D6B2D6B2D6B2D6B2D6B2D6B2D6B2D94
:106C40006B2D6B2D6B2D6B2D6B2D6B2D6B2D6B2D84
:106C50006B2D6B2D6B2D6B2D6B2D6B2D6B2D6B2D74
:106C60006B2D6B2D6B2D6B2D6B2D6B2D6B2D6B2D64
:106C70006B2D6B2D6B2D6B2D6B2D6B2D6B2D6B2D54
:106C80006B2D6B2D6B2D6B2D6B2D6B2D6B2D6B2D44
:106C90006B2D6B2D6B2D6B2D6B2D6B2D6B2D6B2D34
:106CA0006B2D6B2D6B2D6B2D6B2D7BEFCE59FFFF5D
:106CB000FFFFFFFFFFFFFFFFFFFFEF7D9CF36B2D4B
:106CC0006B2D6B2D6B2D6B2D6B2D6B2D6B2D6B2D04
:106CD0006B2D6B2D6B2D6B2D6B2D6B2D6B2D6B2DF4
:106CE0006B2D6B2D6B2DBDF7FFFFFFFFFFFFFFFF30
:106CF000EF7D73AE6B2D6B2D6B2D6B2D6B2D6B2D77
:106D00006B2D6B2D6B2D6B2D6B2D6B2D6B2D6B2DC3
:106D10006B2D6B2D6B2D630C00200000000000001C
:106D2000000000000000000000000000000021241E
:106D30006B2D6B2D6B2D6B2D6B2D6B2D6B2D6B2D93
:106D40006B2D6B2D6B2D6B2D6B2D6B2D6B2D6B2D83
:106D50006B2D6B2D6B2D8410F7BEFFFFFFFFFFFF28
:106D6000FFFFA5146B2D6B2D6B2D6B2D6B2D6B2DDC
:106D70006B2D6B2D6B2D6B2D6B2D6B2D6B2D6B2D53
:106D80006B2D6B2D6B2D7BEFD6BAFFFFFFFFFFFF47
:106D9000FFFFFFFFFFFFDEFB8C716B2D6B2D6B2D5B
:106DA0006B2D6B2D6B2D6B2D6B2D6B2D6B2D6B2D23
:106DB0006B2D6B2D6B2D6B2D6B2D6B2D6B2D6B2D13
:106DC0006B2D6B2D6B2D6B2D6B2D6B2D6B2D6B2D03
:106DD0006B2D6B2D6B2D6B2D6B2D6B2D6B2D6B2DF3
:106DE0006B2D6B2D6B2D6B2D6B2D6B2D6B2D6B2DE3
:106DF0006B2D6B2D6B2D6B2D6B2D6B2D6B2D6B2DD3
:106E00006B2D6B2D6B2D6B2D6B2D6B2D6B2D6B2DC2
:106E10006B2D6B2D6B2D6B2D6B2D6B2D6B2D6B2DB2
:106E20006B2D6B2D6B2D6B2D6B2D6B2D6B2D6B2DA2
:106E30006B2D6B2D6B2D6B2D6B2D6B2D6B2D6B2D92
:106E40006B2D6B2D6B2D6B2D6B2D6B2D6B2D6B2D82
:106E50006B2D6B2D6B2D6B2D6B2D6B2D6B2D6B2D72
:106E60006B2D6B2D6B2D6B2D6B2D6B2D6B2D6B2D62
:106E70006B2D6B2D6B2D6B2D6B2D6B2D6B2D6B2D52
:106E80006B2D6B2D6B2D6B2D6B2D6B2D6B2D8C71DD
:106E9000DEFBFFFFFFFFFFFFFFFFFFFFFFFFD69AB5
:106EA0007BEF6B2D6B2D6B2D6B2D6B2D6B2D6B2D50
:106EB0006B2D6B2D6B2D6B2D6B2D6B2D6B2D6B2D12
:106EC0006B2D6B2D9CF3FFFFFFFFFFFFFFFFF7DE36
:106ED00084306B2D6B2D6B2D6B2D6B2D6B2D6B2DD6
:106EE0006B2D6B2D6B2D6B2D6B2D6B2D6B2D6B2DE2
:106EF0006B2D6B2D6B2D6B2D21040000000000000D
:106F00000000000000000000000000000000422817
:106F10006B2D6B2D6B2D6B2D6B2D6B2D6B2D6B2DB1
:106F20006B2D6B2D6B2D6B2D6B2D6B2D6B2D6B2DA1
:106F30006B2D6B2D6B2D6B2D9492FFFFFFFFFFFFD1
:106F4000FFFFFFDF8C516B2D6B2D6B2D6B2D6B2D90
:106F50006B2D6B2D6B2D6B2D6B2D6B2D6B2D6B2D71
:106F60006B2D6B4DAD55F7DEFFFFFFFFFFFFFFFF02
:106F7000FFFFEF7D9CD36B4D6B2D6B2D6B2D6B2D20
:106F80006B2D6B2D6B2D6B2D6B2D6B2D6B2D6B2D41
:106F90006B2D6B2D6B2D6B2D6B2D6B2D6B2D6B2D31
:106FA0006B2D6B2D6B2D6B2D6B2D6B2D6B2D6B2D21
:106FB0006B2D6B2D6B2D6B2D6B2D6B2D6B2D6B2D11
:106FC0006B2D6B2D6B2D6B2D6B2D6B2D6B2D6B2D01
:106FD0006B2D6B2D6B2D6B2D6B2D6B2D6B2D6B2DF1
:106FE0006B2D6B2D6B2D6B2D6B2D6B2D6B2D6B2DE1
:106FF0006B2D6B2D6B2D6B2D6B2D6B2D6B2D6B2DD1
:107000006B2D6B2D6B2D6B2D6B2D6B2D6B2D6B2DC0
:107010006B2D6B2D6B2D6B2D6B2D6B2D6B2D6B2DB0
:107020006B2D6B2D6B2D6B2D6B2D6B2D6B2D6B2DA0
:107030006B2D6B2D6B2D6B2D6B2D6B2D6B2D6B2D90
:107040006B2D6B2D6B2D6B2D6B2D6B2D6B2D6B2D80
:107050006B2D6B2D6B2D6B2D6B2D6B2D6B2D6B2D70
:107060006B2D6B2D6B2D6B2D6B2D6B2D6B2D6B2D60
:107070006B4D9CF3EF7DFFFFFFFFFFFFFFFFFFFF67
:10708000F7DEAD556B4D6B2D6B2D6B2D6B2D6B2D79
:107090006B2D6B2D6B2D6B2D6B2D6B2D6B2D6B2D30
:1070A0006B2D8410F7DEFFFFFFFFFFFFFFFF94B2A1
:1070B0006B2D6B2D6B2D6B2D6B2D6B2D6B2D6B2D10
:1070C0006B2D6B2D6B2D6B2D6B2D6B2D6B2D6B2D00
:1070D0006B2D6B2D6B2D6B2D4228000000000000E6
:1070E0000000000000000000000000000000630C31
:1070F0006B2D6B2D6B2D6B2D6B2D6B2D6B2D6B2DD0
:107100006B2D6B2D6B2D6B2D6B2D6B2D6B2D6B2DBF
:107110006B2D6B2D6B2D6B2D6B2DAD55FFFFFFFF79
:10712000FFFFFFFFEF7D73AE6B2D6B2D6B2D6B2D76
:107130006B2D6B2D6B2D6B2D6B2D6B2D6B2D6B2D8F
:107140007BEFDEDBFFFFFFFFFFFFFFFFFFFFFFDF48
:10715000BDF76B6D6B2D6B2D6B2D6B2D6B2D6B2D13
:107160006B2D6B2D6B2D6B2D6B2D6B2D6B2D6B2D5F
:107170006B2D6B2D6B2D6B2D6B2D6B2D6B2D6B2D4F
:107180006B2D6B2D6B2D6B2D6B2D6B2D6B2D6B2D3F
:107190006B2D6B2D6B2D6B2D6B2D6B2D6B2D6B2D2F
:1071A0006B2D6B2D6B2D6B2D6B2D6B2D6B2D6B2D1F
:1071B0006B2D6B2D6B2D6B2D6B2D6B2D6B2D6B2D0F
:1071C0006B2D6B2D6B2D6B2D6B2D6B2D6B2D6B2DFF
:1071D0006B2D6B2D6B2D6B2D6B2D6B2D6B2D6B2DEF
:1071E0006B2D6B2D6B2D6B2D6B2D6B2D6B2D6B2DDF
:1071F0006B2D6B2D6B2D6B2D6B2D6B2D6B2D6B2DCF
:107200006B2D6B2D6B2D6B2D6B2D6B2D6B2D6B2DBE
:107210006B2D6B2D6B2D6B2D6B2D6B2D6B2D6B2DAE
:107220006B2D6B2D6B2D6B2D6B2D6B2D6B2D6B2D9E
:107230006B2D6B2D6B2D6B2D6B2D6B2D6B2D6B2D8E
:107240006B2D6B2D6B2D6B2D6B2D6B2D6B2D6B2D7E
:107250006B2D6B2D6B6DB596FFDFFFFFFFFFFFFF03
:10726000FFFFFFFFDEFB7BEF6B2D6B2D6B2D6B2D7F
:107270006B2D6B2D6B2D6B2D6B2D6B2D6B2D6B2D4E
:10728000738EEF5DFFFFFFFFFFFFFFFFAD756B2DFF
:107290006B2D6B2D6B2D6B2D6B2D6B2D6B2D6B2D2E
:1072A0006B2D6B2D6B2D6B2D6B2D6B2D6B2D6B2D1E
:1072B0006B2D6B2D6B2D6B2D630C000000000000FF
:1072C00000000000000000000000000018C36B2D4B
:1072D0006B2D6B2D6B2D6B2D6B2D6B2D6B2D6B2DEE
:1072E0006B2D6B2D6B2D6B2D6B2D6B2D6B2D6B2DDE
:1072F0006B2D6B2D6B2D6B2D6B2D6B2DBE17FFFF2B
:10730000FFFFFFFFFFFFDEDB6B4D6B2D6B2D6B2D4A
:107310006B2D6B2D6B2D6B2D6B2D6B2D6B4DA5344C
:10732000F7DEFFFFFFFFFFFFFFFFFFFFD6DA84104E
:107330006B2D6B2D6B2D6B2D6B2D6B2D6B2D6B2D8D
:107340006B2D6B2D6B2D6B2D6B2D6B2D6B2D6B2D7D
:107350006B2D6B2D6B2D6B2D6B2D6B2D6B2D6B2D6D
:107360006B2D6B2D6B2D6B2D6B2D6B2D6B2D6B2D5D
:107370006B2D6B2D6B2D6B2D6B2D6B2D6B2D6B2D4D
:107380006B2D6B2D6B2D6B2D6B2D6B2D6B2D6B2D3D
:107390006B2D6B2D6B2D6B2D6B2D6B2D6B2D6B2D2D
:1073A0006B2D6B2D6B2D6B2D6B2D6B2D6B2D6B2D1D
:1073B0006B2D6B2D6B2D6B2D6B2D6B2D6B2D6B2D0D
:1073C0006B2D6B2D6B2D6B2D6B2D6B2D6B2D6B2DFD
:1073D0006B2D6B2D6B2D6B2D6B2D6B2D6B2D6B2DED
:1073E0006B2D6B2D6B2D6B2D6B2D6B2D6B2D6B2DDD
:1073F0006B2D6B2D6B2D6B2D6B2D6B2D6B2D6B2DCD
:107400006B2D6B2D6B2D6B2D6B2D6B2D6B2D6B2DBC
:107410006B2D6B2D6B2D6B2D6B2D6B2D6B2D6B2DAC
:107420006B2D6B2D6B2D6B2D6B2D6B2D6B2D6B2D9C
:107430006B2D6B2D6B2D6B2D7BEFD6BAFFFFFFFFF6
:10744000FFFFFFFFFFFFF7DEAD756B4D6B2D6B2D63
:107450006B2D6B2D6B2D6B2D6B2D6B2D6B2D6B4D4C
:10746000D69AFFFFFFFFFFFFFFFFC6386B2D6B2D86
:107470006B2D6B2D6B2D6B2D6B2D6B2D6B2D6B2D4C
:107480006B2D6B2D6B2D6B2D6B2D6B2D6B2D6B2D3C
:107490006B2D6B2D6B2D6B2D6B2D18A30000000039
:1074A00000000000000000000000000039A76B2D64
:1074B0006B2D6B2D6B2D6B2D6B2D6B2D6B2D6B2D0C
:1074C0006B2D6B2D6B2D6B2D6B2D6B2D6B2D6B2DFC
:1074D0006B2D6B2D6B2D6B2D6B2D6B2D6B4DD6BAD4
:1074E000FFFFFFFFFFFFFFFFBDF76B2D6B2D6B2D28
:1074F0006B2D6B2D6B2D6B2D6B2D7BCFDEDBFFFF93
:10750000FFFFFFFFFFFFFFFFF79E9CF36B2D6B2D2F
:107510006B2D6B2D6B2D6B2D6B2D6B2D6B2D6B2DAB
:107520006B2D6B2D6B2D6B2D6B2D6B2D6B2D6B2D9B
:107530006B2D6B2D6B2D6B2D6B2D6B2D6B2D6B2D8B
:107540006B2D6B2D6B2D6B2D6B2D6B2D6B2D6B2D7B
:107550006B2D6B2D6B2D6B2D6B2D6B2D6B2D6B2D6B
:107560006B2D6B2D6B2D6B2D6B2D6B2D6B2D6B2D5B
:107570006B2D6B2D6B2D6B2D6B2D6B2D6B2D6B2D4B
:107580006B2D6B2D6B2D6B2D6B2D6B2D6B2D6B2D3B
:107590006B2D6B2D6B2D6B2D6B2D6B2D6B2D6B2D2B
:1075A0006B2D6B2D6B2D6B2D6B2D6B2D6B2D6B2D1B
:1075B0006B2D6B2D6B2D6B2D6B2D6B2D6B2D6B2D0B
:1075C0006B2D6B2D6B2D6B2D6B2D6B2D6B2D6B2DFB
:1075D0006B2D6B2D6B2D6B2D6B2D6B2D6B2D6B2DEB
:1075E0006B2D6B2D6B2D6B2D6B2D6B2D6B2D6B2DDB
:1075F0006B2D6B2D6B2D6B2D6B2D6B2D6B2D6B2DCB
:107600006B2D6B2D6B2D6B2D6B2D6B2D6B2D6B2DBA
:107610006B2D6B2D6B2D6B2D6B2D6B4D9CF3F79E96
:10762000FFFFFFFFFFFFFFFFFFFFDEDB7BCF6B2DC9
:107630006B2D6B2D6B2D6B2D6B2D6B2D6B2DB5B6B7
:10764000FFFFFFFFFFFFFFFFDEDB6B4D6B2D6B2DA1
:107650006B2D6B2D6B2D6B2D6B2D6B2D6B2D6B2D6A
:107660006B2D6B2D6B2D6B2D6B2D6B2D6B2D6B2D5A
:107670006B2D6B2D6B2D6B2D6B2D31A6000000003B
:1076800000000000000000000000000052AA6B2D66
:107690006B2D6B2D6B2D6B2D6B2D6B2D6B2D6B2D2A
:1076A0006B2D6B2D6B2D6B2D6B2D6B2D6B2D6B2D1A
:1076B0006B2D6B2D6B2D6B2D6B2D6B2D6B2D6B6DCA
:1076C000E73CFFFFFFFFFFFFFFFFA5146B2D6B2DB6
:1076D0006B2D6B2D6B2D6B2D94B2F79EFFFFFFFF73
:1076E000FFFFFFFFFFFFD69A73AE6B2D6B2D6B2D47
:1076F0006B2D6B2D6B2D6B2D6B2D6B2D6B2D6B2DCA
:107700006B2D6B2D6B2D6B2D6B2D6B2D6B2D6B2DB9
:107710006B2D6B2D6B2D6B2D6B2D6B2D6B2D6B2DA9
:107720006B2D6B2D6B2D6B2D6B2D6B2D6B2D6B2D99
:107730006B2D6B2D6B2D6B2D6B2D6B2D6B2D6B2D89
:107740006B2D6B2D6B2D6B2D6B2D6B2D6B2D6B2D79
:107750006B2D6B2D6B2D6B2D6B2D6B2D6B2D6B2D69
:107760006B2D6B2D6B2D6B2D6B2D6B2D6B2D6B2D59
:107770006B2D6B2D6B2D6B2D6B2D6B2D6B2D6B2D49
:107780006B2D6B2D6B2D6B2D6B2D6B2D6B2D6B2D39
:107790006B2D6B2D6B2D6B2D6B2D6B2D6B2D6B2D29
:1077A0006B2D6B2D6B2D6B2D6B2D6B2D6B2D6B2D19
:1077B0006B2D6B2D6B2D6B2D6B2D6B2D6B2D6B2D09
:1077C0006B2D6B2D6B2D6B2D6B2D6B2D6B2D6B2DF9
:1077D0006B2D6B2D6B2D6B2D6B2D6B2D6B2D6B2DE9
:1077E0006B2D6B2D6B2D6B2D6B2D6B2D6B2D6B2DD9
:1077F0006B2D6B2D6B2D6B2D6B2D6B2D6B2D73AE40
:10780000CE79FFFFFFFFFFFFFFFFFFFFF7BE9CD317
:107810006B2D6B2D6B2D6B2D6B2D6B2D94B2FFFF94
:10782000FFFFFFFFFFFFEF5D73AE6B2D6B2D6B2D29
:107830006B2D6B2D6B2D6B2D6B2D6B2D6B2D6B2D88
:107840006B2D6B2D6B2D6B2D6B2D6B2D6B2D6B2D78
:107850006B2D6B2D6B2D6B2D6B2D528A0000000054
:107860000000000000000000000008416B2D6B2D9F
:107870006B2D6B2D6B2D6B2D6B2D6B2D6B2D6B2D48
:107880006B2D6B2D6B2D6B2D6B2D6B2D6B2D6B2D38
:107890006B2D6B2D6B2D6B2D6B2D6B2D6B2D6B2D28
:1078A0007BCFEF9DFFFFFFFFFFFFF7DE84306B2DE7
:1078B0006B2D6B2D6B6DBDF7FFFFFFFFFFFFFFFF14
:1078C000FFFFF7BEA5346B2D6B2D6B2D6B2D6B2D34
:1078D0006B2D6B2D6B2D6B2D6B2D6B2D6B2D6B2DE8
:1078E0006B2D6B2D6B2D6B2D6B2D6B2D6B2D6B2DD8
:1078F0006B2D6B2D6B2D6B2D6B2D6B2D6B2D6B2DC8
:107900006B2D6B2D6B2D6B2D6B2D6B2D6B2D6B2DB7
:107910006B2D6B2D6B2D6B2D6B2D6B2D6B2D6B2DA7
:107920006B2D6B2D6B2D6B2D6B2D6B2D6B2D6B2D97
:107930006B2D6B2D6B2D6B2D6B2D6B2D6B2D6B2D87
:107940006B2D6B2D6B2D6B2D6B2D6B2D6B2D6B2D77
:107950006B2D6B2D6B2D6B2D6B2D6B2D6B2D6B2D67
:107960006B2D6B2D6B2D6B2D6B2D6B2D6B2D6B2D57
:107970006B2D6B2D6B2D6B2D6B2D6B2D6B2D6B2D47
:107980006B2D6B2D6B2D6B2D6B2D6B2D6B2D6B2D37
:107990006B2D6B2D6B2D6B2D6B2D6B2D6B2D6B2D27
:1079A0006B2D6B2D6B2D6B2D6B2D6B2D6B2D6B2D17
:1079B0006B2D6B2D6B2D6B2D6B2D6B2D6B2D6B2D07
:1079C0006B2D6B2D6B2D6B2D6B2D6B2D6B2D6B2DF7
:1079D0006B2D6B2D6B2D6B2D6B2D6B2D6B2D6B2DE7
:1079E0006B2D9CD3F79EFFFFFFFFFFFFFFFFFFFF05
:1079F000C6386B6D6B2D6B2D6B2D7BEFF7BEFFFFCC
:107A0000FFFFFFFFF7BE84106B2D6B2D6B2D6B2DD1
:107A10006B2D6B2D6B2D6B2D6B2D6B2D6B2D6B2DA6
:107A20006B2D6B2D6B2D6B2D6B2D6B2D6B2D6B2D96
:107A30006B2D6B2D6B2D6B2D6B2D632C0841000076
:107A40000000000000000000000021246B2D6B2DC1
:107A50006B2D6B2D6B2D6B2D6B2D6B2D6B2D6B2D66
:107A60006B2D6B2D6B2D6B2D6B2D6B2D6B2D6B2D56
:107A70006B2D6B2D6B2D6B2D6B2D6B2D6B2D6B2D46
:107A80006B2D8C51FFDFFFFFFFFFFFFFEF7D73AE1C
:107A90006B2D7BEFE73CFFFFFFFFFFFFFFFFFFFFCB
:107AA000D69A73AE6B2D6B2D6B2D6B2D6B2D6B2DB5
:107AB0006B2D6B2D6B2D6B2D6B2D6B2D6B2D6B2D06
:107AC0006B2D6B2D6B2D6B2D6B2D6B2D6B2D6B2DF6
:107AD0006B2D6B2D6B2D6B2D6B2D6B2D6B2D6B2DE6
:107AE0006B2D6B2D6B2D6B2D6B2D6B2D6B2D6B2DD6
:107AF0006B2D6B2D6B2D6B2D6B2D6B2D6B2D6B2DC6
:107B00006B2D6B2D6B2D6B2D6B2D6B2D6B2D6B2DB5
:107B10006B2D6B2D6B2D6B2D6B2D6B2D6B2D6B2DA5
:107B20006B2D6B2D6B2D6B2D6B2D6B2D6B2D6B2D95
:107B30006B2D6B2D6B2D6B2D6B2D6B2D6B2D6B2D85
:107B40006B2D6B2D6B2D6B2D6B2D6B2D6B2D6B2D75
:107B50006B2D6B2D6B2D6B2D6B2D6B2D6B2D6B2D65
:107B60006B2D6B2D6B2D6B2D6B2D6B2D6B2D6B2D55
:107B70006B2D6B2D6B2D6B2D6B2D6B2D6B2D6B2D45
:107B80006B2D6B2D6B2D6B2D6B2D6B2D6B2D6B2D35
:107B90006B2D6B2D6B2D6B2D6B2D6B2D6B2D6B2D25
:107BA0006B2D6B2D6B2D6B2D6B2D6B2D6B2D6B2D15
:107BB0006B2D6B2D6B2D6B2D6B2D6B2D6B2D6B2D05
:107BC0006B2D6B2D73AED69AFFFFFFFFFFFFFFFFFC
:107BD000FFFFE71C7BEF6B2D6B6DE73CFFFFFFFFAB
:107BE000FFFFFFFF94B26B2D6B2D6B2D6B2D6B2D5B
:107BF0006B2D6B2D6B2D6B2D6B2D6B2D6B2D6B2DC5
:107C00006B2D6B2D6B2D6B2D6B2D6B2D6B2D6B2DB4
:107C10006B2D6B2D6B2D6B2D6B2D6B2D21040000AF
:107C20000000000000000000000039E76B2D6B2D04
:107C30006B2D6B2D6B2D6B2D6B2D6B2D6B2D6B2D84
:107C40006B2D6B2D6B2D6B2D6B2D6B2D6B2D6B2D74
:107C50006B2D6B2D6B2D6B2D6B2D6B2D6B2D6B2D64
:107C60006B2D6B2D9D13FFFFFFFFFFFFFFFFD6BAAC
:107C700094B2F7BEFFFFFFFFFFFFFFFFFFDFAD7511
:107C80006B4D6B2D6B2D6B2D6B2D6B2D6B2D6B2D14
:107C90006B2D6B2D6B2D6B2D6B2D6B2D6B2D6B2D24
:107CA0006B2D6B2D6B2D6B2D6B2D6B2D6B2D6B2D14
:107CB0006B2D6B2D6B2D6B2D6B2D6B2D6B2D6B2D04
:107CC0006B2D6B2D6B2D6B2D6B2D6B2D6B2D6B2DF4
:107CD0006B2D6B2D6B2D6B2D6B2D6B2D6B2D6B2DE4
:107CE0006B2D6B2D6B2D6B2D6B2D6B2D6B2D6B2DD4
:107CF0006B2D6B2D6B2D6B2D6B2D6B2D6B2D6B2DC4
:107D00006B2D6B2D6B2D6B2D6B2D6B2D6B2D6B2DB3
:107D10006B2D6B2D6B2D6B2D6B2D6B2D6B2D6B2DA3
:107D20006B2D6B2D6B2D6B2D6B2D6B2D6B2D6B2D93
:107D30006B2D6B2D6B2D6B2D6B2D6B2D6B2D6B2D83
:107D40006B2D6B2D6B2D6B2D6B2D6B2D6B2D6B2D73
:107D50006B2D6B2D6B2D6B2D6B2D6B2D6B2D6B2D63
:107D60006B2D6B2D6B2D6B2D6B2D6B2D6B2D6B2D53
:107D70006B2D6B2D6B2D6B2D6B2D6B2D6B2D6B2D43
:107D80006B2D6B2D6B2D6B2D6B2D6B2D6B2D6B2D33
:107D90006B2D6B2D6B2D6B2D6B2D6B2D6B2D6B2D23
:107DA0006B2D6B2D6B2D6B4DAD55FFDFFFFFFFFF77
:107DB000FFFFFFFFF7BE94D2CE59FFFFFFFFFFFF8B
:107DC000FFFFAD556B2D6B2D6B2D6B2D6B2D6B2D23
:107DD0006B2D6B2D6B2D6B2D6B2D6B2D6B2D6B2DE3
:107DE0006B2D6B2D6B2D6B2D6B2D6B2D6B2D6B2DD3
:107DF0006B2D6B2D6B2D6B2D6B2D6B2D39C70000F3
:107E00000000000000000000000052AA6B2D6B2D46
:107E10006B2D6B2D6B2D6B2D6B2D6B2D6B2D6B2DA2
:107E20006B2D6B2D6B2D6B2D6B2D6B2D6B2D6B2D92
:107E30006B2D6B2D6B2D6B2D6B2D6B2D6B2D6B2D82
:107E40006B2D6B2D6B2DB5B6FFFFFFFFFFFFFFDF27
:107E5000FFFFFFFFFFFFFFFFFFFFE73C84306B2DBD
:107E60006B2D6B2D6B2D6B2D6B2D6B2D6B2D6B2D52
:107E70006B2D6B2D6B2D6B2D6B2D6B2D6B2D6B2D42
:107E80006B2D6B2D6B2D6B2D6B2D6B2D6B2D6B2D32
:107E90006B2D6B2D6B2D6B2D6B2D6B2D6B2D6B2D22
:107EA0006B2D6B2D6B2D6B2D6B2D6B2D6B2D6B2D12
:107EB0006B2D6B2D6B2D6B2D6B2D6B2D6B2D6B2D02
:107EC0006B2D6B2D6B2D6B2D6B2D6B2D6B2D6B2DF2
:107ED0006B2D6B2D6B2D6B2D6B2D6B2D6B2D6B2DE2
:107EE0006B2D6B2D6B2D6B2D6B2D6B2D6B2D6B2DD2
:107EF0006B2D6B2D6B2D6B2D6B2D6B2D6B2D6B2DC2
:107F00006B2D6B2D6B2D6B2D6B2D6B2D6B2D6B2DB1
:107F10006B2D6B2D6B2D6B2D6B2D6B2D6B2D6B2DA1
:107F20006B2D6B2D6B2D6B2D6B2D6B2D6B2D6B2D91
:107F30006B2D6B2D6B2D6B2D6B2D6B2D6B2D6B2D81
:107F40006B2D6B2D6B2D6B2D6B2D6B2D6B2D6B2D71
:107F50006B2D6B2D6B2D6B2D6B2D6B2D6B2D6B2D61
:107F60006B2D6B2D6B2D6B2D6B2D6B2D6B2D6B2D51
:107F70006B2D6B2D6B2D6B2D6B2D6B2D6B2D6B2D41
:107F80006B2D6B2D6B2D6B2D6B2D8430E75CFFFF04
:107F9000FFFFFFFFFFFFFFFFFFDFFFFFFFFFFFFF11
:107FA000C6186B2D6B2D6B2D6B2D6B2D6B2D6B2DCB
:107FB0006B2D6B2D6B2D6B2D6B2D6B2D6B2D6B2D01
:107FC0006B2D6B2D6B2D6B2D6B2D6B2D6B2D6B2DF1
:107FD0006B2D6B2D6B2D6B2D6B2D6B2D528A000035
:107FE00000000000000000000821632C6B2D6B2DA9
:107FF0006B2D6B2D6B2D6B2D6B2D6B2D6B2D6B2DC1
:108000006B2D6B2D6B2D6B2D6B2D6B2D6B2D6B2DB0
:108010006B2D6B2D6B2D6B2D6B2D6B2D6B2D6B2DA0
:108020006B2D6B2D6B2D6B4DCE59FFFFF7DEFFFFD8
:10803000FFFFFFFFFFFFFFFFC6386B6D6B2D6B2D42
:108040006B2D6B2D6B2D6B2D6B2D6B2D6B2D6B2D70
:108050006B2D6B2D6B2D6B2D6B2D6B2D6B2D6B2D60
:108060006B2D6B2D6B2D6B2D6B2D6B2D6B2D6B2D50
:108070006B2D6B2D6B2D6B2D6B2D6B2D6B2D6B2D40
:108080006B2D6B2D6B2D6B2D6B2D6B2D6B2D6B2D30
:108090006B2D6B2D6B2D6B2D6B2D6B2D6B2D6B2D20
:1080A0006B2D6B2D6B2D6B2D6B2D6B2D6B2D6B2D10
:1080B0006B2D6B2D6B2D6B2D6B2D6B2D6B2D6B2D00
:1080C0006B2D6B2D6B2D6B2D6B2D6B2D6B2D6B2DF0
:1080D0006B2D6B2D6B2D6B2D6B2D6B2D6B2D6B2DE0
:1080E0006B2D6B2D6B2D6B2D6B2D6B2D6B2D6B2DD0
:1080F0006B2D6B2D6B2D6B2D6B2D6B2D6B2D6B2DC0
:108100006B2D6B2D6B2D6B2D6B2D6B2D6B2D6B2DAF
:108110006B2D6B2D6B2D6B2D6B2D6B2D6B2D6B2D9F
:108120006B2D6B2D6B2D6B2D6B2D6B2D6B2D6B2D8F
:108130006B2D6B2D6B2D6B2D6B2D6B2D6B2D6B2D7F
:108140006B2D6B2D6B2D6B2D6B2D6B2D6B2D6B2D6F
:108150006B2D6B2D6B2D6B2D6B2D6B2D6B2D6B2D5F
:108160006B2D6B2D6B2D6B2D6B2D6B2D6B6DC638A9
:10817000FFFFFFFFFFFFFFFFFFFFF7DEFFFFDEDB7D
:108180006B4D6B2D6B2D6B2D6B2D6B2D6B2D6B2D0F
:108190006B2D6B2D6B2D6B2D6B2D6B2D6B2D6B2D1F
:1081A0006B2D6B2D6B2D6B2D6B2D6B2D6B2D6B2D0F
:1081B0006B2D6B2D6B2D6B2D6B2D6B2D632C082177
:1081C000000000000000000018E36B2D6B2D6B2DEC
:1081D0006B2D6B2D6B2D6B2D6B2D6B2D6B2D6B2DDF
:1081E0006B2D6B2D6B2D6B2D6B2D6B2D6B2D6B2DCF
:1081F0006B2D6B2D6B2D6B2D6B2D6B2D6B2D6B2DBF
:108200006B2D6B2D6B2D6B2D6B6DE73CFFFFFFFF17
:10821000FFFFFFFFFFDFA5346B2D6B2D6B2D6B2D4B
:108220006B2D6B2D6B2D6B2D6B2D6B2D6B2D6B2D8E
:108230006B2D6B2D6B2D6B2D6B2D6B2D6B2D6B2D7E
:108240006B2D6B2D6B2D6B2D6B2D6B2D6B2D6B2D6E
:108250006B2D6B2D6B2D6B2D6B2D6B2D6B2D6B2D5E
:108260006B2D6B2D6B2D6B2D6B2D6B2D6B2D6B2D4E
:108270006B2D6B2D6B2D6B2D6B2D6B2D6B2D6B2D3E
:108280006B2D6B2D6B2D6B2D6B2D6B2D6B2D6B2D2E
:108290006B2D6B2D6B2D6B2D6B2D6B2D6B2D6B2D1E
:1082A0006B2D6B2D6B2D6B2D6B2D6B2D6B2D6B2D0E
:1082B0006B2D6B2D6B2D6B2D6B2D6B2D6B2D6B2DFE
:1082C0006B2D6B2D6B2D6B2D6B2D6B2D6B2D6B2DEE
:1082D0006B2D6B2D6B2D6B2D6B2D6B2D6B2D6B2DDE
:1082E0006B2D6B2D6B2D6B2D6B2D6B2D6B2D6B2DCE
:1082F0006B2D6B2D6B2D6B2D6B2D6B2D6B2D6B2DBE
:108300006B2D6B2D6B2D6B2D6B2D6B2D6B2D6B2DAD
:108310006B2D6B2D6B2D6B2D6B2D6B2D6B2D6B2D9D
:108320006B2D6B2D6B2D6B2D6B2D6B2D6B2D6B2D8D
:108330006B2D6B2D6B2D6B2D6B2D6B2D6B2D6B2D7D
:108340006B2D6B2D6B2D6B2D6B2D6B2D6B2D6B2D6D
:10835000A534FFDFFFFFFFFFFFFFFFFFE73C738E4A
:108360006B2D6B2D6B2D6B2D6B2D6B2D6B2D6B2D4D
:108370006B2D6B2D6B2D6B2D6B2D6B2D6B2D6B2D3D
:108380006B2D6B2D6B2D6B2D6B2D6B2D6B2D6B2D2D
:108390006B2D6B2D6B2D6B2D6B2D6B2D6B2D18C3DA
:1083A000000000000000000031A66B2D6B2D6B2D2E
:1083B0006B2D6B2D6B2D6B2D6B2D6B2D6B2D6B2DFD
:1083C0006B2D6B2D6B2D6B2D6B2D6B2D6B2D6B2DED
:1083D0006B2D6B2D6B2D6B2D6B2D6B2D6B2D6B2DDD
:1083E0006B2D6B2D6B2D6B2D6B2D6B6DE73CFFFF9C
:1083F000FFFFF79E8C716B2D6B2D6B2D6B2D6B2DF5
:108400006B2D6B2D6B2D6B2D6B2D6B2D6B2D6B2DAC
:108410006B2D6B2D6B2D6B2D6B2D6B2D6B2D6B2D9C
:108420006B2D6B2D6B2D6B2D6B2D6B2D6B2D6B2D8C
:108430006B2D6B2D6B2D6B2D6B2D6B2D6B2D6B2D7C
:108440006B2D6B2D6B2D6B2D6B2D6B2D6B2D6B2D6C
:108450006B2D6B2D6B2D6B2D6B2D6B2D6B2D6B2D5C
:108460006B2D6B2D6B2D6B2D6B2D6B2D6B2D6B2D4C
:108470006B2D6B2D6B2D6B2D6B2D6B2D6B2D6B2D3C
:108480006B2D6B2D6B2D6B2D6B2D6B2D6B2D6B2D2C
:108490006B2D6B2D6B2D6B2D6B2D6B2D6B2D6B2D1C
:1084A0006B2D6B2D6B2D6B2D6B2D6B2D6B2D6B2D0C
:1084B0006B2D6B2D6B2D6B2D6B2D6B2D6B2D6B2DFC
:1084C0006B2D6B2D6B2D6B2D6B2D6B2D6B2D6B2DEC
:1084D0006B2D6B2D6B2D6B2D6B2D6B2D6B2D6B2DDC
:1084E0006B2D6B2D6B2D6B2D6B2D6B2D6B2D6B2DCC
:1084F0006B2D6B2D6B2D6B2D6B2D6B2D6B2D6B2DBC
:108500006B2D6B2D6B2D6B2D6B2D6B2D6B2D6B2DAB
:108510006B2D6B2D6B2D6B2D6B2D6B2D6B2D6B2D9B
:108520006B2D6B2D6B2D6B2D6B2D6B2D6B2D6B2D8B
:108530006B2D8C51EF9DFFFFFFFFE73C738E6B2D82
:108540006B2D6B2D6B2D6B2D6B2D6B2D6B2D6B2D6B
:108550006B2D6B2D6B2D6B2D6B2D6B2D6B2D6B2D5B
:108560006B2D6B2D6B2D6B2D6B2D6B2D6B2D6B2D4B
:108570006B2D6B2D6B2D6B2D6B2D6B2D6B2D31861C
:1085800000000000000000004A496B2D6B2D6B2D90
:108590006B2D6B2D6B2D6B2D6B2D6B2D6B2D6B2D1B
:1085A0006B2D6B2D6B2D6B2D6B2D6B2D6B2D6B2D0B
:1085B0006B2D6B2D6B2D6B2D6B2D6B2D6B2D6B2DFB
:1085C0006B2D6B2D6B2D6B2D6B2D6B2D7BCFEF9D45
:1085D000DF1B7BCF6B2D6B2D6B2D6B2D6B2D6B2DC7
:1085E0006B2D6B2D6B2D6B2D6B2D6B2D6B2D6B2DCB
:1085F0006B2D6B2D6B2D6B2D6B2D6B2D6B2D6B2DBB
:108600006B2D6B2D6B2D6B2D6B2D6B2D6B2D6B2DAA
:108610006B2D6B2D6B2D6B2D6B2D6B2D6B2D6B2D9A
:108620006B2D6B2D6B2D6B2D6B2D6B2D6B2D6B2D8A
:108630006B2D6B2D6B2D6B2D6B2D6B2D6B2D6B2D7A
:108640006B2D6B2D6B2D6B2D6B2D6B2D6B2D6B2D6A
:108650006B2D6B2D6B2D6B2D6B2D6B2D6B2D6B2D5A
:108660006B2D6B2D6B2D6B2D6B2D6B2D6B2D6B2D4A
:108670006B2D6B2D6B2D6B2D6B2D6B2D6B2D6B2D3A
:108680006B2D6B2D6B2D6B2D6B2D6B2D6B2D6B2D2A
:108690006B2D6B2D6B2D6B2D6B2D6B2D6B2D6B2D1A
:1086A0006B2D6B2D6B2D6B2D6B2D6B2D6B2D6B2D0A
:1086B0006B2D6B2D6B2D6B2D6B2D6B2D6B2D6B2DFA
:1086C0006B2D6B2D6B2D6B2D6B2D6B2D6B2D6B2DEA
:1086D0006B2D6B2D6B2D6B2D6B2D6B2D6B2D6B2DDA
:1086E0006B2D6B2D6B2D6B2D6B2D6B2D6B2D6B2DCA
:1086F0006B2D6B2D6B2D6B2D6B2D6B2D6B2D6B2DBA
:108700006B2D6B2D6B2D6B2D6B2D6B2D6B2D6B2DA9
:108710006B2D6B2D73AEDEFBF79E7BEF6B2D6B2D00
:108720006B2D6B2D6B2D6B2D6B2D6B2D6B2D6B2D89
:108730006B2D6B2D6B2D6B2D6B2D6B2D6B2D6B2D79
:108740006B2D6B2D6B2D6B2D6B2D6B2D6B2D6B2D69
:108750006B2D6B2D6B2D6B2D6B2D6B2D6B2D4A297E
:1087600000000000000000005ACB6B2D6B2D6B2D1C
:108770006B2D6B2D6B2D6B2D6B2D6B2D6B2D6B2D39
:108780006B2D6B2D6B2D6B2D6B2D6B2D6B2D6B2D29
:108790006B2D6B2D6B2D6B2D6B2D6B2D6B2D6B2D19
:1087A0006B2D6B2D6B2D6B2D6B2D6B2D6B2D84100D
:1087B0006B6D6B2D6B2D6B2D6B2D6B2D6B2D6B2DB9
:1087C0006B2D6B2D6B2D6B2D6B2D6B2D6B2D6B2DE9
:1087D0006B2D6B2D6B2D6B2D6B2D6B2D6B2D6B2DD9
:1087E0006B2D6B2D6B2D6B2D6B2D6B2D6B2D6B2DC9
:1087F0006B2D6B2D6B2D6B2D6B2D6B2D6B2D6B2DB9
:108800006B2D6B2D6B2D6B2D6B2D6B2D6B2D6B2DA8
:108810006B2D6B2D6B2D6B2D6B2D6B2D6B2D6B2D98
:108820006B2D6B2D6B2D6B2D6B2D6B2D6B2D6B2D88
:108830006B2D6B2D6B2D6B2D6B2D6B2D6B2D6B2D78
:108840006B2D6B2D6B2D6B2D6B2D6B2D6B2D6B2D68
:108850006B2D6B2D6B2D6B2D6B2D6B2D6B2D6B2D58
:108860006B2D6B2D6B2D6B2D6B2D6B2D6B2D6B2D48
:108870006B2D6B2D6B2D6B2D6B2D6B2D6B2D6B2D38
:108880006B2D6B2D6B2D6B2D6B2D6B2D6B2D6B2D28
:108890006B2D6B2D6B2D6B2D6B2D6B2D6B2D6B2D18
:1088A0006B2D6B2D6B2D6B2D6B2D6B2D6B2D6B2D08
:1088B0006B2D6B2D6B2D6B2D6B2D6B2D6B2D6B2DF8
:1088C0006B2D6B2D6B2D6B2D6B2D6B2D6B2D6B2DE8
:1088D0006B2D6B2D6B2D6B2D6B2D6B2D6B2D6B2DD8
:1088E0006B2D6B2D6B2D6B2D6B2D6B2D6B2D6B2DC8
:1088F0006B2D6B2D6B2D6B6D84106B2D6B2D6B2D7C
:108900006B2D6B2D6B2D6B2D6B2D6B2D6B2D6B2DA7
:108910006B2D6B2D6B2D6B2D6B2D6B2D6B2D6B2D97
:108920006B2D6B2D6B2D6B2D6B2D6B2D6B2D6B2D87
:108930006B2D6B2D6B2D6B2D6B2D6B2D6B2D5ACBEA
:1089400000000000000008216B2D6B2D6B2D6B2D9E
:108950006B2D6B2D6B2D6B2D6B2D6B2D6B2D6B2D57
:108960006B2D6B2D6B2D6B2D6B2D6B2D6B2D6B2D47
:108970006B2D6B2D6B2D6B2D6B2D6B2D6B2D6B2D37
:108980006B2D6B2D6B2D6B2D6B2D6B2D6B2D6B2D27
:108990006B2D6B2D6B2D6B2D6B2D6B2D6B2D6B2D17
:1089A0006B2D6B2D6B2D6B2D6B2D6B2D6B2D6B2D07
:1089B0006B2D6B2D6B2D6B2D6B2D6B2D6B2D6B2DF7
:1089C0006B2D6B2D6B2D6B2D6B2D6B2D6B2D6B2DE7
:1089D0006B2D6B2D6B2D6B2D6B2D6B2D6B2D6B2DD7
:1089E0006B2D6B2D6B2D6B2D6B2D6B2D6B2D6B2DC7
:1089F0006B2D6B2D6B2D6B2D6B2D6B2D6B2D6B2DB7
:108A00006B2D6B2D6B2D6B2D6B2D6B2D6B2D6B2DA6
:108A10006B2D6B2D6B2D6B2D6B2D6B2D6B2D6B2D96
:108A20006B2D6B2D6B2D6B2D6B2D6B2D6B2D6B2D86
:108A30006B2D6B2D6B2D6B2D6B2D6B2D6B2D6B2D76
:108A40006B2D6B2D6B2D6B2D6B2D6B2D6B2D6B2D66
:108A50006B2D6B2D6B2D6B2D6B2D6B2D6B2D6B2D56
:108A60006B2D6B2D6B2D6B2D6B2D6B2D6B2D6B2D46
:108A70006B2D6B2D6B2D6B2D6B2D6B2D6B2D6B2D36
:108A80006B2D6B2D6B2D6B2D6B2D6B2D6B2D6B2D26
:108A90006B2D6B2D6B2D6B2D6B2D6B2D6B2D6B2D16
:108AA0006B2D6B2D6B2D6B2D6B2D6B2D6B2D6B2D06
:108AB0006B2D6B2D6B2D6B2D6B2D6B2D6B2D6B2DF6
:108AC0006B2D6B2D6B2D6B2D6B2D6B2D6B2D6B2DE6
:108AD0006B2D6B2D6B2D6B2D6B2D6B2D6B2D6B2DD6
:108AE0006B2D6B2D6B2D6B2D6B2D6B2D6B2D6B2DC6
:108AF0006B2D6B2D6B2D6B2D6B2D6B2D6B2D6B2DB6
:108B00006B2D6B2D6B2D6B2D6B2D6B2D6B2D6B2DA5
:108B10006B2D6B2D6B2D6B2D6B2D6B2D6B2D632C9E
:108B200008210000000018C36B2D6B2D6B2D6B2DE1
:108B30006B2D6B2D6B2D6B2D6B2D6B2D6B2D6B2D75
:108B40006B2D6B2D6B2D6B2D6B2D6B2D6B2D6B2D65
:108B50006B2D6B2D6B2D6B2D6B2D6B2D6B2D6B2D55
:108B60006B2D6B2D6B2D6B2D6B2D6B2D6B2D6B2D45
:108B70006B2D6B2D6B2D6B2D6B2D6B2D6B2D6B2D35
:108B80006B2D6B2D6B2D6B2D6B2D6B2D6B2D6B2D25
:108B90006B2D6B2D6B2D6B2D6B2D6B2D6B2D6B2D15
:108BA0006B2D6B2D6B2D6B2D6B2D6B2D6B2D6B2D05
:108BB0006B2D6B2D6B2D6B2D6B2D6B2D6B2D6B2DF5
:108BC0006B2D6B2D6B2D6B2D6B2D6B2D6B2D6B2DE5
:108BD0006B2D6B2D6B2D6B2D6B2D6B2D6B2D6B2DD5
:108BE0006B2D6B2D6B2D6B2D6B2D6B2D6B2D6B2DC5
:108BF0006B2D6B2D6B2D6B2D6B2D6B2D6B2D6B2DB5
:108C00006B2D6B2D6B2D6B2D6B2D6B2D6B2D6B2DA4
:108C10006B2D6B2D6B2D6B2D6B2D6B2D6B2D6B2D94
:108C20006B2D6B2D6B2D6B2D6B2D6B2D6B2D6B2D84
:108C30006B2D6B2D6B2D6B2D6B2D6B2D6B2D6B2D74
:108C40006B2D6B2D6B2D6B2D6B2D6B2D6B2D6B2D64
:108C50006B2D6B2D6B2D6B2D6B2D6B2D6B2D6B2D54
:108C60006B2D6B2D6B2D6B2D6B2D6B2D6B2D6B2D44
:108C70006B2D6B2D6B2D6B2D6B2D6B2D6B2D6B2D34
:108C80006B2D6B2D6B2D6B2D6B2D6B2D6B2D6B2D24
:108C90006B2D6B2D6B2D6B2D6B2D6B2D6B2D6B2D14
:108CA0006B2D6B2D6B2D6B2D6B2D6B2D6B2D6B2D04
:108CB0006B2D6B2D6B2D6B2D6B2D6B2D6B2D6B2DF4
:108CC0006B2D6B2D6B2D6B2D6B2D6B2D6B2D6B2DE4
:108CD0006B2D6B2D6B2D6B2D6B2D6B2D6B2D6B2DD4
:108CE0006B2D6B2D6B2D6B2D6B2D6B2D6B2D6B2DC4
:108CF0006B2D6B2D6B2D6B2D6B2D6B2D6B2D6B2DB4
:108D000018A30000000029456B2D6B2D6B2D6B2DDA
:108D10006B2D6B2D6B2D6B2D6B2D6B2D6B2D6B2D93
:108D20006B2D6B2D6B2D6B2D6B2D6B2D6B2D6B2D83
:108D30006B2D6B2D6B2D6B2D6B2D6B2D6B2D6B2D73
:108D40006B2D6B2D6B2D6B2D6B2D6B2D6B2D6B2D63
:108D50006B2D6B2D6B2D6B2D6B2D6B2D6B2D6B2D53
:108D60006B2D6B2D6B2D6B2D6B2D6B2D6B2D6B2D43
:108D70006B2D6B2D6B2D6B2D6B2D6B2D6B2D6B2D33
:108D80006B2D6B2D6B2D6B2D6B2D6B2D6B2D6B2D23
:108D90006B2D6B2D6B2D6B2D6B2D6B2D6B2D6B2D13
:108DA0006B2D6B2D6B2D6B2D6B2D6B2D6B2D6B2D03
:108DB0006B2D6B2D6B2D6B2D6B2D6B2D6B2D6B2DF3
:108DC0006B2D6B2D6B2D6B2D6B2D6B2D6B2D6B2DE3
:108DD0006B2D6B2D6B2D6B2D6B2D6B2D6B2D6B2DD3
:108DE0006B2D6B2D6B2D6B2D6B2D6B2D6B2D6B2DC3
:108DF0006B2D6B2D6B2D6B2D6B2D6B2D6B2D6B2DB3
:108E00006B2D6B2D6B2D6B2D6B2D6B2D6B2D6B2DA2
:108E10006B2D6B2D6B2D6B2D6B2D6B2D6B2D6B2D92
:108E20006B2D6B2D6B2D6B2D6B2D6B2D6B2D6B2D82
:108E30006B2D6B2D6B2D6B2D6B2D6B2D6B2D6B2D72
:108E40006B2D6B2D6B2D6B2D6B2D6B2D6B2D6B2D62
:108E50006B2D6B2D6B2D6B2D6B2D6B2D6B2D6B2D52
:108E60006B2D6B2D6B2D6B2D6B2D6B2D6B2D6B2D42
:108E70006B2D6B2D6B2D6B2D6B2D6B2D6B2D6B2D32
:108E80006B2D6B2D6B2D6B2D6B2D6B2D6B2D6B2D22
:108E90006B2D6B2D6B2D6B2D6B2D6B2D6B2D6B2D12
:108EA0006B2D6B2D6B2D6B2D6B2D6B2D6B2D6B2D02
:108EB0006B2D6B2D6B2D6B2D6B2D6B2D6B2D6B2DF2
:108EC0006B2D6B2D6B2D6B2D6B2D6B2D6B2D6B2DE2
:108ED0006B2D6B2D6B2D6B2D6B2D6B2D6B2D6B2DD2
:108EE00029450000000039E76B2D6B2D6B2D6B2D94
:108EF0006B2D6B2D6B2D6B2D6B2D6B2D6B2D6B2DB2
:108F00006B2D6B2D6B2D6B2D6B2D6B2D6B2D6B2DA1
:108F10006B2D6B2D6B2D6B2D6B2D6B2D6B2D6B2D91
:108F20006B2D6B2D6B2D6B2D6B2D6B2D6B2D6B2D81
:108F30006B2D6B2D6B2D6B2D6B2D6B2D6B2D6B2D71
:108F40006B2D6B2D6B2D6B2D6B2D6B2D6B2D6B2D61
:108F50006B2D6B2D6B2D6B2D6B2D6B2D6B2D6B2D51
:108F60006B2D6B2D6B2D6B2D6B2D6B2D6B2D6B2D41
:108F70006B2D6B2D6B2D6B2D6B2D6B2D6B2D6B2D31
:108F80006B2D6B2D6B2D6B2D6B2D6B2D6B2D6B2D21
:108F90006B2D6B2D6B2D6B2D6B2D6B2D6B2D6B2D11
:108FA0006B2D6B2D6B2D6B2D6B2D6B2D6B2D6B2D01
:108FB0006B2D6B2D6B2D6B2D6B2D6B2D6B2D6B2DF1
:108FC0006B2D6B2D6B2D6B2D6B2D6B2D6B2D6B2DE1
:108FD0006B2D6B2D6B2D6B2D6B2D6B2D6B2D6B2DD1
:108FE0006B2D6B2D6B2D6B2D6B2D6B2D6B2D6B2DC1
:108FF0006B2D6B2D6B2D6B2D6B2D6B2D6B2D6B2DB1
:109000006B2D6B2D6B2D6B2D6B2D6B2D6B2D6B2DA0
:109010006B2D6B2D6B2D6B2D6B2D6B2D6B2D6B2D90
:109020006B2D6B2D6B2D6B2D6B2D6B2D6B2D6B2D80
:109030006B2D6B2D6B2D6B2D6B2D6B2D6B2D6B2D70
:109040006B2D6B2D6B2D6B2D6B2D6B2D6B2D6B2D60
:109050006B2D6B2D6B2D6B2D6B2D6B2D6B2D6B2D50
:109060006B2D6B2D6B2D6B2D6B2D6B2D6B2D6B2D40
:109070006B2D6B2D6B2D6B2D6B2D6B2D6B2D6B2D30
:109080006B2D6B2D6B2D6B2D6B2D6B2D6B2D6B2D20
:109090006B2D6B2D6B2D6B2D6B2D6B2D6B2D6B2D10
:1090A0006B2D6B2D6B2D6B2D6B2D6B2D6B2D6B2D00
:1090B0006B2D6B2D6B2D6B2D6B2D6B2D6B2D6B2DF0
:1090C00039E7000000004A696B2D6B2D6B2D6B2D6D
:1090D0006B2D6B2D6B2D6B2D6B2D6B2D6B2D6B2DD0
:1090E0006B2D6B2D6B2D6B2D6B2D6B2D6B2D6B2DC0
:1090F0006B2D6B2D6B2D6B2D6B2D6B2D6B2D6B2DB0
:109100006B2D6B2D6B2D6B2D6B2D6B2D6B2D6B2D9F
:109110006B2D6B2D6B2D6B2D6B2D6B2D6B2D6B2D8F
:109120006B2D6B2D6B2D6B2D6B2D6B2D6B2D6B2D7F
:109130006B2D6B2D6B2D6B2D6B2D6B2D6B2D6B2D6F
:109140006B2D6B2D6B2D6B2D6B2D6B2D6B2D6B2D5F
:109150006B2D6B2D6B2D6B2D6B2D6B2D6B2D6B2D4F
:109160006B2D6B2D6B2D6B2D6B2D6B2D6B2D6B2D3F
:109170006B2D6B2D6B2D6B2D6B2D6B2D6B2D6B2D2F
:109180006B2D6B2D6B2D6B2D6B2D6B2D6B2D6B2D1F
:109190006B2D6B2D6B2D6B2D6B2D6B2D6B2D6B2D0F
:1091A0006B2D6B2D6B2D6B2D6B2D6B2D6B2D6B2DFF
:1091B0006B2D6B2D6B2D6B2D6B2D6B2D6B2D6B2DEF
:1091C0006B2D6B2D6B2D6B2D6B2D6B2D6B2D6B2DDF
:1091D0006B2D6B2D6B2D6B2D6B2D6B2D6B2D6B2DCF
:1091E0006B2D6B2D6B2D6B2D6B2D6B2D6B2D6B2DBF
:1091F0006B2D6B2D6B2D6B2D6B2D6B2D6B2D6B2DAF
:109200006B2D6B2D6B2D6B2D6B2D6B2D6B2D6B2D9E
:109210006B2D6B2D6B2D6B2D6B2D6B2D6B2D6B2D8E
:109220006B2D6B2D6B2D6B2D6B2D6B2D6B2D6B2D7E
:109230006B2D6B2D6B2D6B2D6B2D6B2D6B2D6B2D6E
:109240006B2D6B2D6B2D6B2D6B2D6B2D6B2D6B2D5E
:109250006B2D6B2D6B2D6B2D6B2D6B2D6B2D6B2D4E
:109260006B2D6B2D6B2D6B2D6B2D6B2D6B2D6B2D3E
:109270006B2D6B2D6B2D6B2D6B2D6B2D6B2D6B2D2E
:109280006B2D6B2D6B2D6B2D6B2D6B2D6B2D6B2D1E
:109290006B2D6B2D6B2D6B2D6B2D6B2D6B2D6B2D0E
:1092A0004A49000000005ACB6B2D6B2D6B2D6B2DA6
:1092B0006B2D6B2D6B2D6B2D6B2D6B2D6B2D6B2DEE
:1092C0006B2D6B2D6B2D6B2D6B2D6B2D6B2D6B2DDE
:1092D0006B2D6B2D6B2D6B2D6B2D6B2D6B2D6B2DCE
:1092E0006B2D6B2D6B2D6B2D6B2D6B2D6B2D6B2DBE
:1092F0006B2D6B2D6B2D6B2D6B2D6B2D6B2D6B2DAE
:109300006B2D6B2D6B2D6B2D6B2D6B2D6B2D6B2D9D
:109310006B2D6B2D6B2D6B2D6B2D6B2D6B2D6B2D8D
:109320006B2D6B2D6B2D6B2D6B2D6B2D6B2D6B2D7D
:109330006B2D6B2D6B2D6B2D6B2D6B2D6B2D6B2D6D
:109340006B2D6B2D6B2D6B2D6B2D6B2D6B2D6B2D5D
:109350006B2D6B2D6B2D6B2D6B2D6B2D6B2D6B2D4D
:109360006B2D6B2D6B2D6B2D6B2D6B2D6B2D6B2D3D
:109370006B2D6B2D6B2D6B2D6B2D6B2D6B2D6B2D2D
:109380006B2D6B2D6B2D6B2D6B2D6B2D6B2D6B2D1D
:109390006B2D6B2D6B2D6B2D6B2D6B2D6B2D6B2D0D
:1093A0006B2D6B2D6B2D6B2D6B2D6B2D6B2D6B2DFD
:1093B0006B2D6B2D6B2D6B2D6B2D6B2D6B2D6B2DED
:1093C0006B2D6B2D6B2D6B2D6B2D6B2D6B2D6B2DDD
:1093D0006B2D6B2D6B2D6B2D6B2D6B2D6B2D6B2DCD
:1093E0006B2D6B2D6B2D6B2D6B2D6B2D6B2D6B2DBD
:1093F0006B2D6B2D6B2D6B2D6B2D6B2D6B2D6B2DAD
:109400006B2D6B2D6B2D6B2D6B2D6B2D6B2D6B2D9C
:109410006B2D6B2D6B2D6B2D6B2D6B2D6B2D6B2D8C
:109420006B2D6B2D6B2D6B2D6B2D6B2D6B2D6B2D7C
:109430006B2D6B2D6B2D6B2D6B2D6B2D6B2D6B2D6C
:109440006B2D6B2D6B2D6B2D6B2D6B2D6B2D6B2D5C
:109450006B2D6B2D6B2D6B2D6B2D6B2D6B2D6B2D4C
:109460006B2D6B2D6B2D6B2D6B2D6B2D6B2D6B2D3C
:109470006B2D6B2D6B2D6B2D6B2D6B2D6B2D6B2D2C
:1094800052AA00000000632C6B2D6B2D6B2D6B2DF1
:109490006B2D6B2D6B2D6B2D6B2D6B2D6B2D6B2D0C
:1094A0006B2D6B2D6B2D6B2D6B2D6B2D6B2D6B2DFC
:1094B0006B2D6B2D6B2D6B2D6B2D6B2D6B2D6B2DEC
:1094C0006B2D6B2D6B2D6B2D6B2D6B2D6B2D6B2DDC
:1094D0006B2D6B2D6B2D6B2D6B2D6B2D6B2D6B2DCC
:1094E0006B2D6B2D6B2D6B2D6B2D6B2D6B2D6B2DBC
:1094F0006B2D6B2D6B2D6B2D6B2D6B2D6B2D6B2DAC
:109500006B2D6B2D6B2D6B2D6B2D6B2D6B2D6B2D9B
:109510006B2D6B2D6B2D6B2D6B2D6B2D6B2D6B2D8B
:109520006B2D6B2D6B2D6B2D6B2D6B2D6B2D6B2D7B
:109530006B2D6B2D6B2D6B2D6B2D6B2D6B2D6B2D6B
:109540006B2D6B2D6B2D6B2D6B2D6B2D6B2D6B2D5B
:109550006B2D6B2D6B2D6B2D6B2D6B2D6B2D6B2D4B
:109560006B2D6B2D6B2D6B2D6B2D6B2D6B2D6B2D3B
:109570006B2D6B2D6B2D6B2D6B2D6B2D6B2D6B2D2B
:109580006B2D6B2D6B2D6B2D6B2D6B2D6B2D6B2D1B
:109590006B2D6B2D6B2D6B2D6B2D6B2D6B2D6B2D0B
:1095A0006B2D6B2D6B2D6B2D6B2D6B2D6B2D6B2DFB
:1095B0006B2D6B2D6B2D6B2D6B2D6B2D6B2D6B2DEB
:1095C0006B2D6B2D6B2D6B2D6B2D6B2D6B2D6B2DDB
:1095D0006B2D6B2D6B2D6B2D6B2D6B2D6B2D6B2DCB
:1095E0006B2D6B2D6B2D6B2D6B2D6B2D6B2D6B2DBB
:1095F0006B2D6B2D6B2D6B2D6B2D6B2D6B2D6B2DAB
:109600006B2D6B2D6B2D6B2D6B2D6B2D6B2D6B2D9A
:109610006B2D6B2D6B2D6B2D6B2D6B2D6B2D6B2D8A
:109620006B2D6B2D6B2D6B2D6B2D6B2D6B2D6B2D7A
:109630006B2D6B2D6B2D6B2D6B2D6B2D6B2D6B2D6A
:109640006B2D6B2D6B2D6B2D6B2D6B2D6B2D6B2D5A
:109650006B2D6B2D6B2D6B2D6B2D6B2D6B2D6B2D4A
:10966000630C000008616B2D6B2D6B2D6B2D6B2D2A
:109670006B2D6B2D6B2D6B2D6B2D6B2D6B2D6B2D2A
:109680006B2D6B2D6B2D6B2D6B2D6B2D6B2D6B2D1A
:109690006B2D6B2D6B2D6B2D6B2D6B2D6B2D6B2D0A
:1096A0006B2D6B2D6B2D6B2D6B2D6B2D6B2D6B2DFA
:1096B0006B2D6B2D6B2D6B2D6B2D6B2D6B2D6B2DEA
:1096C0006B2D6B2D6B2D6B2D6B2D6B2D6B2D6B2DDA
:1096D0006B2D6B2D6B2D6B2D6B2D6B2D6B2D6B2DCA
:1096E0006B2D6B2D6B2D6B2D6B2D6B2D6B2D6B2DBA
:1096F0006B2D6B2D6B2D6B2D6B2D6B2D6B2D6B2DAA
:109700006B2D6B2D6B2D6B2D6B2D6B2D6B2D6B2D99
:109710006B2D6B2D6B2D6B2D6B2D6B2D6B2D6B2D89
:109720006B2D6B2D6B2D6B2D6B2D6B2D6B2D6B2D79
:109730006B2D6B2D6B2D6B2D6B2D6B2D6B2D6B2D69
:109740006B2D6B2D6B2D6B2D6B2D6B2D6B2D6B2D59
:109750006B2D6B2D6B2D6B2D6B2D6B2D6B2D6B2D49
:109760006B2D6B2D6B2D6B2D6B2D6B2D6B2D6B2D39
:109770006B2D6B2D6B2D6B2D6B2D6B2D6B2D6B2D29
:109780006B2D6B2D6B2D6B2D6B2D6B2D6B2D6B2D19
:109790006B2D6B2D6B2D6B2D6B2D6B2D6B2D6B2D09
:1097A0006B2D6B2D6B2D6B2D6B2D6B2D6B2D6B2DF9
:1097B0006B2D6B2D6B2D6B2D6B2D6B2D6B2D6B2DE9
:1097C0006B2D6B2D6B2D6B2D6B2D6B2D6B2D6B2DD9
:1097D0006B2D6B2D6B2D6B2D6B2D6B2D6B2D6B2DC9
:1097E0006B2D6B2D6B2D6B2D6B2D6B2D6B2D6B2DB9
:1097F0006B2D6B2D6B2D6B2D6B2D6B2D6B2D6B2DA9
:109800006B2D6B2D6B2D6B2D6B2D6B2D6B2D6B2D98
:109810006B2D6B2D6B2D6B2D6B2D6B2D6B2D6B2D88
:109820006B2D6B2D6B2D6B2D6B2D6B2D6B2D6B2D78
:109830006B2D6B2D6B2D6B2D6B2D6B2D6B2D6B2D68
:109840006B2D084118C36B2D6B2D6B2D6B2D6B2D64
:109850006B2D6B2D6B2D6B2D6B2D6B2D6B2D6B2D48
:109860006B2D6B2D6B2D6B2D6B2D6B2D6B2D6B2D38
:109870006B2D6B2D6B2D6B2D6B2D6B2D6B2D6B2D28
:109880006B2D6B2D6B2D6B2D6B2D6B2D6B2D6B2D18
:109890006B2D6B2D6B2D6B2D6B2D6B2D6B2D6B2D08
:1098A0006B2D6B2D6B2D6B2D6B2D6B2D6B2D6B2DF8
:1098B0006B2D6B2D6B2D6B2D6B2D6B2D6B2D6B2DE8
:1098C0006B2D6B2D6B2D6B2D6B2D6B2D6B2D6B2DD8
:1098D0006B2D6B2D6B2D6B2D6B2D6B2D6B2D6B2DC8
:1098E0006B2D6B2D6B2D6B2D6B2D6B2D6B2D6B2DB8
:1098F0006B2D6B2D6B2D6B2D6B2D6B2D6B2D6B2DA8
:109900006B2D6B2D6B2D6B2D6B2D6B2D6B2D6B2D97
:109910006B2D6B2D6B2D6B2D6B2D6B2D6B2D6B2D87
:109920006B2D6B2D6B2D6B2D6B2D6B2D6B2D6B2D77
:109930006B2D6B2D6B2D6B2D6B2D6B2D6B2D6B2D67
:109940006B2D6B2D6B2D6B2D6B2D6B2D6B2D6B2D57
:109950006B2D6B2D6B2D6B2D6B2D6B2D6B2D6B2D47
:109960006B2D6B2D6B2D6B2D6B2D6B2D6B2D6B2D37
:109970006B2D6B2D6B2D6B2D6B2D6B2D6B2D6B2D27
:109980006B2D6B2D6B2D6B2D6B2D6B2D6B2D6B2D17
:109990006B2D6B2D6B2D6B2D6B2D6B2D6B2D6B2D07
:1099A0006B2D6B2D6B2D6B2D6B2D6B2D6B2D6B2DF7
:1099B0006B2D6B2D6B2D6B2D6B2D6B2D6B2D6B2DE7
:1099C0006B2D6B2D6B2D6B2D6B2D6B2D6B2D6B2DD7
:1099D0006B2D6B2D6B2D6B2D6B2D6B2D6B2D6B2DC7
:1099E0006B2D6B2D6B2D6B2D6B2D6B2D6B2D6B2DB7
:1099F0006B2D6B2D6B2D6B2D6B2D6B2D6B2D6B2DA7
:109A00006B2D6B2D6B2D6B2D6B2D6B2D6B2D6B2D96
:109A10006B2D6B2D6B2D6B2D6B2D6B2D6B2D6B2D86
:109A20006B2D18C321246B2D6B2D6B2D6B2D6B2D86
:109A30006B2D6B2D6B2D6B2D6B2D6B2D6B2D6B2D66
:109A40006B2D6B2D6B2D6B2D6B2D6B2D6B2D6B2D56
:109A50006B2D6B2D6B2D6B2D6B2D6B2D6B2D6B2D46
:109A60006B2D6B2D6B2D6B2D6B2D6B2D6B2D6B2D36
:109A70006B2D6B2D6B2D6B2D6B2D6B2D6B2D6B2D26
:109A80006B2D6B2D6B2D6B2D6B2D6B2D6B2D6B2D16
:109A90006B2D6B2D6B2D6B2D6B2D6B2D6B2D6B2D06
:109AA0006B2D6B2D6B2D6B2D6B2D6B2D6B2D6B2DF6
:109AB0006B2D6B2D6B2D6B2D6B2D6B2D6B2D6B2DE6
:109AC0006B2D6B2D6B2D6B2D6B2D6B2D6B2D6B2DD6
:109AD0006B2D6B2D6B2D6B2D6B2D6B2D6B2D6B2DC6
:109AE0006B2D6B2D6B2D6B2D6B2D6B2D6B2D6B2DB6
:109AF0006B2D6B2D6B2D6B2D6B2D6B2D6B2D6B2DA6
:109B00006B2D6B2D6B2D6B2D6B2D6B2D6B2D6B2D95
:109B10006B2D6B2D6B2D6B2D6B2D6B2D6B2D6B2D85
:109B20006B2D6B2D6B2D6B2D6B2D6B2D6B2D6B2D75
:109B30006B2D6B2D6B2D6B2D6B2D6B2D6B2D6B2D65
:109B40006B2D6B2D6B2D6B2D6B2D6B2D6B2D6B2D55
:109B50006B2D6B2D6B2D6B2D6B2D6B2D6B2D6B2D45
:109B60006B2D6B2D6B2D6B2D6B2D6B2D6B2D6B2D35
:109B70006B2D6B2D6B2D6B2D6B2D6B2D6B2D6B2D25
:109B80006B2D6B2D6B2D6B2D6B2D6B2D6B2D6B2D15
:109B90006B2D6B2D6B2D6B2D6B2D6B2D6B2D6B2D05
:109BA0006B2D6B2D6B2D6B2D6B2D6B2D6B2D6B2DF5
:109BB0006B2D6B2D6B2D6B2D6B2D6B2D6B2D6B2DE5
:109BC0006B2D6B2D6B2D6B2D6B2D6B2D6B2D6B2DD5
:109BD0006B2D6B2D6B2D6B2D6B2D6B2D6B2D6B2DC5
:109BE0006B2D6B2D6B2D6B2D6B2D6B2D6B2D6B2DB5
:109BF0006B2D6B2D6B2D6B2D6B2D6B2D6B2D6B2DA5
:109C00006B2D212431666B2D6B2D6B2D6B2D6B2DE8
:109C10006B2D6B2D6B2D6B2D6B2D6B2D6B2D6B2D84
:109C20006B2D6B2D6B2D6B2D6B2D6B2D6B2D6B2D74
:109C30006B2D6B2D6B2D6B2D6B2D6B2D6B2D6B2D64
:109C40006B2D6B2D6B2D6B2D6B2D6B2D6B2D6B2D54
:109C50006B2D6B2D6B2D6B2D6B2D6B2D6B2D6B2D44
:109C60006B2D6B2D6B2D6B2D6B2D6B2D6B2D6B2D34
:109C70006B2D6B2D6B2D6B2D6B2D6B2D6B2D6B2D24
:109C80006B2D6B2D6B2D6B2D6B2D6B2D6B2D6B2D14
:109C90006B2D6B2D6B2D6B2D6B2D6B2D6B2D6B2D04
:109CA0006B2D6B2D6B2D6B2D6B2D6B2D6B2D6B2DF4
:109CB0006B2D6B2D6B2D6B2D6B2D6B2D6B2D6B2DE4
:109CC0006B2D6B2D6B2D6B2D6B2D6B2D6B2D6B2DD4
:109CD0006B2D6B2D6B2D6B2D6B2D6B2D6B2D6B2DC4
:109CE0006B2D6B2D6B2D6B2D6B2D6B2D6B2D6B2DB4
:109CF0006B2D6B2D6B2D6B2D6B2D6B2D6B2D6B2DA4
:109D00006B2D6B2D6B2D6B2D6B2D6B2D6B2D6B2D93
:109D10006B2D6B2D6B2D6B2D6B2D6B2D6B2D6B2D83
:109D20006B2D6B2D6B2D6B2D6B2D6B2D6B2D6B2D73
:109D30006B2D6B2D6B2D6B2D6B2D6B2D6B2D6B2D63
:109D40006B2D6B2D6B2D6B2D6B2D6B2D6B2D6B2D53
:109D50006B2D6B2D6B2D6B2D6B2D6B2D6B2D6B2D43
:109D60006B2D6B2D6B2D6B2D6B2D6B2D6B2D6B2D33
:109D70006B2D6B2D6B2D6B2D6B2D6B2D6B2D6B2D23
:109D80006B2D6B2D6B2D6B2D6B2D6B2D6B2D6B2D13
:109D90006B2D6B2D6B2D6B2D6B2D6B2D6B2D6B2D03
:109DA0006B2D6B2D6B2D6B2D6B2D6B2D6B2D6B2DF3
:109DB0006B2D6B2D6B2D6B2D6B2D6B2D6B2D6B2DE3
:109DC0006B2D6B2D6B2D6B2D6B2D6B2D6B2D6B2DD3
:109DD0006B2D6B2D6B2D6B2D6B2D6B2D6B2D6B2DC3
:109DE0006B2D296539A76B2D6B2D6B2D6B2D6B2D75
:109DF0006B2D6B2D6B2D6B2D6B2D6B2D6B2D6B2DA3
:109E00006B2D6B2D6B2D6B2D6B2D6B2D6B2D6B2D92
:109E10006B2D6B2D6B2D6B2D6B2D6B2D6B2D6B2D82
:109E20006B2D6B2D6B2D6B2D6B2D6B2D6B2D6B2D72
:109E30006B2D6B2D6B2D6B2D6B2D6B2D6B2D6B2D62
:109E40006B2D6B2D6B2D6B2D6B2D6B2D6B2D6B2D52
:109E50006B2D6B2D6B2D6B2D6B2D6B2D6B2D6B2D42
:109E60006B2D6B2D6B2D6B2D6B2D6B2D6B2D6B2D32
:109E70006B2D6B2D6B2D6B2D6B2D6B2D6B2D6B2D22
:109E80006B2D6B2D6B2D6B2D6B2D6B2D6B2D6B2D12
:109E90006B2D6B2D6B2D6B2D6B2D6B2D6B2D6B2D02
:109EA0006B2D6B2D6B2D6B2D6B2D6B2D6B2D6B2DF2
:109EB0006B2D6B2D6B2D6B2D6B2D6B2D6B2D6B2DE2
:109EC0006B2D6B2D6B2D6B2D6B2D6B2D6B2D6B2DD2
:109ED0006B2D6B2D6B2D6B2D6B2D6B2D6B2D6B2DC2
:109EE0006B2D6B2D6B2D6B2D6B2D6B2D6B2D6B2DB2
:109EF0006B2D6B2D6B2D6B2D6B2D6B2D6B2D6B2DA2
:109F00006B2D6B2D6B2D6B2D6B2D6B2D6B2D6B2D91
:109F10006B2D6B2D6B2D6B2D6B2D6B2D6B2D6B2D81
:109F20006B2D6B2D6B2D6B2D6B2D6B2D6B2D6B2D71
:109F30006B2D6B2D6B2D6B2D6B2D6B2D6B2D6B2D61
:109F40006B2D6B2D6B2D6B2D6B2D6B2D6B2D6B2D51
:109F50006B2D6B2D6B2D6B2D6B2D6B2D6B2D6B2D41
:109F60006B2D6B2D6B2D6B2D6B2D6B2D6B2D6B2D31
:109F70006B2D6B2D6B2D6B2D6B2D6B2D6B2D6B2D21
:109F80006B2D6B2D6B2D6B2D6B2D6B2D6B2D6B2D11
:109F90006B2D6B2D6B2D6B2D6B2D6B2D6B2D6B2D01
:109FA0006B2D6B2D6B2D6B2D6B2D6B2D6B2D6B2DF1
:109FB0006B2D6B2D6B2D6B2D6B2D6B2D6B2D6B2DE1
:109FC0006B2D31A641E86B2D6B2D6B2D6B2D6B2D01
:109FD0006B2D6B2D6B2D6B2D6B2D6B2D6B2D6B2DC1
:109FE0006B2D6B2D6B2D6B2D6B2D6B2D6B2D6B2DB1
:109FF0006B2D6B2D6B2D6B2D6B2D6B2D6B2D6B2DA1
:10A000006B2D6B2D6B2D6B2D6B2D6B2D6B2D6B2D90
:10A010006B2D6B2D6B2D6B2D6B2D6B2D6B2D6B2D80
:10A020006B2D6B2D6B2D6B2D6B2D6B2D6B2D6B2D70
:10A030006B2D6B2D6B2D6B2D6B2D6B2D6B2D6B2D60
:10A040006B2D6B2D6B2D6B2D6B2D6B2D6B2D6B2D50
:10A050006B2D6B2D6B2D6B2D6B2D6B2D6B2D6B2D40
:10A060006B2D6B2D6B2D6B2D6B2D6B2D6B2D6B2D30
:10A070006B2D6B2D6B2D6B2D6B2D6B2D6B2D6B2D20
:10A080006B2D6B2D6B2D6B2D6B2D6B2D6B2D6B2D10
:10A090006B2D6B2D6B2D6B2D6B2D6B2D6B2D6B2D00
:10A0A0006B2D6B2D6B2D6B2D6B2D6B2D6B2D6B2DF0
:10A0B0006B2D6B2D6B2D6B2D6B2D6B2D6B2D6B2DE0
:10A0C0006B2D6B2D6B2D6B2D6B2D6B2D6B2D6B2DD0
:10A0D0006B2D6B2D6B2D6B2D6B2D6B2D6B2D6B2DC0
:10A0E0006B2D6B2D6B2D6B2D6B2D6B2D6B2D6B2DB0
:10A0F0006B2D6B2D6B2D6B2D6B2D6B2D6B2D6B2DA0
:10A100006B2D6B2D6B2D6B2D6B2D6B2D6B2D6B2D8F
:10A110006B2D6B2D6B2D6B2D6B2D6B2D6B2D6B2D7F
:10A120006B2D6B2D6B2D6B2D6B2D6B2D6B2D6B2D6F
:10A130006B2D6B2D6B2D6B2D6B2D6B2D6B2D6B2D5F
:10A140006B2D6B2D6B2D6B2D6B2D6B2D6B2D6B2D4F
:10A150006B2D6B2D6B2D6B2D6B2D6B2D6B2D6B2D3F
:10A160006B2D6B2D6B2D6B2D6B2D6B2D6B2D6B2D2F
:10A170006B2D6B2D6B2D6B2D6B2D6B2D6B2D6B2D1F
:10A180006B2D6B2D6B2D6B2D6B2D6B2D6B2D6B2D0F
:10A190006B2D6B2D6B2D6B2D6B2D6B2D6B2D6B2DFF
:10A1A0006B2D39E742286B2D6B2D6B2D6B2D6B2D95
:10A1B0006B2D6B2D6B2D6B2D6B2D6B2D6B2D6B2DDF
:10A1C0006B2D6B2D6B2D6B2D6B2D6B2D6B2D6B2DCF
:10A1D0006B2D6B2D6B2D6B2D6B2D6B2D6B2D6B2DBF
:10A1E0006B2D6B2D6B2D6B2D6B2D6B2D6B2D6B2DAF
:10A1F0006B2D6B2D6B2D6B2D6B2D6B2D6B2D6B2D9F
:10A200006B2D6B2D6B2D6B2D6B2D6B2D6B2D6B2D8E
:10A210006B2D6B2D6B2D6B2D6B2D6B2D6B2D6B2D7E
:10A220006B2D6B2D6B2D6B2D6B2D6B2D6B2D6B2D6E
:10A230006B2D6B2D6B2D6B2D6B2D6B2D6B2D6B2D5E
:10A240006B2D6B2D6B2D6B2D6B2D6B2D6B2D6B2D4E
:10A250006B2D6B2D6B2D6B2D6B2D6B2D6B2D6B2D3E
:10A260006B2D6B2D6B2D6B2D6B2D6B2D6B2D6B2D2E
:10A270006B2D6B2D6B2D6B2D6B2D6B2D6B2D6B2D1E
:10A280006B2D6B2D6B2D6B2D6B2D6B2D6B2D6B2D0E
:10A290006B2D6B2D6B2D6B2D6B2D6B2D6B2D6B2DFE
:10A2A0006B2D6B2D6B2D6B2D6B2D6B2D6B2D6B2DEE
:10A2B0006B2D6B2D6B2D6B2D6B2D6B2D6B2D6B2DDE
:10A2C0006B2D6B2D6B2D6B2D6B2D6B2D6B2D6B2DCE
:10A2D0006B2D6B2D6B2D6B2D6B2D6B2D6B2D6B2DBE
:10A2E0006B2D6B2D6B2D6B2D6B2D6B2D6B2D6B2DAE
:10A2F0006B2D6B2D6B2D6B2D6B2D6B2D6B2D6B2D9E
:10A300006B2D6B2D6B2D6B2D6B2D6B2D6B2D6B2D8D
:10A310006B2D6B2D6B2D6B2D6B2D6B2D6B2D6B2D7D
:10A320006B2D6B2D6B2D6B2D6B2D6B2D6B2D6B2D6D
:10A330006B2D6B2D6B2D6B2D6B2D6B2D6B2D6B2D5D
:10A340006B2D6B2D6B2D6B2D6B2D6B2D6B2D6B2D4D
:10A350006B2D6B2D6B2D6B2D6B2D6B2D6B2D6B2D3D
:10A360006B2D6B2D6B2D6B2D6B2D6B2D6B2D6B2D2D
:10A370006B2D6B2D6B2D6B2D6B2D6B2D6B2D6B2D1D
:10A380006B2D42284A696B2D6B2D6B2D6B2D6B2D20
:10A390006B2D6B2D6B2D6B2D6B2D6B2D6B2D6B2DFD
:10A3A0006B2D6B2D6B2D6B2D6B2D6B2D6B2D6B2DED
:10A3B0006B2D6B2D6B2D6B2D6B2D6B2D6B2D6B2DDD
:10A3C0006B2D6B2D6B2D6B2D6B2D6B4D6B6D6B6E2C
:10A3D000738E6B8E6B6D6B4D6B2D6B2D6B2D6B2D93
:10A3E0006B2D6B2D6B2D6B2D6B2D6B2D6B2D6B2DAD
:10A3F0006B2D6B2D6B2D6B2D6B2D6B2D6B2D6B2D9D
:10A400006B2D6B2D6B2D6B2D6B2D6B2D6B2D6B2D8C
:10A410006B2D6B2D6B2D6B2D6B2D6B2D6B2D6B2D7C
:10A420006B2D6B2D6B2D6B2D6B2D6B2D6B2D6B2D6C
:10A430006B2D6B2D6B2D6B2D6B2D6B2D6B2D6B2D5C
:10A440006B2D6B2D6B2D6B2D6B2D6B2D6B2D6B2D4C
:10A450006B2D6B2D6B2D6B2D6B2D6B2D6B2D6B2D3C
:10A460006B2D6B2D6B2D6B2D6B2D6B2D6B2D6B2D2C
:10A470006B2D6B2D6B2D6B2D6B2D6B2D6B2D6B2D1C
:10A480006B2D6B2D6B2D6B2D6B2D6B2D6B2D6B2D0C
:10A490006B2D6B2D6B2D6B2D6B2D6B2D6B2D6B2DFC
:10A4A0006B2D6B2D6B2D6B2D6B2D6B2D6B2D6B2DEC
:10A4B0006B2D6B2D6B2D6B2D6B2D6B2D6B2D6B2DDC
:10A4C0006B2D6B2D6B2D6B2D6B2D6B2D6B2D6B2DCC
:10A4D0006B2D6B2D6B2D6B2D6B2D6B2D6B2D6B2DBC
:10A4E0006B2D6B2D6B2D6B2D6B2D6B2D6B2D6B2DAC
:10A4F0006B2D6B2D6B2D6B2D6B2D6B2D6B2D6B2D9C
:10A500006B2D6B2D6B2D6B2D6B2D6B2D6B2D6B2D8B
:10A510006B2D6B2D6B2D6B2D6B2D6B2D6B2D6B2D7B
:10A520006B2D6B2D6B2D6B2D6B2D6B2D6B2D6B2D6B
:10A530006B2D6B2D6B2D6B2D6B2D6B2D6B2D6B2D5B
:10A540006B2D6B2D6B2D6B2D6B2D6B2D6B2D6B2D4B
:10A550006B2D6B2D6B2D6B2D6B2D6B2D6B2D6B2D3B
:10A560006B2D4A6952AA6B2D6B2D6B2D6B2D6B2DAC
:10A570006B2D6B2D6B2D6B2D6B2D6B2D6B2D6B2D1B
:10A580006B2D6B2D6B2D6B2D6B2D6B2D6B2D6B2D0B
:10A590006B2D6B2D6B2D6B2D6B2D6B2D6B2D6B2DFB
:10A5A0006B2D6B2D6B2D6B4D73AE73CF7BCF7BCF34
:10A5B0007BCF7BCF7BCF7BCF73AF738E6B4D6B2D00
:10A5C0006B2D6B2D6B2D6B2D6B2D6B2D6B2D6B2DCB
:10A5D0006B2D6B2D6B2D6B2D6B2D6B2D6B2D6B2DBB
:10A5E0006B2D6B2D6B2D6B2D6B2D6B2D6B2D6B2DAB
:10A5F0006B2D6B2D6B2D6B2D6B2D6B2D6B2D6B2D9B
:10A600006B2D6B2D6B2D6B2D6B2D6B2D6B2D6B2D8A
:10A610006B2D6B2D6B2D6B2D6B2D6B2D6B2D6B2D7A
:10A620006B2D6B2D6B2D6B2D6B2D6B2D6B2D6B2D6A
:10A630006B2D6B2D6B2D6B2D6B2D6B2D6B2D6B2D5A
:10A640006B2D6B2D6B2D6B2D6B2D6B2D6B2D6B2D4A
:10A650006B2D6B2D6B2D6B2D6B2D6B2D6B2D6B2D3A
:10A660006B2D6B2D6B2D6B2D6B2D6B2D6B2D6B2D2A
:10A670006B2D6B2D6B2D6B2D6B2D6B2D6B2D6B2D1A
:10A680006B2D6B2D6B2D6B2D6B2D6B2D6B2D6B2D0A
:10A690006B2D6B2D6B2D6B2D6B2D6B2D6B2D6B2DFA
:10A6A0006B2D6B2D6B2D6B2D6B2D6B2D6B2D6B2DEA
:10A6B0006B2D6B2D6B2D6B2D6B2D6B2D6B2D6B2DDA
:10A6C0006B2D6B2D6B2D6B2D6B2D6B2D6B2D6B2DCA
:10A6D0006B2D6B2D6B2D6B2D6B2D6B2D6B2D6B2DBA
:10A6E0006B2D6B2D6B2D6B2D6B2D6B2D6B2D6B2DAA
:10A6F0006B2D6B2D6B2D6B2D6B2D6B2D6B2D6B2D9A
:10A700006B2D6B2D6B2D6B2D6B2D6B2D6B2D6B2D89
:10A710006B2D6B2D6B2D6B2D6B2D6B2D6B2D6B2D79
:10A720006B2D6B2D6B2D6B2D6B2D6B2D6B2D6B2D69
:10A730006B2D6B2D6B2D6B2D6B2D6B2D6B2D6B2D59
:10A740006B2D52AA5ACB6B2D6B2D6B2D6B2D6B2D58
:10A750006B2D6B2D6B2D6B2D6B2D6B2D6B2D6B2D39
:10A760006B2D6B2D6B2D6B2D6B2D6B2D6B2D6B2D29
:10A770006B2D6B2D6B2D6B2D6B2D6B2D6B2D6B2D19
:10A780006B2D6B2D738E7BCF7BCF7BCF7BCF7BCF26
:10A790007BCF7BCF7BCF7BCF7BCF7BCF73CF6B6DE3
:10A7A0006B2D6B2D6B2D6B2D6B2D6B2D6B2D6B2DE9
:10A7B0006B2D6B2D6B2D6B2D6B2D6B2D6B2D6B2DD9
:10A7C0006B2D6B2D6B2D6B2D6B2D6B2D6B2D6B2DC9
:10A7D0006B2D6B2D6B2D6B2D6B2D6B2D6B2D6B2DB9
:10A7E0006B2D6B2D6B2D6B2D6B2D6B2D6B2D6B2DA9
:10A7F0006B2D6B2D6B2D6B2D6B2D6B2D6B2D6B2D99
:10A800006B2D6B2D6B2D6B2D6B2D6B2D6B2D6B2D88
:10A810006B2D6B2D6B2D6B2D6B2D6B2D6B2D6B2D78
:10A820006B2D6B2D6B2D6B2D6B2D6B2D6B2D6B2D68
:10A830006B2D6B2D6B2D6B2D6B2D6B2D6B2D6B2D58
:10A840006B2D6B2D6B2D6B2D6B2D6B2D6B2D6B2D48
:10A850006B2D6B2D6B2D6B2D6B2D6B2D6B2D6B2D38
:10A860006B2D6B2D6B2D6B2D6B2D6B2D6B2D6B2D28
:10A870006B2D6B2D6B2D6B2D6B2D6B2D6B2D6B2D18
:10A880006B2D6B2D6B2D6B2D6B2D6B2D6B2D6B2D08
:10A890006B2D6B2D6B2D6B2D6B2D6B2D6B2D6B2DF8
:10A8A0006B2D6B2D6B2D6B2D6B2D6B2D6B2D6B2DE8
:10A8B0006B2D6B2D6B2D6B2D6B2D6B2D6B2D6B2DD8
:10A8C0006B2D6B2D6B2D6B2D6B2D6B2D6B2D6B2DC8
:10A8D0006B2D6B2D6B2D6B2D6B2D6B2D6B2D6B2DB8
:10A8E0006B2D6B2D6B2D6B2D6B2D6B2D6B2D6B2DA8
:10A8F0006B2D6B2D6B2D6B2D6B2D6B2D6B2D6B2D98
:10A900006B2D6B2D6B2D6B2D6B2D6B2D6B2D6B2D87
:10A910006B2D6B2D6B2D6B2D6B2D6B2D6B2D6B2D77
:10A920006B2D5ACB5AEB6B2D6B2D6B2D6B2D6B2D2D
:10A930006B2D6B2D6B2D6B2D6B2D6B2D6B2D6B2D57
:10A940006B2D6B2D6B2D6B2D6B2D6B2D6B2D6B2D47
:10A950006B2D6B2D6B2D6B2D6B2D6B2D6B2D6B2D37
:10A960006B4D73AE7BCF7BCF7BCF7BCF7BCF7BCF52
:10A970007BCF7BCF7BCF7BCF7BCF7BCF7BCF7BCF87
:10A980006B6D6B2D6B2D6B2D6B2D6B2D6B2D6B2DC7
:10A990006B2D6B2D6B2D6B2D6B2D6B2D6B2D6B2DF7
:10A9A0006B2D6B2D6B2D6B2D6B2D6B2D6B2D6B2DE7
:10A9B0006B2D6B2D6B2D6B2D6B2D6B2D6B2D6B2DD7
:10A9C0006B2D6B2D6B2D6B2D6B2D6B2D6B2D6B2DC7
:10A9D0006B2D6B2D6B2D6B2D6B2D6B2D6B2D6B2DB7
:10A9E0006B2D6B2D6B2D6B2D6B2D6B2D6B2D6B2DA7
:10A9F0006B2D6B2D6B2D6B2D6B2D6B2D6B2D6B2D97
:10AA00006B2D6B2D6B2D6B2D6B2D6B2D6B2D6B2D86
:10AA10006B2D6B2D6B2D6B2D6B2D6B2D6B2D6B2D76
:10AA20006B2D6B2D6B2D6B2D6B2D6B2D6B2D6B2D66
:10AA30006B2D6B2D6B2D6B2D6B2D6B2D6B2D6B2D56
:10AA40006B2D6B2D6B2D6B2D6B2D6B2D6B2D6B2D46
:10AA50006B2D6B2D6B2D6B2D6B2D6B2D6B2D6B2D36
:10AA60006B2D6B2D6B2D6B2D6B2D6B2D6B2D6B2D26
:10AA70006B2D6B2D6B2D6B2D6B2D6B2D6B2D6B2D16
:10AA80006B2D6B2D6B2D6B2D6B2D6B2D6B2D6B2D06
:10AA90006B2D6B2D6B2D6B2D6B2D6B2D6B2D6B2DF6
:10AAA0006B2D6B2D6B2D6B2D6B2D6B2D6B2D6B2DE6
:10AAB0006B2D6B2D6B2D6B2D6B2D6B2D6B2D6B2DD6
:10AAC0006B2D6B2D6B2D6B2D6B2D6B2D6B2D6B2DC6
:10AAD0006B2D6B2D6B2D6B2D6B2D6B2D6B2D6B2DB6
:10AAE0006B2D6B2D6B2D6B2D6B2D6B2D6B2D6B2DA6
:10AAF0006B2D6B2D6B2D6B2D6B2D6B2D6B2D6B2D96
:10AB00006B2D5ACB62EC6B2D6B2D6B2D6B2D6B2D42
:10AB10006B2D6B2D6B2D6B2D6B2D6B2D6B2D6B2D75
:10AB20006B2D6B2D6B2D6B2D6B2D6B2D6B2D6B2D65
:10AB30006B2D6B2D6B2D6B2D6B2D6B2D6B2D6B2D55
:10AB4000738E7BCF7BCF7BCF7BCF7BCF7BCF7BCFFE
:10AB50007BCF7BCF7BCF7BCF7BCF7BCF7BCF7BCFA5
:10AB60007BCF6B6D6B2D6B2D6B2D6B2D6B2D6B2D33
:10AB70006B2D6B2D6B2D6B2D6B2D6B2D6B2D6B2D15
:10AB80006B2D6B2D6B2D6B2D6B2D6B2D6B2D6B2D05
:10AB90006B2D6B2D6B2D6B2D6B2D6B2D6B2D6B2DF5
:10ABA0006B2D6B2D6B2D6B2D6B2D6B2D6B2D6B2DE5
:10ABB0006B2D6B2D6B2D6B2D6B2D6B2D6B2D6B2DD5
:10ABC0006B2D6B2D6B2D6B2D6B2D6B2D6B2D6B2DC5
:10ABD0006B2D6B2D6B2D6B2D6B2D6B2D6B2D6B2DB5
:10ABE0006B2D6B2D6B2D6B2D6B2D6B2D6B2D6B2DA5
:10ABF0006B2D6B2D6B2D6B2D6B2D6B2D6B2D6B2D95
:10AC00006B2D6B2D6B2D6B2D6B2D6B2D6B2D6B2D84
:10AC10006B2D6B2D6B2D6B2D6B2D6B2D6B2D6B2D74
:10AC20006B2D6B2D6B2D6B2D6B2D6B2D6B2D6B2D64
:10AC30006B2D6B2D6B2D6B2D6B2D6B2D6B2D6B2D54
:10AC40006B2D6B2D6B2D6B2D6B2D6B2D6B2D6B2D44
:10AC50006B2D6B2D6B2D6B2D6B2D6B2D6B2D6B2D34
:10AC60006B2D6B2D6B2D6B2D6B2D6B2D6B2D6B2D24
:10AC70006B2D6B2D6B2D6B2D6B2D6B2D6B2D6B2D14
:10AC80006B2D6B2D6B2D6B2D6B2D6B2D6B2D6B2D04
:10AC90006B2D6B2D6B2D6B2D6B2D6B2D6B2D6B2DF4
:10ACA0006B2D6B2D6B2D6B2D6B2D6B2D6B2D6B2DE4
:10ACB0006B2D6B2D6B2D6B2D6B2D6B2D6B2D6B2DD4
:10ACC0006B2D6B2D6B2D6B2D6B2D6B2D6B2D6B2DC4
:10ACD0006B2D6B2D6B2D6B2D6B2D6B2D6B2D6B2DB4
:10ACE0006B2D5AEB630C6B2D6B2D6B2D6B2D6B2D20
:10ACF0006B2D6B2D6B2D6B2D6B2D6B2D6B2D6B2D94
:10AD00006B2D6B2D6B2D6B2D6B2D6B2D6B2D6B2D83
:10AD10006B2D6B2D6B2D6B2D6B2D6B2D6B2D6B6D33
:10AD20007BCF7BCF7BCF7BCF7BCF7BCF7BCF7BCFD3
:10AD30007BCF7BCF7BCF7BCF7BCF7BCF7BCF7BCFC3
:10AD40007BCF73CF6B4D6B2D6B2D6B2D6B2D6B2DC7
:10AD50006B2D6B2D6B2D6B2D6B2D6B2D6B2D6B2D33
:10AD60006B2D6B2D6B2D6B2D6B2D6B2D6B2D6B2D23
:10AD70006B2D6B2D6B2D6B2D6B2D6B2D6B2D6B2D13
:10AD80006B2D6B2D6B2D6B2D6B2D6B2D6B2D6B2D03
:10AD90006B2D6B2D6B2D6B2D6B2D6B2D6B2D6B2DF3
:10ADA0006B2D6B2D6B2D6B2D6B2D6B2D6B2D6B2DE3
:10ADB0006B2D6B2D6B2D6B2D6B2D6B2D6B2D6B2DD3
:10ADC0006B2D6B2D6B2D6B2D6B2D6B2D6B2D6B2DC3
:10ADD0006B2D6B2D6B2D6B2D6B2D6B2D6B2D6B2DB3
:10ADE0006B2D6B2D6B2D6B2D6B2D6B2D6B2D6B2DA3
:10ADF0006B2D6B2D6B2D6B2D6B2D6B2D6B2D6B2D93
:10AE00006B2D6B2D6B2D6B2D6B2D6B2D6B2D6B2D82
:10AE10006B2D6B2D6B2D6B2D6B2D6B2D6B2D6B2D72
:10AE20006B2D6B2D6B2D6B2D6B2D6B2D6B2D6B2D62
:10AE30006B2D6B2D6B2D6B2D6B2D6B2D6B2D6B2D52
:10AE40006B2D6B2D6B2D6B2D6B2D6B2D6B2D6B2D42
:10AE50006B2D6B2D6B2D6B2D6B2D6B2D6B2D6B2D32
:10AE60006B2D6B2D6B2D6B2D6B2D6B2D6B2D6B2D22
:10AE70006B2D6B2D6B2D6B2D6B2D6B2D6B2D6B2D12
:10AE80006B2D6B2D6B2D6B2D6B2D6B2D6B2D6B2D02
:10AE90006B2D6B2D6B2D6B2D6B2D6B2D6B2D6B2DF2
:10AEA0006B2D6B2D6B2D6B2D6B2D6B2D6B2D6B2DE2
:10AEB0006B2D6B2D6B2D6B2D6B2D6B2D6B2D6B2DD2
:10AEC0006B2D630C630C6B2D6B2D6B2D6B2D6B2D14
:10AED0006B2D6B2D6B2D6B2D6B2D6B2D6B2D6B2DB2
:10AEE0006B2D6B2D6B2D6B2D6B2D6B2D6B2D6B2DA2
:10AEF0006B2D6B2D6B2D6B2D6B2D6B2D6B4D73CFC8
:10AF00007BCF7BCF7BCF7BCF7BCF7BCF7BCF7BCFF1
:10AF10007BCF7BCF7BCF7BCF7BCF7BCF7BCF7BCFE1
:10AF20007BCF7BCF738E6B2D6B2D6B2D6B2D6B2D94
:10AF30006B2D6B2D6B2D6B2D6B2D6B2D6B2D6B2D51
:10AF40006B2D6B2D6B2D6B2D6B2D6B2D6B2D6B2D41
:10AF50006B2D6B2D6B2D6B2D6B2D6B2D6B2D6B2D31
:10AF60006B2D6B2D6B2D6B2D6B2D6B2D6B2D6B2D21
:10AF70006B2D6B2D6B2D6B2D6B2D6B2D6B2D6B2D11
:10AF80006B2D6B2D6B2D6B2D6B2D6B2D6B2D6B2D01
:10AF90006B2D6B2D6B2D6B2D6B2D6B2D6B2D6B2DF1
:10AFA0006B2D6B2D6B2D6B2D6B2D6B2D6B2D6B2DE1
:10AFB0006B2D6B2D6B2D6B2D6B2D6B2D6B2D6B2DD1
:10AFC0006B2D6B2D6B2D6B2D6B2D6B2D6B2D6B2DC1
:10AFD0006B2D6B2D6B2D6B2D6B2D6B2D6B2D6B2DB1
:10AFE0006B2D6B2D6B2D6B2D6B2D6B2D6B2D6B2DA1
:10AFF0006B2D6B2D6B2D6B2D6B2D6B2D6B2D6B2D91
:10B000006B2D6B2D6B2D6B2D6B2D6B2D6B2D6B2D80
:10B010006B2D6B2D6B2D6B2D6B2D6B2D6B2D6B2D70
:10B020006B2D6B2D6B2D6B2D6B2D6B2D6B2D6B2D60
:10B030006B2D6B2D6B2D6B2D6B2D6B2D6B2D6B2D50
:10B040006B2D6B2D6B2D6B2D6B2D6B2D6B2D6B2D40
:10B050006B2D6B2D6B2D6B2D6B2D6B2D6B2D6B2D30
:10B060006B2D6B2D6B2D6B2D6B2D6B2D6B2D6B2D20
:10B070006B2D6B2D6B2D6B2D6B2D6B2D6B2D6B2D10
:10B080006B2D6B2D6B2D6B2D6B2D6B2D6B2D6B2D00
:10B090006B2D6B2D6B2D6B2D6B2D6B2D6B2D6B2DF0
:10B0A0006B2D630C632C6B2D6B2D6B2D6B2D6B2D12
:10B0B0006B2D6B2D6B2D6B2D6B2D6B2D6B2D6B2DD0
:10B0C0006B2D6B2D6B2D6B2D6B2D6B2D6B2D6B2DC0
:10B0D0006B2D6B2D6B2D6B2D6B2D6B2D6B6E7BCFBD
:10B0E0007BCF7BCF7BCF7BCF7BCF7BCF7BCF7BCF10
:10B0F0007BCF7BCF7BCF7BCF7BCF7BCF7BCF7BCF00
:10B100007BCF7BCF7BCF6B4D6B2D6B2D6B2D6B2D49
:10B110006B2D6B2D6B2D6B2D6B2D6B2D6B2D6B2D6F
:10B120006B2D6B2D6B2D6B2D6B2D6B2D6B2D6B2D5F
:10B130006B2D6B2D6B2D6B2D6B2D6B2D6B2D6B2D4F
:10B140006B2D6B2D6B2D6B2D6B2D6B2D6B2D6B2D3F
:10B150006B2D6B2D6B2D6B2D6B2D6B2D6B2D6B2D2F
:10B160006B2D6B2D6B2D6B2D6B2D6B2D6B2D6B2D1F
:10B170006B2D6B2D6B2D6B2D6B2D6B2D6B2D6B2D0F
:10B180006B2D6B2D6B2D6B2D6B2D6B2D6B2D6B2DFF
:10B190006B2D6B2D6B2D6B2D6B2D6B2D6B2D6B2DEF
:10B1A0006B2D6B2D6B2D6B2D6B2D6B2D6B2D6B2DDF
:10B1B0006B2D6B2D6B2D6B2D6B2D6B2D6B2D6B2DCF
:10B1C0006B2D6B2D6B2D6B2D6B2D6B2D6B2D6B2DBF
:10B1D0006B2D6B2D6B2D6B2D6B2D6B2D6B2D6B2DAF
:10B1E0006B2D6B2D6B2D6B2D6B2D6B2D6B2D6B2D9F
:10B1F0006B2D6B2D6B2D6B2D6B2D6B2D6B2D6B2D8F
:10B200006B2D6B2D6B2D6B2D6B2D6B2D6B2D6B2D7E
:10B210006B2D6B2D6B2D6B2D6B2D6B2D6B2D6B2D6E
:10B220006B2D6B2D6B2D6B2D6B2D6B2D6B2D6B2D5E
:10B230006B2D6B2D6B2D6B2D6B2D6B2D6B2D6B2D4E
:10B240006B2D6B2D6B2D6B2D6B2D6B2D6B2D6B2D3E
:10B250006B2D6B2D6B2D6B2D6B2D6B2D6B2D6B2D2E
:10B260006B2D6B2D6B2D6B2D6B2D6B2D6B2D6B2D1E
:10B270006B2D6B2D6B2D6B2D6B2D6B2D6B2D6B2D0E
:10B280006B2D632C632C6B2D6B2D6B2D6B2D6B2D10
:10B290006B2D6B2D6B2D6B2D6B2D6B2D6B2D6B2DEE
:10B2A0006B2D6B2D6B2D6B2D6B2D6B2D6B2D6B2DDE
:10B2B0006B2D6B2D6B2D6B2D6B2D6B2D73AE7BCF93
:10B2C0007BCF7BCF7BCF7BCF7BCF7BCF7BCF630C09
:10B2D0004A6A528A6B8E7BCF7BCF7BCF7BCF7BCF73
:10B2E0007BCF7BCF7BCF6B6D6B2D6B2D6B2D6B2D48
:10B2F0006B2D6B2D6B2D6B2D6B2D6B2D6B2D6B2D8E
:10B300006B2D6B2D6B2D6B2D6B2D6B2D6B2D6B2D7D
:10B310006B2D6B2D6B2D6B2D6B2D6B2D6B2D6B2D6D
:10B320006B2D6B2D6B2D6B2D6B2D6B2D6B2D6B2D5D
:10B330006B2D6B2D6B2D6B2D6B2D6B2D6B2D6B2D4D
:10B340006B2D6B2D6B2D6B2D6B2D6B2D6B2D6B2D3D
:10B350006B2D6B2D6B2D6B2D6B2D6B2D6B2D6B2D2D
:10B360006B2D6B2D6B2D6B2D6B2D6B2D6B2D6B2D1D
:10B370006B2D6B2D6B2D6B2D6B2D6B2D6B2D6B2D0D
:10B380006B2D6B2D6B2D6B2D6B2D6B2D6B2D6B2DFD
:10B390006B2D6B2D6B2D6B2D6B2D6B2D6B2D6B2DED
:10B3A0006B2D6B2D6B2D6B2D6B2D6B2D6B2D6B2DDD
:10B3B0006B2D6B2D6B2D6B2D6B2D6B2D6B2D6B2DCD
:10B3C0006B2D6B2D6B2D6B2D6B2D6B2D6B2D6B2DBD
:10B3D0006B2D6B2D6B2D6B2D6B2D6B2D6B2D6B2DAD
:10B3E0006B2D6B2D6B2D6B2D6B2D6B2D6B2D6B2D9D
:10B3F0006B2D6B2D6B2D6B2D6B2D6B2D6B2D6B2D8D
:10B400006B2D6B2D6B2D6B2D6B2D6B2D6B2D6B2D7C
:10B410006B2D6B2D6B2D6B2D6B2D6B2D6B2D6B2D6C
:10B420006B2D6B2D6B2D6B2D6B2D6B2D6B2D6B2D5C
:10B430006B2D6B2D6B2D6B2D6B2D6B2D6B2D6B2D4C
:10B440006B2D6B2D6B2D6B2D6B2D6B2D6B2D6B2D3C
:10B450006B2D6B2D6B2D6B2D6B2D6B2D6B2D6B2D2C
:10B460006B2D632C630C6B2D6B2D6B2D6B2D6B2D4E
:10B470006B2D6B2D6B2D6B2D6B2D6B2D6B2D6B2D0C
:10B480006B2D6B2D6B2D6B2D6B2D6B2D6B2D6B2DFC
:10B490006B2D6B2D6B2D6B2D6B2D6B2D7BCF7BCF88
:10B4A0007BCF7BCF7BCF7BCF7BCF7BCF528A2125BE
:10B4B0002125212529666B6D7BCF7BCF7BCF7BCF71
:10B4C0007BCF7BCF7BCF738E6B2D6B2D6B2D6B2D3D
:10B4D0006B2D6B2D6B2D6B2D6B2D6B2D6B2D6B2DAC
:10B4E0006B2D6B2D6B2D6B2D6B2D6B2D6B2D6B2D9C
:10B4F0006B2D6B2D6B2D6B2D6B2D6B2D6B2D6B2D8C
:10B500006B2D6B2D6B2D6B2D6B2D6B2D6B2D6B2D7B
:10B510006B2D6B2D6B2D6B2D6B2D6B2D6B2D6B2D6B
:10B520006B2D6B2D6B2D6B2D6B2D6B2D6B2D6B2D5B
:10B530006B2D6B2D6B2D6B2D6B2D6B2D6B2D6B2D4B
:10B540006B2D6B2D6B2D6B2D6B2D6B2D6B2D6B2D3B
:10B550006B2D6B2D6B2D6B2D6B2D6B2D6B2D6B2D2B
:10B560006B2D6B2D6B2D6B2D6B2D6B2D6B2D6B2D1B
:10B570006B2D6B2D6B2D6B2D6B2D6B2D6B2D6B2D0B
:10B580006B2D6B2D6B2D6B2D6B2D6B2D6B2D6B2DFB
:10B590006B2D6B2D6B2D6B2D6B2D6B2D6B2D6B2DEB
:10B5A0006B2D6B2D6B2D6B2D6B2D6B2D6B2D6B2DDB
:10B5B0006B2D6B2D6B2D6B2D6B2D6B2D6B2D6B2DCB
:10B5C0006B2D6B2D6B2D6B2D6B2D6B2D6B2D6B2DBB
:10B5D0006B2D6B2D6B2D6B2D6B2D6B2D6B2D6B2DAB
:10B5E0006B2D6B2D6B2D6B2D6B2D6B2D6B2D6B2D9B
:10B5F0006B2D6B2D6B2D6B2D6B2D6B2D6B2D6B2D8B
:10B600006B2D6B2D6B2D6B2D6B2D6B2D6B2D6B2D7A
:10B610006B2D6B2D6B2D6B2D6B2D6B2D6B2D6B2D6A
:10B620006B2D6B2D6B2D6B2D6B2D6B2D6B2D6B2D5A
:10B630006B2D6B2D6B2D6B2D6B2D6B2D6B2D6B2D4A
:10B640006B2D630C630C6B2D6B2D6B2D6B2D6B2D8C
:10B650006B2D6B2D6B2D6B2D6B2D6B2D6B2D6B2D2A
:10B660006B2D6B2D6B2D6B2D6B2D6B2D6B2D6B2D1A
:10B670006B2D6B2D6B2D6B2D6B2D6B4D7BCF7BCF86
:10B680007BCF7BCF7BCF7BCF7BCF73AE2946212572
:10B6900021252125212542297BCF7BCF7BCF7BCF45
:10B6A0007BCF7BCF7BCF73AE6B2D6B2D6B2D6B2D3B
:10B6B0006B2D6B2D6B2D6B2D6B2D6B2D6B2D6B2DCA
:10B6C0006B2D6B2D6B2D6B2D6B2D6B2D6B2D6B2DBA
:10B6D0006B2D6B2D6B2D6B2D6B2D6B2D6B2D6B2DAA
:10B6E0006B2D6B2D6B2D6B2D6B2D6B2D6B2D6B2D9A
:10B6F0006B2D6B2D6B2D6B2D6B2D6B2D6B2D6B2D8A
:10B700006B2D6B2D6B2D6B2D6B2D6B2D6B2D6B2D79
:10B710006B2D6B2D6B2D6B2D6B2D6B2D6B2D6B2D69
:10B720006B2D6B2D6B2D6B2D6B2D6B2D6B2D6B2D59
:10B730006B2D6B2D6B2D6B2D6B2D6B2D6B2D6B2D49
:10B740006B2D6B2D6B2D6B2D6B2D6B2D6B2D6B2D39
:10B750006B2D6B2D6B2D6B2D6B2D6B2D6B2D6B2D29
:10B760006B2D6B2D6B2D6B2D6B2D6B2D6B2D6B2D19
:10B770006B2D6B2D6B2D6B2D6B2D6B2D6B2D6B2D09
:10B780006B2D6B2D6B2D6B2D6B2D6B2D6B2D6B2DF9
:10B790006B2D6B2D6B2D6B2D6B2D6B2D6B2D6B2DE9
:10B7A0006B2D6B2D6B2D6B2D6B2D6B2D6B2D6B2DD9
:10B7B0006B2D6B2D6B2D6B2D6B2D6B2D6B2D6B2DC9
:10B7C0006B2D6B2D6B2D6B2D6B2D6B2D6B2D6B2DB9
:10B7D0006B2D6B2D6B2D6B2D6B2D6B2D6B2D6B2DA9
:10B7E0006B2D6B2D6B2D6B2D6B2D6B2D6B2D6B2D99
:10B7F0006B2D6B2D6B2D6B2D6B2D6B2D6B2D6B2D89
:10B800006B2D6B2D6B2D6B2D6B2D6B2D6B2D6B2D78
:10B810006B2D6B2D6B2D6B2D6B2D6B2D6B2D6B2D68
:10B820006B2D630C62EC6B2D6B2D6B2D6B2D6B2DCB
:10B830006B2D6B2D6B2D6B2D6B2D6B2D6B2D6B2D48
:10B840006B2D6B2D6B2D6B2D6B2D6B2D6B2D6B2D38
:10B850006B2D6B2D6B2D6B2D6B2D6B4D7BCF7BCFA4
:10B860007BCF7BCF7BCF7BCF7BCF6B4D2125212522
:10B8700021252125212531C77BCF7BCF7BCF7BCFD6
:10B880007BCF7BCF7BCF73AE6B2D6B2D6B2D6B2D59
:10B890006B2D6B2D6B2D6B2D6B2D6B2D6B2D6B2DE8
:10B8A0006B2D6B2D6B2D6B2D6B2D6B2D6B2D6B2DD8
:10B8B0006B2D6B2D6B2D6B2D6B2D6B2D6B2D6B2DC8
:10B8C0006B2D6B2D6B2D6B2D6B2D6B2D6B2D6B2DB8
:10B8D0006B2D6B2D6B2D6B2D6B2D6B2D6B2D6B2DA8
:10B8E0006B2D6B2D6B2D6B2D6B2D6B2D6B2D6B2D98
:10B8F0006B2D6B2D6B2D6B2D6B2D6B2D6B2D6B2D88
:10B900006B2D6B2D6B2D6B2D6B2D6B2D6B2D6B2D77
:10B910006B2D6B2D6B2D6B2D6B2D6B2D6B2D6B2D67
:10B920006B2D6B2D6B2D6B2D6B2D6B2D6B2D6B2D57
:10B930006B2D6B2D6B2D6B2D6B2D6B2D6B2D6B2D47
:10B940006B2D6B2D6B2D6B2D6B2D6B2D6B2D6B2D37
:10B950006B2D6B2D6B2D6B2D6B2D6B2D6B2D6B2D27
:10B960006B2D6B2D6B2D6B2D6B2D6B2D6B2D6B2D17
:10B970006B2D6B2D6B2D6B2D6B2D6B2D6B2D6B2D07
:10B980006B2D6B2D6B2D6B2D6B2D6B2D6B2D6B2DF7
:10B990006B2D6B2D6B2D6B2D6B2D6B2D6B2D6B2DE7
:10B9A0006B2D6B2D6B2D6B2D6B2D6B2D6B2D6B2DD7
:10B9B0006B2D6B2D6B2D6B2D6B2D6B2D6B2D6B2DC7
:10B9C0006B2D6B2D6B2D6B2D6B2D6B2D6B2D6B2DB7
:10B9D0006B2D6B2D6B2D6B2D6B2D6B2D6B2D6B2DA7
:10B9E0006B2D6B2D6B2D6B2D6B2D6B2D6B2D6B2D97
:10B9F0006B2D6B2D6B2D6B2D6B2D6B2D6B2D6B2D87
:10BA00006B2D5AEB5AEB6B2D6B2D6B2D6B2D6B2D1C
:10BA10006B2D6B2D6B2D6B2D6B2D6B2D6B2D6B2D66
:10BA20006B2D6B2D6B2D6B2D6B2D6B2D6B2D6B2D56
:10BA30006B2D6B2D6B2D6B2D6B2D6B4D7BCF7BCFC2
:10BA40007BCF7BCF7BCF7BCF7BCF73AE296621258E
:10BA50002125212521254A497BCF7BCF7BCF7BCF59
:10BA60007BCF7BCF7BCF738E6B2D6B2D6B2D6B2D97
:10BA70006B2D6B2D6B2D6B2D6B2D6B2D6B2D6B2D06
:10BA80006B2D6B2D6B2D6B2D6B2D6B2D6B2D6B2DF6
:10BA90006B2D6B2D6B2D6B2D6B2D6B2D6B2D6B2DE6
:10BAA0006B2D6B2D6B2D6B2D6B2D6B2D6B2D6B2DD6
:10BAB0006B2D6B2D6B2D6B2D6B2D6B2D6B2D6B2DC6
:10BAC0006B2D6B2D6B2D6B2D6B2D6B2D6B2D6B2DB6
:10BAD0006B2D6B2D6B2D6B2D6B2D6B2D6B2D6B2DA6
:10BAE0006B2D6B2D6B2D6B2D6B2D6B2D6B2D6B2D96
:10BAF0006B2D6B2D6B2D6B2D6B2D6B2D6B2D6B2D86
:10BB00006B2D6B2D6B2D6B2D6B2D6B2D6B2D6B2D75
:10BB10006B2D6B2D6B2D6B2D6B2D6B2D6B2D6B2D65
:10BB20006B2D6B2D6B2D6B2D6B2D6B2D6B2D6B2D55
:10BB30006B2D6B2D6B2D6B2D6B2D6B2D6B2D6B2D45
:10BB40006B2D6B2D6B2D6B2D6B2D6B2D6B2D6B2D35
:10BB50006B2D6B2D6B2D6B2D6B2D6B2D6B2D6B2D25
:10BB60006B2D6B2D6B2D6B2D6B2D6B2D6B2D6B2D15
:10BB70006B2D6B2D6B2D6B2D6B2D6B2D6B2D6B2D05
:10BB80006B2D6B2D6B2D6B2D6B2D6B2D6B2D6B2DF5
:10BB90006B2D6B2D6B2D6B2D6B2D6B2D6B2D6B2DE5
:10BBA0006B2D6B2D6B2D6B2D6B2D6B2D6B2D6B2DD5
:10BBB0006B2D6B2D6B2D6B2D6B2D6B2D6B2D6B2DC5
:10BBC0006B2D6B2D6B2D6B2D6B2D6B2D6B2D6B2DB5
:10BBD0006B2D6B2D6B2D6B2D6B2D6B2D6B2D6B2DA5
:10BBE0006B2D5ACB5ACB6B2D6B2D6B2D6B2D6B2D7B
:10BBF0006B2D6B2D6B2D6B2D6B2D6B2D6B2D6B2D85
:10BC00006B2D6B2D6B2D6B2D6B2D6B2D6B2D6B2D74
:10BC10006B2D6B2D6B2D6B2D6B2D6B2D7BCF7BCF00
:10BC20007BCF7BCF7BCF7BCF7BCF7BCF5AEC2145AC
:10BC30002125212531A7738E7BCF7BCF7BCF7BCF77
:10BC40007BCF7BCF7BCF738E6B2D6B2D6B2D6B2DB5
:10BC50006B2D6B2D6B2D6B2D6B2D6B2D6B2D6B2D24
:10BC60006B2D6B2D6B2D6B2D6B2D6B2D6B2D6B2D14
:10BC70006B2D6B2D6B2D6B2D6B2D6B2D6B2D6B2D04
:10BC80006B2D6B2D6B2D6B2D6B2D6B2D6B2D6B2DF4
:10BC90006B2D6B2D6B2D6B2D6B2D6B2D6B2D6B2DE4
:10BCA0006B2D6B2D6B2D6B2D6B2D6B2D6B2D6B2DD4
:10BCB0006B2D6B2D6B2D6B2D6B2D6B2D6B2D6B2DC4
:10BCC0006B2D6B2D6B2D6B2D6B2D6B2D6B2D6B2DB4
:10BCD0006B2D6B2D6B2D6B2D6B2D6B2D6B2D6B2DA4
:10BCE0006B2D6B2D6B2D6B2D6B2D6B2D6B2D6B2D94
:10BCF0006B2D6B2D6B2D6B2D6B2D6B2D6B2D6B2D84
:10BD00006B2D6B2D6B2D6B2D6B2D6B2D6B2D6B2D73
:10BD10006B2D6B2D6B2D6B2D6B2D6B2D6B2D6B2D63
:10BD20006B2D6B2D6B2D6B2D6B2D6B2D6B2D6B2D53
:10BD30006B2D6B2D6B2D6B2D6B2D6B2D6B2D6B2D43
:10BD40006B2D6B2D6B2D6B2D6B2D6B2D6B2D6B2D33
:10BD50006B2D6B2D6B2D6B2D6B2D6B2D6B2D6B2D23
:10BD60006B2D6B2D6B2D6B2D6B2D6B2D6B2D6B2D13
:10BD70006B2D6B2D6B2D6B2D6B2D6B2D6B2D6B2D03
:10BD80006B2D6B2D6B2D6B2D6B2D6B2D6B2D6B2DF3
:10BD90006B2D6B2D6B2D6B2D6B2D6B2D6B2D6B2DE3
:10BDA0006B2D6B2D6B2D6B2D6B2D6B2D6B2D6B2DD3
:10BDB0006B2D6B2D6B2D6B2D6B2D6B2D6B2D6B2DC3
:10BDC0006B2D5ACB52AA6B2D6B2D6B2D6B2D6B2DC2
:10BDD0006B2D6B2D6B2D6B2D6B2D6B2D6B2D6B2DA3
:10BDE0006B2D6B2D6B2D6B2D6B2D6B2D6B2D6B2D93
:10BDF0006B2D6B2D6B2D6B2D6B2D6B2D73AE7BCF48
:10BE00007BCF7BCF7BCF7BCF7BCF7BCF7BCF6B6E53
:10BE10005ACB5AEC73AF7BCF7BCF7BCF7BCF7BCF23
:10BE20007BCF7BCF7BCF6B6D6B2D6B2D6B2D6B2DFC
:10BE30006B2D6B2D6B2D6B2D6B2D6B2D6B2D6B2D42
:10BE40006B2D6B2D6B2D6B2D6B2D6B2D6B2D6B2D32
:10BE50006B2D6B2D6B2D6B2D6B2D6B2D6B2D6B2D22
:10BE60006B2D6B2D6B2D6B2D6B2D6B2D6B2D6B2D12
:10BE70006B2D6B2D6B2D6B2D6B2D6B2D6B2D6B2D02
:10BE80006B2D6B2D6B2D6B2D6B2D6B2D6B2D6B2DF2
:10BE90006B2D6B2D6B2D6B2D6B2D6B2D6B2D6B2DE2
:10BEA0006B2D6B2D6B2D6B2D6B2D6B2D6B2D6B2DD2
:10BEB0006B2D6B2D6B2D6B2D6B2D6B2D6B2D6B2DC2
:10BEC0006B2D6B2D6B2D6B2D6B2D6B2D6B2D6B2DB2
:10BED0006B2D6B2D6B2D6B2D6B2D6B2D6B2D6B2DA2
:10BEE0006B2D6B2D6B2D6B2D6B2D6B2D6B2D6B2D92
:10BEF0006B2D6B2D6B2D6B2D6B2D6B2D6B2D6B2D82
:10BF00006B2D6B2D6B2D6B2D6B2D6B2D6B2D6B2D71
:10BF10006B2D6B2D6B2D6B2D6B2D6B2D6B2D6B2D61
:10BF20006B2D6B2D6B2D6B2D6B2D6B2D6B2D6B2D51
:10BF30006B2D6B2D6B2D6B2D6B2D6B2D6B2D6B2D41
:10BF40006B2D6B2D6B2D6B2D6B2D6B2D6B2D6B2D31
:10BF50006B2D6B2D6B2D6B2D6B2D6B2D6B2D6B2D21
:10BF60006B2D6B2D6B2D6B2D6B2D6B2D6B2D6B2D11
:10BF70006B2D6B2D6B2D6B2D6B2D6B2D6B2D6B2D01
:10BF80006B2D6B2D6B2D6B2D6B2D6B2D6B2D6B2DF1
:10BF90006B2D6B2D6B2D6B2D6B2D6B2D6B2D6B2DE1
:10BFA0006B2D52AA4A696B2D6B2D6B2D6B2D6B2D52
:10BFB0006B2D6B2D6B2D6B2D6B2D6B2D6B2D6B2DC1
:10BFC0006B2D6B2D6B2D6B2D6B2D6B2D6B2D6B2DB1
:10BFD0006B2D6B2D6B2D6B2D6B2D6B2D6B6D7BCFAF
:10BFE0007BCF7BCF7BCF7BCF7BCF7BCF7BCF7BCF01
:10BFF0007BCF7BCF7BCF7BCF7BCF7BCF7BCF7BCFF1
:10C000007BCF7BCF73CF6B4D6B2D6B2D6B2D6B2D42
:10C010006B2D6B2D6B2D6B2D6B2D6B2D6B2D6B2D60
:10C020006B2D6B2D6B2D6B2D6B2D6B2D6B2D6B2D50
:10C030006B2D6B2D6B2D6B2D6B2D6B2D6B2D6B2D40
:10C040006B2D6B2D6B2D6B2D6B2D6B2D6B2D6B2D30
:10C050006B2D6B2D6B2D6B2D6B2D6B2D6B2D6B2D20
:10C060006B2D6B2D6B2D6B2D6B2D6B2D6B2D6B2D10
:10C070006B2D6B2D6B2D6B2D6B2D6B2D6B2D6B2D00
:10C080006B2D6B2D6B2D6B2D6B2D6B2D6B2D6B2DF0
:10C090006B2D6B2D6B2D6B2D6B2D6B2D6B2D6B2DE0
:10C0A0006B2D6B2D6B2D6B2D6B2D6B2D6B2D6B2DD0
:10C0B0006B2D6B2D6B2D6B2D6B2D6B2D6B2D6B2DC0
:10C0C0006B2D6B2D6B2D6B2D6B2D6B2D6B2D6B2DB0
:10C0D0006B2D6B2D6B2D6B2D6B2D6B2D6B2D6B2DA0
:10C0E0006B2D6B2D6B2D6B2D6B2D6B2D6B2D6B2D90
:10C0F0006B2D6B2D6B2D6B2D6B2D6B2D6B2D6B2D80
:10C100006B2D6B2D6B2D6B2D6B2D6B2D6B2D6B2D6F
:10C110006B2D6B2D6B2D6B2D6B2D6B2D6B2D6B2D5F
:10C120006B2D6B2D6B2D6B2D6B2D6B2D6B2D6B2D4F
:10C130006B2D6B2D6B2D6B2D6B2D6B2D6B2D6B2D3F
:10C140006B2D6B2D6B2D6B2D6B2D6B2D6B2D6B2D2F
:10C150006B2D6B2D6B2D6B2D6B2D6B2D6B2D6B2D1F
:10C160006B2D6B2D6B2D6B2D6B2D6B2D6B2D6B2D0F
:10C170006B2D6B2D6B2D6B2D6B2D6B2D6B2D6B2DFF
:10C180006B2D4A6942286B2D6B2D6B2D6B2D6B2D02
:10C190006B2D6B2D6B2D6B2D6B2D6B2D6B2D6B2DDF
:10C1A0006B2D6B2D6B2D6B2D6B2D6B2D6B2D6B2DCF
:10C1B0006B2D6B2D6B2D6B2D6B2D6B2D6B4D73AE16
:10C1C0007BCF7BCF7BCF7BCF7BCF7BCF7BCF7BCF1F
:10C1D0007BCF7BCF7BCF7BCF7BCF7BCF7BCF7BCF0F
:10C1E0007BCF7BCF6B8E6B2D6B2D6B2D6B2D6B2DCA
:10C1F0006B2D6B2D6B2D6B2D6B2D6B2D6B2D6B2D7F
:10C200006B2D6B2D6B2D6B2D6B2D6B2D6B2D6B2D6E
:10C210006B2D6B2D6B2D6B2D6B2D6B2D6B2D6B2D5E
:10C220006B2D6B2D6B2D6B2D6B2D6B2D6B2D6B2D4E
:10C230006B2D6B2D6B2D6B2D6B2D6B2D6B2D6B2D3E
:10C240006B2D6B2D6B2D6B2D6B2D6B2D6B2D6B2D2E
:10C250006B2D6B2D6B2D6B2D6B2D6B2D6B2D6B2D1E
:10C260006B2D6B2D6B2D6B2D6B2D6B2D6B2D6B2D0E
:10C270006B2D6B2D6B2D6B2D6B2D6B2D6B2D6B2DFE
:10C280006B2D6B2D6B2D6B2D6B2D6B2D6B2D6B2DEE
:10C290006B2D6B2D6B2D6B2D6B2D6B2D6B2D6B2DDE
:10C2A0006B2D6B2D6B2D6B2D6B2D6B2D6B2D6B2DCE
:10C2B0006B2D6B2D6B2D6B2D6B2D6B2D6B2D6B2DBE
:10C2C0006B2D6B2D6B2D6B2D6B2D6B2D6B2D6B2DAE
:10C2D0006B2D6B2D6B2D6B2D6B2D6B2D6B2D6B2D9E
:10C2E0006B2D6B2D6B2D6B2D6B2D6B2D6B2D6B2D8E
:10C2F0006B2D6B2D6B2D6B2D6B2D6B2D6B2D6B2D7E
:10C300006B2D6B2D6B2D6B2D6B2D6B2D6B2D6B2D6D
:10C310006B2D6B2D6B2D6B2D6B2D6B2D6B2D6B2D5D
:10C320006B2D6B2D6B2D6B2D6B2D6B2D6B2D6B2D4D
:10C330006B2D6B2D6B2D6B2D6B2D6B2D6B2D6B2D3D
:10C340006B2D6B2D6B2D6B2D6B2D6B2D6B2D6B2D2D
:10C350006B2D6B2D6B2D6B2D6B2D6B2D6B2D6B2D1D
:10C360006B2D422839E76B2D6B2D6B2D6B2D6B2DB3
:10C370006B2D6B2D6B2D6B2D6B2D6B2D6B2D6B2DFD
:10C380006B2D6B2D6B2D6B2D6B2D6B2D6B2D6B2DED
:10C390006B2D6B2D6B2D6B2D6B2D6B2D6B2D6B6D9D
:10C3A0007BCF7BCF7BCF7BCF7BCF7BCF7BCF7BCF3D
:10C3B0007BCF7BCF7BCF7BCF7BCF7BCF7BCF7BCF2D
:10C3C0007BCF73AF6B4D6B2D6B2D6B2D6B2D6B2D51
:10C3D0006B2D6B2D6B2D6B2D6B2D6B2D6B2D6B2D9D
:10C3E0006B2D6B2D6B2D6B2D6B2D6B2D6B2D6B2D8D
:10C3F0006B2D6B2D6B2D6B2D6B2D6B2D6B2D6B2D7D
:10C400006B2D6B2D6B2D6B2D6B2D6B2D6B2D6B2D6C
:10C410006B2D6B2D6B2D6B2D6B2D6B2D6B2D6B2D5C
:10C420006B2D6B2D6B2D6B2D6B2D6B2D6B2D6B2D4C
:10C430006B2D6B2D6B2D6B2D6B2D6B2D6B2D6B2D3C
:10C440006B2D6B2D6B2D6B2D6B2D6B2D6B2D6B2D2C
:10C450006B2D6B2D6B2D6B2D6B2D6B2D6B2D6B2D1C
:10C460006B2D6B2D6B2D6B2D6B2D6B2D6B2D6B2D0C
:10C470006B2D6B2D6B2D6B2D6B2D6B2D6B2D6B2DFC
:10C480006B2D6B2D6B2D6B2D6B2D6B2D6B2D6B2DEC
:10C490006B2D6B2D6B2D6B2D6B2D6B2D6B2D6B2DDC
:10C4A0006B2D6B2D6B2D6B2D6B2D6B2D6B2D6B2DCC
:10C4B0006B2D6B2D6B2D6B2D6B2D6B2D6B2D6B2DBC
:10C4C0006B2D6B2D6B2D6B2D6B2D6B2D6B2D6B2DAC
:10C4D0006B2D6B2D6B2D6B2D6B2D6B2D6B2D6B2D9C
:10C4E0006B2D6B2D6B2D6B2D6B2D6B2D6B2D6B2D8C
:10C4F0006B2D6B2D6B2D6B2D6B2D6B2D6B2D6B2D7C
:10C500006B2D6B2D6B2D6B2D6B2D6B2D6B2D6B2D6B
:10C510006B2D6B2D6B2D6B2D6B2D6B2D6B2D6B2D5B
:10C520006B2D6B2D6B2D6B2D6B2D6B2D6B2D6B2D4B
:10C530006B2D6B2D6B2D6B2D6B2D6B2D6B2D6B2D3B
:10C540006B2D39E731A66B2D6B2D6B2D6B2D6B2D64
:10C550006B2D6B2D6B2D6B2D6B2D6B2D6B2D6B2D1B
:10C560006B2D6B2D6B2D6B2D6B2D6B2D6B2D6B2D0B
:10C570006B2D6B2D6B2D6B2D6B2D6B2D6B2D6B2DFB
:10C58000738E7BCF7BCF7BCF7BCF7BCF7BCF7BCFA4
:10C590007BCF7BCF7BCF7BCF7BCF7BCF7BCF7BCF4B
:10C5A0007BCF6B4D6B2D6B2D6B2D6B2D6B2D6B2DF9
:10C5B0006B2D6B2D6B2D6B2D6B2D6B2D6B2D6B2DBB
:10C5C0006B2D6B2D6B2D6B2D6B2D6B2D6B2D6B2DAB
:10C5D0006B2D6B2D6B2D6B2D6B2D6B2D6B2D6B2D9B
:10C5E0006B2D6B2D6B2D6B2D6B2D6B2D6B2D6B2D8B
:10C5F0006B2D6B2D6B2D6B2D6B2D6B2D6B2D6B2D7B
:10C600006B2D6B2D6B2D6B2D6B2D6B2D6B2D6B2D6A
:10C610006B2D6B2D6B2D6B2D6B2D6B2D6B2D6B2D5A
:10C620006B2D6B2D6B2D6B2D6B2D6B2D6B2D6B2D4A
:10C630006B2D6B2D6B2D6B2D6B2D6B2D6B2D6B2D3A
:10C640006B2D6B2D6B2D6B2D6B2D6B2D6B2D6B2D2A
:10C650006B2D6B2D6B2D6B2D6B2D6B2D6B2D6B2D1A
:10C660006B2D6B2D6B2D6B2D6B2D6B2D6B2D6B2D0A
:10C670006B2D6B2D6B2D6B2D6B2D6B2D6B2D6B2DFA
:10C680006B2D6B2D6B2D6B2D6B2D6B2D6B2D6B2DEA
:10C690006B2D6B2D6B2D6B2D6B2D6B2D6B2D6B2DDA
:10C6A0006B2D6B2D6B2D6B2D6B2D6B2D6B2D6B2DCA
:10C6B0006B2D6B2D6B2D6B2D6B2D6B2D6B2D6B2DBA
:10C6C0006B2D6B2D6B2D6B2D6B2D6B2D6B2D6B2DAA
:10C6D0006B2D6B2D6B2D6B2D6B2D6B2D6B2D6B2D9A
:10C6E0006B2D6B2D6B2D6B2D6B2D6B2D6B2D6B2D8A
:10C6F0006B2D6B2D6B2D6B2D6B2D6B2D6B2D6B2D7A
:10C700006B2D6B2D6B2D6B2D6B2D6B2D6B2D6B2D69
:10C710006B2D6B2D6B2D6B2D6B2D6B2D6B2D6B2D59
:10C720006B2D31A631666B2D6B2D6B2D6B2D6B2D0B
:10C730006B2D6B2D6B2D6B2D6B2D6B2D6B2D6B2D39
:10C740006B2D6B2D6B2D6B2D6B2D6B2D6B2D6B2D29
:10C750006B2D6B2D6B2D6B2D6B2D6B2D6B2D6B2D19
:10C760006B2D738E7BCF7BCF7BCF7BCF7BCF7BCF74
:10C770007BCF7BCF7BCF7BCF7BCF7BCF7BCF73CF71
:10C780006B6D6B2D6B2D6B2D6B2D6B2D6B2D6B2DA9
:10C790006B2D6B2D6B2D6B2D6B2D6B2D6B2D6B2DD9
:10C7A0006B2D6B2D6B2D6B2D6B2D6B2D6B2D6B2DC9
:10C7B0006B2D6B2D6B2D6B2D6B2D6B2D6B2D6B2DB9
:10C7C0006B2D6B2D6B2D6B2D6B2D6B2D6B2D6B2DA9
:10C7D0006B2D6B2D6B2D6B2D6B2D6B2D6B2D6B2D99
:10C7E0006B2D6B2D6B2D6B2D6B2D6B2D6B2D6B2D89
:10C7F0006B2D6B2D6B2D6B2D6B2D6B2D6B2D6B2D79
:10C800006B2D6B2D6B2D6B2D6B2D6B2D6B2D6B2D68
:10C810006B2D6B2D6B2D6B2D6B2D6B2D6B2D6B2D58
:10C820006B2D6B2D6B2D6B2D6B2D6B2D6B2D6B2D48
:10C830006B2D6B2D6B2D6B2D6B2D6B2D6B2D6B2D38
:10C840006B2D6B2D6B2D6B2D6B2D6B2D6B2D6B2D28
:10C850006B2D6B2D6B2D6B2D6B2D6B2D6B2D6B2D18
:10C860006B2D6B2D6B2D6B2D6B2D6B2D6B2D6B2D08
:10C870006B2D6B2D6B2D6B2D6B2D6B2D6B2D6B2DF8
:10C880006B2D6B2D6B2D6B2D6B2D6B2D6B2D6B2DE8
:10C890006B2D6B2D6B2D6B2D6B2D6B2D6B2D6B2DD8
:10C8A0006B2D6B2D6B2D6B2D6B2D6B2D6B2D6B2DC8
:10C8B0006B2D6B2D6B2D6B2D6B2D6B2D6B2D6B2DB8
:10C8C0006B2D6B2D6B2D6B2D6B2D6B2D6B2D6B2DA8
:10C8D0006B2D6B2D6B2D6B2D6B2D6B2D6B2D6B2D98
:10C8E0006B2D6B2D6B2D6B2D6B2D6B2D6B2D6B2D88
:10C8F0006B2D6B2D6B2D6B2D6B2D6B2D6B2D6B2D78
:10C900006B2D296521246B2D6B2D6B2D6B2D6B2DC4
:10C910006B2D6B2D6B2D6B2D6B2D6B2D6B2D6B2D57
:10C920006B2D6B2D6B2D6B2D6B2D6B2D6B2D6B2D47
:10C930006B2D6B2D6B2D6B2D6B2D6B2D6B2D6B2D37
:10C940006B2D6B2D6B6D73CF7BCF7BCF7BCF7BCF75
:10C950007BCF7BCF7BCF7BCF7BCF7BCF73AE6B4D42
:10C960006B2D6B2D6B2D6B2D6B2D6B2D6B2D6B2D07
:10C970006B2D6B2D6B2D6B2D6B2D6B2D6B2D6B2DF7
:10C980006B2D6B2D6B2D6B2D6B2D6B2D6B2D6B2DE7
:10C990006B2D6B2D6B2D6B2D6B2D6B2D6B2D6B2DD7
:10C9A0006B2D6B2D6B2D6B2D6B2D6B2D6B2D6B2DC7
:10C9B0006B2D6B2D6B2D6B2D6B2D6B2D6B2D6B2DB7
:10C9C0006B2D6B2D6B2D6B2D6B2D6B2D6B2D6B2DA7
:10C9D0006B2D6B2D6B2D6B2D6B2D6B2D6B2D6B2D97
:10C9E0006B2D6B2D6B2D6B2D6B2D6B2D6B2D6B2D87
:10C9F0006B2D6B2D6B2D6B2D6B2D6B2D6B2D6B2D77
:10CA00006B2D6B2D6B2D6B2D6B2D6B2D6B2D6B2D66
:10CA10006B2D6B2D6B2D6B2D6B2D6B2D6B2D6B2D56
:10CA20006B2D6B2D6B2D6B2D6B2D6B2D6B2D6B2D46
:10CA30006B2D6B2D6B2D6B2D6B2D6B2D6B2D6B2D36
:10CA40006B2D6B2D6B2D6B2D6B2D6B2D6B2D6B2D26
:10CA50006B2D6B2D6B2D6B2D6B2D6B2D6B2D6B2D16
:10CA60006B2D6B2D6B2D6B2D6B2D6B2D6B2D6B2D06
:10CA70006B2D6B2D6B2D6B2D6B2D6B2D6B2D6B2DF6
:10CA80006B2D6B2D6B2D6B2D6B2D6B2D6B2D6B2DE6
:10CA90006B2D6B2D6B2D6B2D6B2D6B2D6B2D6B2DD6
:10CAA0006B2D6B2D6B2D6B2D6B2D6B2D6B2D6B2DC6
:10CAB0006B2D6B2D6B2D6B2D6B2D6B2D6B2D6B2DB6
:10CAC0006B2D6B2D6B2D6B2D6B2D6B2D6B2D6B2DA6
:10CAD0006B2D6B2D6B2D6B2D6B2D6B2D6B2D6B2D96
:10CAE0006B2D212418C36B2D6B2D6B2D6B2D6B2D96
:10CAF0006B2D6B2D6B2D6B2D6B2D6B2D6B2D6B2D76
:10CB00006B2D6B2D6B2D6B2D6B2D6B2D6B2D6B2D65
:10CB10006B2D6B2D6B2D6B2D6B2D6B2D6B2D6B2D55
:10CB20006B2D6B2D6B2D6B4D738E73AF7BCF7BCFCE
:10CB30007BCF7BCF7BCF7BCF73AE6B6D6B2D6B2DA4
:10CB40006B2D6B2D6B2D6B2D6B2D6B2D6B2D6B2D25
:10CB50006B2D6B2D6B2D6B2D6B2D6B2D6B2D6B2D15
:10CB60006B2D6B2D6B2D6B2D6B2D6B2D6B2D6B2D05
:10CB70006B2D6B2D6B2D6B2D6B2D6B2D6B2D6B2DF5
:10CB80006B2D6B2D6B2D6B2D6B2D6B2D6B2D6B2DE5
:10CB90006B2D6B2D6B2D6B2D6B2D6B2D6B2D6B2DD5
:10CBA0006B2D6B2D6B2D6B2D6B2D6B2D6B2D6B2DC5
:10CBB0006B2D6B2D6B2D6B2D6B2D6B2D6B2D6B2DB5
:10CBC0006B2D6B2D6B2D6B2D6B2D6B2D6B2D6B2DA5
:10CBD0006B2D6B2D6B2D6B2D6B2D6B2D6B2D6B2D95
:10CBE0006B2D6B2D6B2D6B2D6B2D6B2D6B2D6B2D85
:10CBF0006B2D6B2D6B2D6B2D6B2D6B2D6B2D6B2D75
:10CC00006B2D6B2D6B2D6B2D6B2D6B2D6B2D6B2D64
:10CC10006B2D6B2D6B2D6B2D6B2D6B2D6B2D6B2D54
:10CC20006B2D6B2D6B2D6B2D6B2D6B2D6B2D6B2D44
:10CC30006B2D6B2D6B2D6B2D6B2D6B2D6B2D6B2D34
:10CC40006B2D6B2D6B2D6B2D6B2D6B2D6B2D6B2D24
:10CC50006B2D6B2D6B2D6B2D6B2D6B2D6B2D6B2D14
:10CC60006B2D6B2D6B2D6B2D6B2D6B2D6B2D6B2D04
:10CC70006B2D6B2D6B2D6B2D6B2D6B2D6B2D6B2DF4
:10CC80006B2D6B2D6B2D6B2D6B2D6B2D6B2D6B2DE4
:10CC90006B2D6B2D6B2D6B2D6B2D6B2D6B2D6B2DD4
:10CCA0006B2D6B2D6B2D6B2D6B2D6B2D6B2D6B2DC4
:10CCB0006B2D6B2D6B2D6B2D6B2D6B2D6B2D6B2DB4
:10CCC0006B2D18C308616B2D6B2D6B2D6B2D6B2D90
:10CCD0006B2D6B2D6B2D6B2D6B2D6B2D6B2D6B2D94
:10CCE0006B2D6B2D6B2D6B2D6B2D6B2D6B2D6B2D84
:10CCF0006B2D6B2D6B2D6B2D6B2D6B2D6B2D6B2D74
:10CD00006B2D6B2D6B2D6B2D6B2D6B2D6B4D6B6D03
:10CD10006B6D6B6D6B4D6B4D6B2D6B2D6B2D6B2D93
:10CD20006B2D6B2D6B2D6B2D6B2D6B2D6B2D6B2D43
:10CD30006B2D6B2D6B2D6B2D6B2D6B2D6B2D6B2D33
:10CD40006B2D6B2D6B2D6B2D6B2D6B2D6B2D6B2D23
:10CD50006B2D6B2D6B2D6B2D6B2D6B2D6B2D6B2D13
:10CD60006B2D6B2D6B2D6B2D6B2D6B2D6B2D6B2D03
:10CD70006B2D6B2D6B2D6B2D6B2D6B2D6B2D6B2DF3
:10CD80006B2D6B2D6B2D6B2D6B2D6B2D6B2D6B2DE3
:10CD90006B2D6B2D6B2D6B2D6B2D6B2D6B2D6B2DD3
:10CDA0006B2D6B2D6B2D6B2D6B2D6B2D6B2D6B2DC3
:10CDB0006B2D6B2D6B2D6B2D6B2D6B2D6B2D6B2DB3
:10CDC0006B2D6B2D6B2D6B2D6B2D6B2D6B2D6B2DA3
:10CDD0006B2D6B2D6B2D6B2D6B2D6B2D6B2D6B2D93
:10CDE0006B2D6B2D6B2D6B2D6B2D6B2D6B2D6B2D83
:10CDF0006B2D6B2D6B2D6B2D6B2D6B2D6B2D6B2D73
:10CE00006B2D6B2D6B2D6B2D6B2D6B2D6B2D6B2D62
:10CE10006B2D6B2D6B2D6B2D6B2D6B2D6B2D6B2D52
:10CE20006B2D6B2D6B2D6B2D6B2D6B2D6B2D6B2D42
:10CE30006B2D6B2D6B2D6B2D6B2D6B2D6B2D6B2D32
:10CE40006B2D6B2D6B2D6B2D6B2D6B2D6B2D6B2D22
:10CE50006B2D6B2D6B2D6B2D6B2D6B2D6B2D6B2D12
:10CE60006B2D6B2D6B2D6B2D6B2D6B2D6B2D6B2D02
:10CE70006B2D6B2D6B2D6B2D6B2D6B2D6B2D6B2DF2
:10CE80006B2D6B2D6B2D6B2D6B2D6B2D6B2D6B2DE2
:10CE90006B2D6B2D6B2D6B2D6B2D6B2D6B2D6B2DD2
:10CEA0006B2D08410000632C6B2D6B2D6B2D6B2DB2
:10CEB0006B2D6B2D6B2D6B2D6B2D6B2D6B2D6B2DB2
:10CEC0006B2D6B2D6B2D6B2D6B2D6B2D6B2D6B2DA2
:10CED0006B2D6B2D6B2D6B2D6B2D6B2D6B2D6B2D92
:10CEE0006B2D6B2D6B2D6B2D6B2D6B2D6B2D6B2D82
:10CEF0006B2D6B2D6B2D6B2D6B2D6B2D6B2D6B2D72
:10CF00006B2D6B2D6B2D6B2D6B2D6B2D6B2D6B2D61
:10CF10006B2D6B2D6B2D6B2D6B2D6B2D6B2D6B2D51
:10CF20006B2D6B2D6B2D6B2D6B2D6B2D6B2D6B2D41
:10CF30006B2D6B2D6B2D6B2D6B2D6B2D6B2D6B2D31
:10CF40006B2D6B2D6B2D6B2D6B2D6B2D6B2D6B2D21
:10CF50006B2D6B2D6B2D6B2D6B2D6B2D6B2D6B2D11
:10CF60006B2D6B2D6B2D6B2D6B2D6B2D6B2D6B2D01
:10CF70006B2D6B2D6B2D6B2D6B2D6B2D6B2D6B2DF1
:10CF80006B2D6B2D6B2D6B2D6B2D6B2D6B2D6B2DE1
:10CF90006B2D6B2D6B2D6B2D6B2D6B2D6B2D6B2DD1
:10CFA0006B2D6B2D6B2D6B2D6B2D6B2D6B2D6B2DC1
:10CFB0006B2D6B2D6B2D6B2D6B2D6B2D6B2D6B2DB1
:10CFC0006B2D6B2D6B2D6B2D6B2D6B2D6B2D6B2DA1
:10CFD0006B2D6B2D6B2D6B2D6B2D6B2D6B2D6B2D91
:10CFE0006B2D6B2D6B2D6B2D6B2D6B2D6B2D6B2D81
:10CFF0006B2D6B2D6B2D6B2D6B2D6B2D6B2D6B2D71
:10D000006B2D6B2D6B2D6B2D6B2D6B2D6B2D6B2D60
:10D010006B2D6B2D6B2D6B2D6B2D6B2D6B2D6B2D50
:10D020006B2D6B2D6B2D6B2D6B2D6B2D6B2D6B2D40
:10D030006B2D6B2D6B2D6B2D6B2D6B2D6B2D6B2D30
:10D040006B2D6B2D6B2D6B2D6B2D6B2D6B2D6B2D20
:10D050006B2D6B2D6B2D6B2D6B2D6B2D6B2D6B2D10
:10D060006B2D6B2D6B2D6B2D6B2D6B2D6B2D6B2D00
:10D070006B2D6B2D6B2D6B2D6B2D6B2D6B2D6B2DF0
:10D08000630C000000005ACB6B2D6B2D6B2D6B2DAC
:10D090006B2D6B2D6B2D6B2D6B2D6B2D6B2D6B2DD0
:10D0A0006B2D6B2D6B2D6B2D6B2D6B2D6B2D6B2DC0
:10D0B0006B2D6B2D6B2D6B2D6B2D6B2D6B2D6B2DB0
:10D0C0006B2D6B2D6B2D6B2D6B2D6B2D6B2D6B2DA0
:10D0D0006B2D6B2D6B2D6B2D6B2D6B2D6B2D6B2D90
:10D0E0006B2D6B2D6B2D6B2D6B2D6B2D6B2D6B2D80
:10D0F0006B2D6B2D6B2D6B2D6B2D6B2D6B2D6B2D70
:10D100006B2D6B2D6B2D6B2D6B2D6B2D6B2D6B2D5F
:10D110006B2D6B2D6B2D6B2D6B2D6B2D6B2D6B2D4F
:10D120006B2D6B2D6B2D6B2D6B2D6B2D6B2D6B2D3F
:10D130006B2D6B2D6B2D6B2D6B2D6B2D6B2D6B2D2F
:10D140006B2D6B2D6B2D6B2D6B2D6B2D6B2D6B2D1F
:10D150006B2D6B2D6B2D6B2D6B2D6B2D6B2D6B2D0F
:10D160006B2D6B2D6B2D6B2D6B2D6B2D6B2D6B2DFF
:10D170006B2D6B2D6B2D6B2D6B2D6B2D6B2D6B2DEF
:10D180006B2D6B2D6B2D6B2D6B2D6B2D6B2D6B2DDF
:10D190006B2D6B2D6B2D6B2D6B2D6B2D6B2D6B2DCF
:10D1A0006B2D6B2D6B2D6B2D6B2D6B2D6B2D6B2DBF
:10D1B0006B2D6B2D6B2D6B2D6B2D6B2D6B2D6B2DAF
:10D1C0006B2D6B2D6B2D6B2D6B2D6B2D6B2D6B2D9F
:10D1D0006B2D6B2D6B2D6B2D6B2D6B2D6B2D6B2D8F
:10D1E0006B2D6B2D6B2D6B2D6B2D6B2D6B2D6B2D7F
:10D1F0006B2D6B2D6B2D6B2D6B2D6B2D6B2D6B2D6F
:10D200006B2D6B2D6B2D6B2D6B2D6B2D6B2D6B2D5E
:10D210006B2D6B2D6B2D6B2D6B2D6B2D6B2D6B2D4E
:10D220006B2D6B2D6B2D6B2D6B2D6B2D6B2D6B2D3E
:10D230006B2D6B2D6B2D6B2D6B2D6B2D6B2D6B2D2E
:10D240006B2D6B2D6B2D6B2D6B2D6B2D6B2D6B2D1E
:10D250006B2D6B2D6B2D6B2D6B2D6B2D6B2D6B2D0E
:10D2600052AA000000004A696B2D6B2D6B2D6B2DAF
:10D270006B2D6B2D6B2D6B2D6B2D6B2D6B2D6B2DEE
:10D280006B2D6B2D6B2D6B2D6B2D6B2D6B2D6B2DDE
:10D290006B2D6B2D6B2D6B2D6B2D6B2D6B2D6B2DCE
:10D2A0006B2D6B2D6B2D6B2D6B2D6B2D6B2D6B2DBE
:10D2B0006B2D6B2D6B2D6B2D6B2D6B2D6B2D6B2DAE
:10D2C0006B2D6B2D6B2D6B2D6B2D6B2D6B2D6B2D9E
:10D2D0006B2D6B2D6B2D6B2D6B2D6B2D6B2D6B2D8E
:10D2E0006B2D6B2D6B2D6B2D6B2D6B2D6B2D6B2D7E
:10D2F0006B2D6B2D6B2D6B2D6B2D6B2D6B2D6B2D6E
:10D300006B2D6B2D6B2D6B2D6B2D6B2D6B2D6B2D5D
:10D310006B2D6B2D6B2D6B2D6B2D6B2D6B2D6B2D4D
:10D320006B2D6B2D6B2D6B2D6B2D6B2D6B2D6B2D3D
:10D330006B2D6B2D6B2D6B2D6B2D6B2D6B2D6B2D2D
:10D340006B2D6B2D6B2D6B2D6B2D6B2D6B2D6B2D1D
:10D350006B2D6B2D6B2D6B2D6B2D6B2D6B2D6B2D0D
:10D360006B2D6B2D6B2D6B2D6B2D6B2D6B2D6B2DFD
:10D370006B2D6B2D6B2D6B2D6B2D6B2D6B2D6B2DED
:10D380006B2D6B2D6B2D6B2D6B2D6B2D6B2D6B2DDD
:10D390006B2D6B2D6B2D6B2D6B2D6B2D6B2D6B2DCD
:10D3A0006B2D6B2D6B2D6B2D6B2D6B2D6B2D6B2DBD
:10D3B0006B2D6B2D6B2D6B2D6B2D6B2D6B2D6B2DAD
:10D3C0006B2D6B2D6B2D6B2D6B2D6B2D6B2D6B2D9D
:10D3D0006B2D6B2D6B2D6B2D6B2D6B2D6B2D6B2D8D
:10D3E0006B2D6B2D6B2D6B2D6B2D6B2D6B2D6B2D7D
:10D3F0006B2D6B2D6B2D6B2D6B2D6B2D6B2D6B2D6D
:10D400006B2D6B2D6B2D6B2D6B2D6B2D6B2D6B2D5C
:10D410006B2D6B2D6B2D6B2D6B2D6B2D6B2D6B2D4C
:10D420006B2D6B2D6B2D6B2D6B2D6B2D6B2D6B2D3C
:10D430006B2D6B2D6B2D6B2D6B2D6B2D6B2D6B2D2C
:10D440004A490000000039E76B2D6B2D6B2D6B2DC9
:10D450006B2D6B2D6B2D6B2D6B2D6B2D6B2D6B2D0C
:10D460006B2D6B2D6B2D6B2D6B2D6B2D6B2D6B2DFC
:10D470006B2D6B2D6B2D6B2D6B2D6B2D6B2D6B2DEC
:10D480006B2D6B2D6B2D6B2D6B2D6B2D6B2D6B2DDC
:10D490006B2D6B2D6B2D6B2D6B2D6B2D6B2D6B2DCC
:10D4A0006B2D6B2D6B2D6B2D6B2D6B2D6B2D6B2DBC
:10D4B0006B2D6B2D6B2D6B2D6B2D6B2D6B2D6B2DAC
:10D4C0006B2D6B2D6B2D6B2D6B2D6B2D6B2D6B2D9C
:10D4D0006B2D6B2D6B2D6B2D6B2D6B2D6B2D6B2D8C
:10D4E0006B2D6B2D6B2D6B2D6B2D6B2D6B2D6B2D7C
:10D4F0006B2D6B2D6B2D6B2D6B2D6B2D6B2D6B2D6C
:10D500006B2D6B2D6B2D6B2D6B2D6B2D6B2D6B2D5B
:10D510006B2D6B2D6B2D6B2D6B2D6B2D6B2D6B2D4B
:10D520006B2D6B2D6B2D6B2D6B2D6B2D6B2D6B2D3B
:10D530006B2D6B2D6B2D6B2D6B2D6B2D6B2D6B2D2B
:10D540006B2D6B2D6B2D6B2D6B2D6B2D6B2D6B2D1B
:10D550006B2D6B2D6B2D6B2D6B2D6B2D6B2D6B2D0B
:10D560006B2D6B2D6B2D6B2D6B2D6B2D6B2D6B2DFB
:10D570006B2D6B2D6B2D6B2D6B2D6B2D6B2D6B2DEB
:10D580006B2D6B2D6B2D6B2D6B2D6B2D6B2D6B2DDB
:10D590006B2D6B2D6B2D6B2D6B2D6B2D6B2D6B2DCB
:10D5A0006B2D6B2D6B2D6B2D6B2D6B2D6B2D6B2DBB
:10D5B0006B2D6B2D6B2D6B2D6B2D6B2D6B2D6B2DAB
:10D5C0006B2D6B2D6B2D6B2D6B2D6B2D6B2D6B2D9B
:10D5D0006B2D6B2D6B2D6B2D6B2D6B2D6B2D6B2D8B
:10D5E0006B2D6B2D6B2D6B2D6B2D6B2D6B2D6B2D7B
:10D5F0006B2D6B2D6B2D6B2D6B2D6B2D6B2D6B2D6B
:10D600006B2D6B2D6B2D6B2D6B2D6B2D6B2D6B2D5A
:10D610006B2D6B2D6B2D6B2D6B2D6B2D6B2D6B2D4A
:10D6200039E70000000029456B2D6B2D6B2D6B2D0C
:10D630006B2D6B2D6B2D6B2D6B2D6B2D6B2D6B2D2A
:10D640006B2D6B2D6B2D6B2D6B2D6B2D6B2D6B2D1A
:10D650006B2D6B2D6B2D6B2D6B2D6B2D6B2D6B2D0A
:10D660006B2D6B2D6B2D6B2D6B2D6B2D6B2D6B2DFA
:10D670006B2D6B2D6B2D6B2D6B2D6B2D6B2D6B2DEA
:10D680006B2D6B2D6B2D6B2D6B2D6B2D6B2D6B2DDA
:10D690006B2D6B2D6B2D6B2D6B2D6B2D6B2D6B2DCA
:10D6A0006B2D6B2D6B2D6B2D6B2D6B2D6B2D6B2DBA
:10D6B0006B2D6B2D6B2D6B2D6B2D6B2D6B2D6B2DAA
:10D6C0006B2D6B2D6B2D6B2D6B2D6B2D6B2D6B2D9A
:10D6D0006B2D6B2D6B2D6B2D6B2D6B2D6B2D6B2D8A
:10D6E0006B2D6B2D6B2D6B2D6B2D6B2D6B2D6B2D7A
:10D6F0006B2D6B2D6B2D6B2D6B2D6B2D6B2D6B2D6A
:10D700006B2D6B2D6B2D6B2D6B2D6B2D6B2D6B2D59
:10D710006B2D6B2D6B2D6B2D6B2D6B2D6B2D6B2D49
:10D720006B2D6B2D6B2D6B2D6B2D6B2D6B2D6B2D39
:10D730006B2D6B2D6B2D6B2D6B2D6B2D6B2D6B2D29
:10D740006B2D6B2D6B2D6B2D6B2D6B2D6B2D6B2D19
:10D750006B2D6B2D6B2D6B2D6B2D6B2D6B2D6B2D09
:10D760006B2D6B2D6B2D6B2D6B2D6B2D6B2D6B2DF9
:10D770006B2D6B2D6B2D6B2D6B2D6B2D6B2D6B2DE9
:10D780006B2D6B2D6B2D6B2D6B2D6B2D6B2D6B2DD9
:10D790006B2D6B2D6B2D6B2D6B2D6B2D6B2D6B2DC9
:10D7A0006B2D6B2D6B2D6B2D6B2D6B2D6B2D6B2DB9
:10D7B0006B2D6B2D6B2D6B2D6B2D6B2D6B2D6B2DA9
:10D7C0006B2D6B2D6B2D6B2D6B2D6B2D6B2D6B2D99
:10D7D0006B2D6B2D6B2D6B2D6B2D6B2D6B2D6B2D89
:10D7E0006B2D6B2D6B2D6B2D6B2D6B2D6B2D6B2D79
:10D7F0006B2D6B2D6B2D6B2D6B2D6B2D6B2D6B2D69
:10D8000029450000000018C36B2D6B2D6B2D6B2D6F
:10D810006B2D6B2D6B2D6B2D6B2D6B2D6B2D6B2D48
:10D820006B2D6B2D6B2D6B2D6B2D6B2D6B2D6B2D38
:10D830006B2D6B2D6B2D6B2D6B2D6B2D6B2D6B2D28
:10D840006B2D6B2D6B2D6B2D6B2D6B2D6B2D6B2D18
:10D850006B2D6B2D6B2D6B2D6B2D6B2D6B2D6B2D08
:10D860006B2D6B2D6B2D6B2D6B2D6B2D6B2D6B2DF8
:10D870006B2D6B2D6B2D6B2D6B2D6B2D6B2D6B2DE8
:10D880006B2D6B2D6B2D6B2D6B2D6B2D6B2D6B2DD8
:10D890006B2D6B2D6B2D6B2D6B2D6B2D6B2D6B2DC8
:10D8A0006B2D6B2D6B2D6B2D6B2D6B2D6B2D6B2DB8
:10D8B0006B2D6B2D6B2D6B2D6B2D6B2D6B2D6B2DA8
:10D8C0006B2D6B2D6B2D6B2D6B2D6B2D6B2D6B2D98
:10D8D0006B2D6B2D6B2D6B2D6B2D6B2D6B2D6B2D88
:10D8E0006B2D6B2D6B2D6B2D6B2D6B2D6B2D6B2D78
:10D8F0006B2D6B2D6B2D6B2D6B2D6B2D6B2D6B2D68
:10D900006B2D6B2D6B2D6B2D6B2D6B2D6B2D6B2D57
:10D910006B2D6B2D6B2D6B2D6B2D6B2D6B2D6B2D47
:10D920006B2D6B2D6B2D6B2D6B2D6B2D6B2D6B2D37
:10D930006B2D6B2D6B2D6B2D6B2D6B2D6B2D6B2D27
:10D940006B2D6B2D6B2D6B2D6B2D6B2D6B2D6B2D17
:10D950006B2D6B2D6B2D6B2D6B2D6B2D6B2D6B2D07
:10D960006B2D6B2D6B2D6B2D6B2D6B2D6B2D6B2DF7
:10D970006B2D6B2D6B2D6B2D6B2D6B2D6B2D6B2DE7
:10D980006B2D6B2D6B2D6B2D6B2D6B2D6B2D6B2DD7
:10D990006B2D6B2D6B2D6B2D6B2D6B2D6B2D6B2DC7
:10D9A0006B2D6B2D6B2D6B2D6B2D6B2D6B2D6B2DB7
:10D9B0006B2D6B2D6B2D6B2D6B2D6B2D6B2D6B2DA7
:10D9C0006B2D6B2D6B2D6B2D6B2D6B2D6B2D6B2D97
:10D9D0006B2D6B2D6B2D6B2D6B2D6B2D6B2D6B2D87
:10D9E00018A30000000008216B2D6B2D6B2D6B2DF3
:10D9F0006B2D6B2D6B2D6B2D6B2D6B2D6B2D6B2D67
:10DA00006B2D6B2D6B2D6B2D6B2D6B2D6B2D6B2D56
:10DA10006B2D6B2D6B2D6B2D6B2D6B2D6B2D6B2D46
:10DA20006B2D6B2D6B2D6B2D6B2D6B2D6B2D6B2D36
:10DA30006B2D6B2D6B2D6B2D6B2D6B2D6B2D6B2D26
:10DA40006B2D6B2D6B2D6B2D6B2D6B2D6B2D6B2D16
:10DA50006B2D6B2D6B2D6B2D6B2D6B2D6B2D6B2D06
:10DA60006B2D6B2D6B2D6B2D6B2D6B2D6B2D6B2DF6
:10DA70006B2D6B2D6B2D6B2D6B2D6B2D6B2D6B2DE6
:10DA80006B2D6B2D6B2D6B2D6B2D6B2D6B2D6B2DD6
:10DA90006B2D6B2D6B2D6B2D6B2D6B2D6B2D6B2DC6
:10DAA0006B2D6B2D6B2D6B2D6B2D6B2D6B2D6B2DB6
:10DAB0006B2D6B2D6B2D6B2D6B2D6B2D6B2D6B2DA6
:10DAC0006B2D6B2D6B2D6B2D6B2D6B2D6B2D6B2D96
:10DAD0006B2D6B2D6B2D6B2D6B2D6B2D6B2D6B2D86
:10DAE0006B2D6B2D6B2D6B2D6B2D6B2D6B2D6B2D76
:10DAF0006B2D6B2D6B2D6B2D6B2D6B2D6B2D6B2D66
:10DB00006B2D6B2D6B2D6B2D6B2D6B2D6B2D6B2D55
:10DB10006B2D6B2D6B2D6B2D6B2D6B2D6B2D6B2D45
:10DB20006B2D6B2D6B2D6B2D6B2D6B2D6B2D6B2D35
:10DB30006B2D6B2D6B2D6B2D6B2D6B2D6B2D6B2D25
:10DB40006B2D6B2D6B2D6B2D6B2D6B2D6B2D6B2D15
:10DB50006B2D6B2D6B2D6B2D6B2D6B2D6B2D6B2D05
:10DB60006B2D6B2D6B2D6B2D6B2D6B2D6B2D6B2DF5
:10DB70006B2D6B2D6B2D6B2D6B2D6B2D6B2D6B2DE5
:10DB80006B2D6B2D6B2D6B2D6B2D6B2D6B2D6B2DD5
:10DB90006B2D6B2D6B2D6B2D6B2D6B2D6B2D6B2DC5
:10DBA0006B2D6B2D6B2D6B2D6B2D6B2D6B2D6B2DB5
:10DBB0006B2D6B2D6B2D6B2D6B2D6B2D6B2D632CAE
:10DBC00000200000000000005ACB6B2D6B2D6B2D48
:10DBD0006B2D6B2D6B2D6B2D6B2D6B2D6B2D6B2D85
:10DBE0006B2D6B2D6B2D6B2D6B2D6B2D6B2D6B2D75
:10DBF0006B2D6B2D6B2D6B2D6B2D6B2D6B2D6B2D65
:10DC00006B2D6B2D6B2D6B2D6B2D6B2D6B2D6B2D54
:10DC10006B2D6B2D6B2D6B2D6B2D6B2D6B2D6B2D44
:10DC20006B2D6B2D6B2D6B2D6B2D6B2D6B2D6B2D34
:10DC30006B2D6B2D6B2D6B2D6B2D6B2D6B2D6B2D24
:10DC40006B2D6B2D6B2D6B2D6B2D6B2D6B2D6B2D14
:10DC50006B2D6B2D6B2D6B2D6B2D6B2D6B2D6B2D04
:10DC60006B2D6B2D6B2D6B2D6B2D6B2D6B2D6B2DF4
:10DC70006B2D6B2D6B2D6B2D6B2D6B2D6B2D6B2DE4
:10DC80006B2D6B2D6B2D6B2D6B2D6B2D6B2D6B2DD4
:10DC90006B2D6B2D6B2D6B2D6B2D6B2D6B2D6B2DC4
:10DCA0006B2D6B2D6B2D6B2D6B2D6B2D6B2D6B2DB4
:10DCB0006B2D6B2D6B2D6B2D6B2D6B2D6B2D6B2DA4
:10DCC0006B2D6B2D6B2D6B2D6B2D6B2D6B2D6B2D94
:10DCD0006B2D6B2D6B2D6B2D6B2D6B2D6B2D6B2D84
:10DCE0006B2D6B2D6B2D6B2D6B2D6B2D6B2D6B2D74
:10DCF0006B2D6B2D6B2D6B2D6B2D6B2D6B2D6B2D64
:10DD00006B2D6B2D6B2D6B2D6B2D6B2D6B2D6B2D53
:10DD10006B2D6B2D6B2D6B2D6B2D6B2D6B2D6B2D43
:10DD20006B2D6B2D6B2D6B2D6B2D6B2D6B2D6B2D33
:10DD30006B2D6B2D6B2D6B2D6B2D6B2D6B2D6B2D23
:10DD40006B2D6B2D6B2D6B2D6B2D6B2D6B2D6B2D13
:10DD50006B2D6B2D6B2D6B2D6B2D6B2D6B2D6B2D03
:10DD60006B2D6B2D6B2D6B2D6B2D6B2D6B2D6B2DF3
:10DD70006B2D6B2D6B2D6B2D6B2D6B2D6B2D6B2DE3
:10DD80006B2D6B2D6B2D6B2D6B2D6B2D6B2D6B2DD3
:10DD90006B2D6B2D6B2D6B2D6B2D6B2D6B2D5ACB36
:10DDA00000000000000000004A496B2D6B2D6B2D18
:10DDB0006B2D6B2D6B2D6B2D6B2D6B2D6B2D6B2DA3
:10DDC0006B2D6B2D6B2D6B2D6B2D6B2D6B2D6B2D93
:10DDD0006B2D6B2D6B2D6B2D6B2D6B2D6B2D6B2D83
:10DDE0006B2D6B2D6B2D6B2D6B2D6B2D6B2D6B2D73
:10DDF0006B2D6B2D6B2D6B2D6B2D6B2D6B2D6B2D63
:10DE00006B2D6B2D6B2D6B2D6B2D6B2D6B2D6B2D52
:10DE10006B2D6B2D6B2D6B2D6B2D6B2D6B2D6B2D42
:10DE20006B2D6B2D6B2D6B2D6B2D6B2D6B2D6B2D32
:10DE30006B2D6B2D6B2D6B2D6B2D6B2D6B2D6B2D22
:10DE40006B2D6B2D6B2D6B2D6B2D6B2D6B2D6B2D12
:10DE50006B2D6B2D6B2D6B2D6B2D6B2D6B2D6B2D02
:10DE60006B2D6B2D6B2D6B2D6B2D6B2D6B2D6B2DF2
:10DE70006B2D6B2D6B2D6B2D6B2D6B2D6B2D6B2DE2
:10DE80006B2D6B2D6B2D6B2D6B2D6B2D6B2D6B2DD2
:10DE90006B2D6B2D6B2D6B2D6B2D6B2D6B2D6B2DC2
:10DEA0006B2D6B2D6B2D6B2D6B2D6B2D6B2D6B2DB2
:10DEB0006B2D6B2D6B2D6B2D6B2D6B2D6B2D6B2DA2
:10DEC0006B2D6B2D6B2D6B2D6B2D6B2D6B2D6B2D92
:10DED0006B2D6B2D6B2D6B2D6B2D6B2D6B2D6B2D82
:10DEE0006B2D6B2D6B2D6B2D6B2D6B2D6B2D6B2D72
:10DEF0006B2D6B2D6B2D6B2D6B2D6B2D6B2D6B2D62
:10DF00006B2D6B2D6B2D6B2D6B2D6B2D6B2D6B2D51
:10DF10006B2D6B2D6B2D6B2D6B2D6B2D6B2D6B2D41
:10DF20006B2D6B2D6B2D6B2D6B2D6B2D6B2D6B2D31
:10DF30006B2D6B2D6B2D6B2D6B2D6B2D6B2D6B2D21
:10DF40006B2D6B2D6B2D6B2D6B2D6B2D6B2D6B2D11
:10DF50006B2D6B2D6B2D6B2D6B2D6B2D6B2D6B2D01
:10DF60006B2D6B2D6B2D6B2D6B2D6B2D6B2D6B2DF1
:10DF70006B2D6B2D6B2D6B2D6B2D6B2D6B2D42280F
:10DF8000000000000000000031866B2D6B2D6B2D12
:10DF90006B2D6B2D6B2D6B2D6B2D6B2D6B2D6B2DC1
:10DFA0006B2D6B2D6B2D6B2D6B2D6B2D6B2D6B2DB1
:10DFB0006B2D6B2D6B2D6B2D6B2D6B2D6B2D6B2DA1
:10DFC0006B2D6B2D6B2D6B2D6B2D6B2D6B2D6B2D91
:10DFD0006B2D6B2D6B2D6B2D6B2D6B2D6B2D6B2D81
:10DFE0006B2D6B2D6B2D6B2D6B2D6B2D6B2D6B2D71
:10DFF0006B2D6B2D6B2D6B2D6B2D6B2D6B2D6B2D61
:10E000006B2D6B2D6B2D6B2D6B2D6B2D6B2D6B2D50
:10E010006B2D6B2D6B2D6B2D6B2D6B2D6B2D6B2D40
:10E020006B2D6B2D6B2D6B2D6B2D6B2D6B2D6B2D30
:10E030006B2D6B2D6B2D6B2D6B2D6B2D6B2D6B2D20
:10E040006B2D6B2D6B2D6B2D6B2D6B2D6B2D6B2D10
:10E050006B2D6B2D6B2D6B2D6B2D6B2D6B2D6B2D00
:10E060006B2D6B2D6B2D6B2D6B2D6B2D6B2D6B2DF0
:10E070006B2D6B2D6B2D6B2D6B2D6B2D6B2D6B2DE0
:10E080006B2D6B2D6B2D6B2D6B2D6B2D6B2D6B2DD0
:10E090006B2D6B2D6B2D6B2D6B2D6B2D6B2D6B2DC0
:10E0A0006B2D6B2D6B2D6B2D6B2D6B2D6B2D6B2DB0
:10E0B0006B2D6B2D6B2D6B2D6B2D6B2D6B2D6B2DA0
:10E0C0006B2D6B2D6B2D6B2D6B2D6B2D6B2D6B2D90
:10E0D0006B2D6B2D6B2D6B2D6B2D6B2D6B2D6B2D80
:10E0E0006B2D6B2D6B2D6B2D6B2D6B2D6B2D6B2D70
:10E0F0006B2D6B2D6B2D6B2D6B2D6B2D6B2D6B2D60
:10E100006B2D6B2D6B2D6B2D6B2D6B2D6B2D6B2D4F
:10E110006B2D6B2D6B2D6B2D6B2D6B2D6B2D6B2D3F
:10E120006B2D6B2D6B2D6B2D6B2D6B2D6B2D6B2D2F
:10E130006B2D6B2D6B2D6B2D6B2D6B2D6B2D6B2D1F
:10E140006B2D6B2D6B2D6B2D6B2D6B2D6B2D6B2D0F
:10E150006B2D6B2D6B2D6B2D6B2D6B2D6B2D3186E0
:10E16000000000000000000018E36B2D6B2D6B2DEC
:10E170006B2D6B2D6B2D6B2D6B2D6B2D6B2D6B2DDF
:10E180006B2D6B2D6B2D6B2D6B2D6B2D6B2D6B2DCF
:10E190006B2D6B2D6B2D6B2D6B2D6B2D6B2D6B2DBF
:10E1A0006B2D6B2D6B2D6B2D6B2D6B2D6B2D6B2DAF
:10E1B0006B2D6B2D6B2D6B2D6B2D6B2D6B2D6B2D9F
:10E1C0006B2D6B2D6B2D6B2D6B2D6B2D6B2D6B2D8F
:10E1D0006B2D6B2D6B2D6B2D6B2D6B2D6B2D6B2D7F
:10E1E0006B2D6B2D6B2D6B2D6B2D6B2D6B2D6B2D6F
:10E1F0006B2D6B2D6B2D6B2D6B2D6B2D6B2D6B2D5F
:10E200006B2D6B2D6B2D6B2D6B2D6B2D6B2D6B2D4E
:10E210006B2D6B2D6B2D6B2D6B2D6B2D6B2D6B2D3E
:10E220006B2D6B2D6B2D6B2D6B2D6B2D6B2D6B2D2E
:10E230006B2D6B2D6B2D6B2D6B2D6B2D6B2D6B2D1E
:10E240006B2D6B2D6B2D6B2D6B2D6B2D6B2D6B2D0E
:10E250006B2D6B2D6B2D6B2D6B2D6B2D6B2D6B2DFE
:10E260006B2D6B2D6B2D6B2D6B2D6B2D6B2D6B2DEE
:10E270006B2D6B2D6B2D6B2D6B2D6B2D6B2D6B2DDE
:10E280006B2D6B2D6B2D6B2D6B2D6B2D6B2D6B2DCE
:10E290006B2D6B2D6B2D6B2D6B2D6B2D6B2D6B2DBE
:10E2A0006B2D6B2D6B2D6B2D6B2D6B2D6B2D6B2DAE
:10E2B0006B2D6B2D6B2D6B2D6B2D6B2D6B2D6B2D9E
:10E2C0006B2D6B2D6B2D6B2D6B2D6B2D6B2D6B2D8E
:10E2D0006B2D6B2D6B2D6B2D6B2D6B2D6B2D6B2D7E
:10E2E0006B2D6B2D6B2D6B2D6B2D6B2D6B2D6B2D6E
:10E2F0006B2D6B2D6B2D6B2D6B2D6B2D6B2D6B2D5E
:10E300006B2D6B2D6B2D6B2D6B2D6B2D6B2D6B2D4D
:10E310006B2D6B2D6B2D6B2D6B2D6B2D6B2D6B2D3D
:10E320006B2D6B2D6B2D6B2D6B2D6B2D6B2D6B2D2D
:10E330006B2D6B2D6B2D6B2D6B2D6B2D6B2D18C3DA
:10E3400000000000000000000020632C6B2D6B2DEE
:10E350006B2D6B2D6B2D6B2D6B2D6B2D6B2D6B2DFD
:10E360006B2D6B2D6B2D6B2D6B2D6B2D6B2D6B2DED
:10E370006B2D6B2D6B2D6B2D6B2D6B2D6B2D6B2DDD
:10E380006B2D6B2D6B2D6B2D6B2D6B2D6B2D6B2DCD
:10E390006B2D6B2D6B2D6B2D6B2D6B2D6B2D6B2DBD
:10E3A0006B2D6B2D6B2D6B2D6B2D6B2D6B2D6B2DAD
:10E3B0006B2D6B2D6B2D6B2D6B2D6B2D6B2D6B2D9D
:10E3C0006B2D6B2D6B2D6B2D6B2D6B2D6B2D6B2D8D
:10E3D0006B2D6B2D6B2D6B2D6B2D6B2D6B2D6B2D7D
:10E3E0006B2D6B2D6B2D6B2D6B2D6B2D6B2D6B2D6D
:10E3F0006B2D6B2D6B2D6B2D6B2D6B2D6B2D6B2D5D
:10E400006B2D6B2D6B2D6B2D6B2D6B2D6B2D6B2D4C
:10E410006B2D6B2D6B2D6B2D6B2D6B2D6B2D6B2D3C
:10E420006B2D6B2D6B2D6B2D6B2D6B2D6B2D6B2D2C
:10E430006B2D6B2D6B2D6B2D6B2D6B2D6B2D6B2D1C
:10E440006B2D6B2D6B2D6B2D6B2D6B2D6B2D6B2D0C
:10E450006B2D6B2D6B2D6B2D6B2D6B2D6B2D6B2DFC
:10E460006B2D6B2D6B2D6B2D6B2D6B2D6B2D6B2DEC
:10E470006B2D6B2D6B2D6B2D6B2D6B2D6B2D6B2DDC
:10E480006B2D6B2D6B2D6B2D6B2D6B2D6B2D6B2DCC
:10E490006B2D6B2D6B2D6B2D6B2D6B2D6B2D6B2DBC
:10E4A0006B2D6B2D6B2D6B2D6B2D6B2D6B2D6B2DAC
:10E4B0006B2D6B2D6B2D6B2D6B2D6B2D6B2D6B2D9C
:10E4C0006B2D6B2D6B2D6B2D6B2D6B2D6B2D6B2D8C
:10E4D0006B2D6B2D6B2D6B2D6B2D6B2D6B2D6B2D7C
:10E4E0006B2D6B2D6B2D6B2D6B2D6B2D6B2D6B2D6C
:10E4F0006B2D6B2D6B2D6B2D6B2D6B2D6B2D6B2D5C
:10E500006B2D6B2D6B2D6B2D6B2D6B2D6B2D6B2D4B
:10E510006B2D6B2D6B2D6B2D6B2D6B2D632C0020BC
:10E520000000000000000000000052AA6B2D6B2DBF
:10E530006B2D6B2D6B2D6B2D6B2D6B2D6B2D6B2D1B
:10E540006B2D6B2D6B2D6B2D6B2D6B2D6B2D6B2D0B
:10E550006B2D6B2D6B2D6B2D6B2D6B2D6B2D6B2DFB
:10E560006B2D6B2D6B2D6B2D6B2D6B2D6B2D6B2DEB
:10E570006B2D6B2D6B2D6B2D6B2D6B2D6B2D6B2DDB
:10E580006B2D6B2D6B2D6B2D6B2D6B2D6B2D6B2DCB
:10E590006B2D6B2D6B2D6B2D6B2D6B2D6B2D6B2DBB
:10E5A0006B2D6B2D6B2D6B2D6B2D6B2D6B2D6B2DAB
:10E5B0006B2D6B2D6B2D6B2D6B2D6B2D6B2D6B2D9B
:10E5C0006B2D6B2D6B2D6B2D6B2D6B2D6B2D6B2D8B
:10E5D0006B2D6B2D6B2D6B2D6B2D6B2D6B2D6B2D7B
:10E5E0006B2D6B2D6B2D6B2D6B2D6B2D6B2D6B2D6B
:10E5F0006B2D6B2D6B2D6B2D6B2D6B2D6B2D6B2D5B
:10E600006B2D6B2D6B2D6B2D6B2D6B2D6B2D6B2D4A
:10E610006B2D6B2D6B2D6B2D6B2D6B2D6B2D6B2D3A
:10E620006B2D6B2D6B2D6B2D6B2D6B2D6B2D6B2D2A
:10E630006B2D6B2D6B2D6B2D6B2D6B2D6B2D6B2D1A
:10E640006B2D6B2D6B2D6B2D6B2D6B2D6B2D6B2D0A
:10E650006B2D6B2D6B2D6B2D6B2D6B2D6B2D6B2DFA
:10E660006B2D6B2D6B2D6B2D6B2D6B2D6B2D6B2DEA
:10E670006B2D6B2D6B2D6B2D6B2D6B2D6B2D6B2DDA
:10E680006B2D6B2D6B2D6B2D6B2D6B2D6B2D6B2DCA
:10E690006B2D6B2D6B2D6B2D6B2D6B2D6B2D6B2DBA
:10E6A0006B2D6B2D6B2D6B2D6B2D6B2D6B2D6B2DAA
:10E6B0006B2D6B2D6B2D6B2D6B2D6B2D6B2D6B2D9A
:10E6C0006B2D6B2D6B2D6B2D6B2D6B2D6B2D6B2D8A
:10E6D0006B2D6B2D6B2D6B2D6B2D6B2D6B2D6B2D7A
:10E6E0006B2D6B2D6B2D6B2D6B2D6B2D6B2D6B2D6A
:10E6F0006B2D6B2D6B2D6B2D6B2D6B2D528A0000AE
:10E700000000000000000000000039E76B2D6B2DB9
:10E710006B2D6B2D6B2D6B2D6B2D6B2D6B2D6B2D39
:10E720006B2D6B2D6B2D6B2D6B2D6B2D6B2D6B2D29
:10E730006B2D6B2D6B2D6B2D6B2D6B2D6B2D6B2D19
:10E740006B2D6B2D6B2D6B2D6B2D6B2D6B2D6B2D09
:10E750006B2D6B2D6B2D6B2D6B2D6B2D6B2D6B2DF9
:10E760006B2D6B2D6B2D6B2D6B2D6B2D6B2D6B2DE9
:10E770006B2D6B2D6B2D6B2D6B2D6B2D6B2D6B2DD9
:10E780006B2D6B2D6B2D6B2D6B2D6B2D6B2D6B2DC9
:10E790006B2D6B2D6B2D6B2D6B2D6B2D6B2D6B2DB9
:10E7A0006B2D6B2D6B2D6B2D6B2D6B2D6B2D6B2DA9
:10E7B0006B2D6B2D6B2D6B2D6B2D6B2D6B2D6B2D99
:10E7C0006B2D6B2D6B2D6B2D6B2D6B2D6B2D6B2D89
:10E7D0006B2D6B2D6B2D6B2D6B2D6B2D6B2D6B2D79
:10E7E0006B2D6B2D6B2D6B2D6B2D6B2D6B2D6B2D69
:10E7F0006B2D6B2D6B2D6B2D6B2D6B2D6B2D6B2D59
:10E800006B2D6B2D6B2D6B2D6B2D6B2D6B2D6B2D48
:10E810006B2D6B2D6B2D6B2D6B2D6B2D6B2D6B2D38
:10E820006B2D6B2D6B2D6B2D6B2D6B2D6B2D6B2D28
:10E830006B2D6B2D6B2D6B2D6B2D6B2D6B2D6B2D18
:10E840006B2D6B2D6B2D6B2D6B2D6B2D6B2D6B2D08
:10E850006B2D6B2D6B2D6B2D6B2D6B2D6B2D6B2DF8
:10E860006B2D6B2D6B2D6B2D6B2D6B2D6B2D6B2DE8
:10E870006B2D6B2D6B2D6B2D6B2D6B2D6B2D6B2DD8
:10E880006B2D6B2D6B2D6B2D6B2D6B2D6B2D6B2DC8
:10E890006B2D6B2D6B2D6B2D6B2D6B2D6B2D6B2DB8
:10E8A0006B2D6B2D6B2D6B2D6B2D6B2D6B2D6B2DA8
:10E8B0006B2D6B2D6B2D6B2D6B2D6B2D6B2D6B2D98
:10E8C0006B2D6B2D6B2D6B2D6B2D6B2D6B2D6B2D88
:10E8D0006B2D6B2D6B2D6B2D6B2D6B2D39C70000A8
:10E8E0000000000000000000000021246B2D6B2DB3
:10E8F0006B2D6B2D6B2D6B2D6B2D6B2D6B2D6B2D58
:10E900006B2D6B2D6B2D6B2D6B2D6B2D6B2D6B2D47
:10E910006B2D6B2D6B2D6B2D6B2D6B2D6B2D6B2D37
:10E920006B2D6B2D6B2D6B2D6B2D6B2D6B2D6B2D27
:10E930006B2D6B2D6B2D6B2D6B2D6B2D6B2D6B2D17
:10E940006B2D6B2D6B2D6B2D6B2D6B2D6B2D6B2D07
:10E950006B2D6B2D6B2D6B2D6B2D6B2D6B2D6B2DF7
:10E960006B2D6B2D6B2D6B2D6B2D6B2D6B2D6B2DE7
:10E970006B2D6B2D6B2D6B2D6B2D6B2D6B2D6B2DD7
:10E980006B2D6B2D6B2D6B2D6B2D6B2D6B2D6B2DC7
:10E990006B2D6B2D6B2D6B2D6B2D6B2D6B2D6B2DB7
:10E9A0006B2D6B2D6B2D6B2D6B2D6B2D6B2D6B2DA7
:10E9B0006B2D6B2D6B2D6B2D6B2D6B2D6B2D6B2D97
:10E9C0006B2D6B2D6B2D6B2D6B2D6B2D6B2D6B2D87
:10E9D0006B2D6B2D6B2D6B2D6B2D6B2D6B2D6B2D77
:10E9E0006B2D6B2D6B2D6B2D6B2D6B2D6B2D6B2D67
:10E9F0006B2D6B2D6B2D6B2D6B2D6B2D6B2D6B2D57
:10EA00006B2D6B2D6B2D6B2D6B2D6B2D6B2D6B2D46
:10EA10006B2D6B2D6B2D6B2D6B2D6B2D6B2D6B2D36
:10EA20006B2D6B2D6B2D6B2D6B2D6B2D6B2D6B2D26
:10EA30006B2D6B2D6B2D6B2D6B2D6B2D6B2D6B2D16
:10EA40006B2D6B2D6B2D6B2D6B2D6B2D6B2D6B2D06
:10EA50006B2D6B2D6B2D6B2D6B2D6B2D6B2D6B2DF6
:10EA60006B2D6B2D6B2D6B2D6B2D6B2D6B2D6B2DE6
:10EA70006B2D6B2D6B2D6B2D6B2D6B2D6B2D6B2DD6
:10EA80006B2D6B2D6B2D6B2D6B2D6B2D6B2D6B2DC6
:10EA90006B2D6B2D6B2D6B2D6B2D6B2D6B2D6B2DB6
:10EAA0006B2D6B2D6B2D6B2D6B2D6B2D6B2D6B2DA6
:10EAB0006B2D6B2D6B2D6B2D6B2D6B2D21040000A1
:10EAC000000000000000000000000841632C6B2DD6
:10EAD0006B2D6B2D6B2D6B2D6B2D6B2D6B2D6B2D76
:10EAE0006B2D6B2D6B2D6B2D6B2D6B2D6B2D6B2D66
:10EAF0006B2D6B2D6B2D6B2D6B2D6B2D6B2D6B2D56
:10EB00006B2D6B2D6B2D6B2D6B2D6B2D6B2D6B2D45
:10EB10006B2D6B2D6B2D6B2D6B2D6B2D6B2D6B2D35
:10EB20006B2D6B2D6B2D6B2D6B2D6B2D6B2D6B2D25
:10EB30006B2D6B2D6B2D6B2D6B2D6B2D6B2D6B2D15
:10EB40006B2D6B2D6B2D6B2D6B2D6B2D6B2D6B2D05
:10EB50006B2D6B2D6B2D6B2D6B2D6B2D6B2D6B2DF5
:10EB60006B2D6B2D6B2D6B2D6B2D6B2D6B2D6B2DE5
:10EB70006B2D6B2D6B2D6B2D6B2D6B2D6B2D6B2DD5
:10EB80006B2D6B2D6B2D6B2D6B2D6B2D6B2D6B2DC5
:10EB90006B2D6B2D6B2D6B2D6B2D6B2D6B2D6B2DB5
:10EBA0006B2D6B2D6B2D6B2D6B2D6B2D6B2D6B2DA5
:10EBB0006B2D6B2D6B2D6B2D6B2D6B2D6B2D6B2D95
:10EBC0006B2D6B2D6B2D6B2D6B2D6B2D6B2D6B2D85
:10EBD0006B2D6B2D6B2D6B2D6B2D6B2D6B2D6B2D75
:10EBE0006B2D6B2D6B2D6B2D6B2D6B2D6B2D6B2D65
:10EBF0006B2D6B2D6B2D6B2D6B2D6B2D6B2D6B2D55
:10EC00006B2D6B2D6B2D6B2D6B2D6B2D6B2D6B2D44
:10EC10006B2D6B2D6B2D6B2D6B2D6B2D6B2D6B2D34
:10EC20006B2D6B2D6B2D6B2D6B2D6B2D6B2D6B2D24
:10EC30006B2D6B2D6B2D6B2D6B2D6B2D6B2D6B2D14
:10EC40006B2D6B2D6B2D6B2D6B2D6B2D6B2D6B2D04
:10EC50006B2D6B2D6B2D6B2D6B2D6B2D6B2D6B2DF4
:10EC60006B2D6B2D6B2D6B2D6B2D6B2D6B2D6B2DE4
:10EC70006B2D6B2D6B2D6B2D6B2D6B2D6B2D6B2DD4
:10EC80006B2D6B2D6B2D6B2D6B2D6B2D6B2D6B2DC4
:10EC90006B2D6B2D6B2D6B2D6B2D632C08410000A4
:10ECA00000000000000000000000000052AA6B2DD0
:10ECB0006B2D6B2D6B2D6B2D6B2D6B2D6B2D6B2D94
:10ECC0006B2D6B2D6B2D6B2D6B2D6B2D6B2D6B2D84
:10ECD0006B2D6B2D6B2D6B2D6B2D6B2D6B2D6B2D74
:10ECE0006B2D6B2D6B2D6B2D6B2D6B2D6B2D6B2D64
:10ECF0006B2D6B2D6B2D6B2D6B2D6B2D6B2D6B2D54
:10ED00006B2D6B2D6B2D6B2D6B2D6B2D6B2D6B2D43
:10ED10006B2D6B2D6B2D6B2D6B2D6B2D6B2D6B2D33
:10ED20006B2D6B2D6B2D6B2D6B2D6B2D6B2D6B2D23
:10ED30006B2D6B2D6B2D6B2D6B2D6B2D6B2D6B2D13
:10ED40006B2D6B2D6B2D6B2D6B2D6B2D6B2D6B2D03
:10ED50006B2D6B2D6B2D6B2D6B2D6B2D6B2D6B2DF3
:10ED60006B2D6B2D6B2D6B2D6B2D6B2D6B2D6B2DE3
:10ED70006B2D6B2D6B2D6B2D6B2D6B2D6B2D6B2DD3
:10ED80006B2D6B2D6B2D6B2D6B2D6B2D6B2D6B2DC3
:10ED90006B2D6B2D6B2D6B2D6B2D6B2D6B2D6B2DB3
:10EDA0006B2D6B2D6B2D6B2D6B2D6B2D6B2D6B2DA3
:10EDB0006B2D6B2D6B2D6B2D6B2D6B2D6B2D6B2D93
:10EDC0006B2D6B2D6B2D6B2D6B2D6B2D6B2D6B2D83
:10EDD0006B2D6B2D6B2D6B2D6B2D6B2D6B2D6B2D73
:10EDE0006B2D6B2D6B2D6B2D6B2D6B2D6B2D6B2D63
:10EDF0006B2D6B2D6B2D6B2D6B2D6B2D6B2D6B2D53
:10EE00006B2D6B2D6B2D6B2D6B2D6B2D6B2D6B2D42
:10EE10006B2D6B2D6B2D6B2D6B2D6B2D6B2D6B2D32
:10EE20006B2D6B2D6B2D6B2D6B2D6B2D6B2D6B2D22
:10EE30006B2D6B2D6B2D6B2D6B2D6B2D6B2D6B2D12
:10EE40006B2D6B2D6B2D6B2D6B2D6B2D6B2D6B2D02
:10EE50006B2D6B2D6B2D6B2D6B2D6B2D6B2D6B2DF2
:10EE60006B2D6B2D6B2D6B2D6B2D6B2D6B2D6B2DE2
:10EE70006B2D6B2D6B2D6B2D6B2D528A00000000BE
:10EE800000000000000000000000000031A66B2D13
:10EE90006B2D6B2D6B2D6B2D6B2D6B2D6B2D6B2DB2
:10EEA0006B2D6B2D6B2D6B2D6B2D6B2D6B2D6B2DA2
:10EEB0006B2D6B2D6B2D6B2D6B2D6B2D6B2D6B2D92
:10EEC0006B2D6B2D6B2D6B2D6B2D6B2D6B2D6B2D82
:10EED0006B2D6B2D6B2D6B2D6B2D6B2D6B2D6B2D72
:10EEE0006B2D6B2D6B2D6B2D6B2D6B2D6B2D6B2D62
:10EEF0006B2D6B2D6B2D6B2D6B2D6B2D6B2D6B2D52
:10EF00006B2D6B2D6B2D6B2D6B2D6B2D6B2D6B2D41
:10EF10006B2D6B2D6B2D6B2D6B2D6B2D6B2D6B2D31
:10EF20006B2D6B2D6B2D6B2D6B2D6B2D6B2D6B2D21
:10EF30006B2D6B2D6B2D6B2D6B2D6B2D6B2D6B2D11
:10EF40006B2D6B2D6B2D6B2D6B2D6B2D6B2D6B2D01
:10EF50006B2D6B2D6B2D6B2D6B2D6B2D6B2D6B2DF1
:10EF60006B2D6B2D6B2D6B2D6B2D6B2D6B2D6B2DE1
:10EF70006B2D6B2D6B2D6B2D6B2D6B2D6B2D6B2DD1
:10EF80006B2D6B2D6B2D6B2D6B2D6B2D6B2D6B2DC1
:10EF90006B2D6B2D6B2D6B2D6B2D6B2D6B2D6B2DB1
:10EFA0006B2D6B2D6B2D6B2D6B2D6B2D6B2D6B2DA1
:10EFB0006B2D6B2D6B2D6B2D6B2D6B2D6B2D6B2D91
:10EFC0006B2D6B2D6B2D6B2D6B2D6B2D6B2D6B2D81
:10EFD0006B2D6B2D6B2D6B2D6B2D6B2D6B2D6B2D71
:10EFE0006B2D6B2D6B2D6B2D6B2D6B2D6B2D6B2D61
:10EFF0006B2D6B2D6B2D6B2D6B2D6B2D6B2D6B2D51
:10F000006B2D6B2D6B2D6B2D6B2D6B2D6B2D6B2D40
:10F010006B2D6B2D6B2D6B2D6B2D6B2D6B2D6B2D30
:10F020006B2D6B2D6B2D6B2D6B2D6B2D6B2D6B2D20
:10F030006B2D6B2D6B2D6B2D6B2D6B2D6B2D6B2D10
:10F040006B2D6B2D6B2D6B2D6B2D6B2D6B2D6B2D00
:10F050006B2D6B2D6B2D6B2D6B2D31A600000000E1
:10F0600000000000000000000000000018C36B2D2D
:10F070006B2D6B2D6B2D6B2D6B2D6B2D6B2D6B2DD0
:10F080006B2D6B2D6B2D6B2D6B2D6B2D6B2D6B2DC0
:10F090006B2D6B2D6B2D6B2D6B2D6B2D6B2D6B2DB0
:10F0A0006B2D6B2D6B2D6B2D6B2D6B2D6B2D6B2DA0
:10F0B0006B2D6B2D6B2D6B2D6B2D6B2D6B2D6B2D90
:10F0C0006B2D6B2D6B2D6B2D6B2D6B2D6B2D6B2D80
:10F0D0006B2D6B2D6B2D6B2D6B2D6B2D6B2D6B2D70
:10F0E0006B2D6B2D6B2D6B2D6B2D6B2D6B2D6B2D60
:10F0F0006B2D6B2D6B2D6B2D6B2D6B2D6B2D6B2D50
:10F100006B2D6B2D6B2D6B2D6B2D6B2D6B2D6B2D3F
:10F110006B2D6B2D6B2D6B2D6B2D6B2D6B2D6B2D2F
:10F120006B2D6B2D6B2D6B2D6B2D6B2D6B2D6B2D1F
:10F130006B2D6B2D6B2D6B2D6B2D6B2D6B2D6B2D0F
:10F140006B2D6B2D6B2D6B2D6B2D6B2D6B2D6B2DFF
:10F150006B2D6B2D6B2D6B2D6B2D6B2D6B2D6B2DEF
:10F160006B2D6B2D6B2D6B2D6B2D6B2D6B2D6B2DDF
:10F170006B2D6B2D6B2D6B2D6B2D6B2D6B2D6B2DCF
:10F180006B2D6B2D6B2D6B2D6B2D6B2D6B2D6B2DBF
:10F190006B2D6B2D6B2D6B2D6B2D6B2D6B2D6B2DAF
:10F1A0006B2D6B2D6B2D6B2D6B2D6B2D6B2D6B2D9F
:10F1B0006B2D6B2D6B2D6B2D6B2D6B2D6B2D6B2D8F
:10F1C0006B2D6B2D6B2D6B2D6B2D6B2D6B2D6B2D7F
:10F1D0006B2D6B2D6B2D6B2D6B2D6B2D6B2D6B2D6F
:10F1E0006B2D6B2D6B2D6B2D6B2D6B2D6B2D6B2D5F
:10F1F0006B2D6B2D6B2D6B2D6B2D6B2D6B2D6B2D4F
:10F200006B2D6B2D6B2D6B2D6B2D6B2D6B2D6B2D3E
:10F210006B2D6B2D6B2D6B2D6B2D6B2D6B2D6B2D2E
:10F220006B2D6B2D6B2D6B2D6B2D6B2D6B2D6B2D1E
:10F230006B2D6B2D6B2D6B2D6B2D18A3000000001B
:10F240000000000000000000000000000000630C4F
:10F250006B2D6B2D6B2D6B2D6B2D6B2D6B2D6B2DEE
:10F260006B2D6B2D6B2D6B2D6B2D6B2D6B2D6B2DDE
:10F270006B2D6B2D6B2D6B2D6B2D6B2D6B2D6B2DCE
:10F280006B2D6B2D6B2D6B2D6B2D6B2D6B2D6B2DBE
:10F290006B2D6B2D6B2D6B2D6B2D6B2D6B2D6B2DAE
:10F2A0006B2D6B2D6B2D6B2D6B2D6B2D6B2D6B2D9E
:10F2B0006B2D6B2D6B2D6B2D6B2D6B2D6B2D6B2D8E
:10F2C0006B2D6B2D6B2D6B2D6B2D6B2D6B2D6B2D7E
:10F2D0006B2D6B2D6B2D6B2D6B2D6B2D6B2D6B2D6E
:10F2E0006B2D6B2D6B2D6B2D6B2D6B2D6B2D6B2D5E
:10F2F0006B2D6B2D6B2D6B2D6B2D6B2D6B2D6B2D4E
:10F300006B2D6B2D6B2D6B2D6B2D6B2D6B2D6B2D3D
:10F310006B2D6B2D6B2D6B2D6B2D6B2D6B2D6B2D2D
:10F320006B2D6B2D6B2D6B2D6B2D6B2D6B2D6B2D1D
:10F330006B2D6B2D6B2D6B2D6B2D6B2D6B2D6B2D0D
:10F340006B2D6B2D6B2D6B2D6B2D6B2D6B2D6B2DFD
:10F350006B2D6B2D6B2D6B2D6B2D6B2D6B2D6B2DED
:10F360006B2D6B2D6B2D6B2D6B2D6B2D6B2D6B2DDD
:10F370006B2D6B2D6B2D6B2D6B2D6B2D6B2D6B2DCD
:10F380006B2D6B2D6B2D6B2D6B2D6B2D6B2D6B2DBD
:10F390006B4D7BCF7BCF7BCF73AE6B2D6B2D6B2DEE
:10F3A0006B2D6B2D6B2D6B2D6B2D6B2D6B2D6B2D9D
:10F3B0006B2D6B2D6B2D6B2D6B2D6B2D6B2D6B2D8D
:10F3C0006B2D6B2D6B2D6B2D6B2D6B2D6B2D6B2D7D
:10F3D0006B2D6B2D6B2D6B2D6B2D6B2D6B2D6B2D6D
:10F3E0006B2D6B2D6B2D6B2D6B2D6B2D6B2D6B2D5D
:10F3F0006B2D6B2D6B2D6B2D6B2D6B2D6B2D6B2D4D
:10F400006B2D6B2D6B2D6B2D6B2D6B2D6B2D6B2D3C
:10F410006B2D6B2D6B2D6B2D62EC0000000000003E
:10F420000000000000000000000000000000422872
:10F430006B2D6B2D6B2D6B2D6B2D6B2D6B2D6B2D0C
:10F440006B2D6B2D6B2D6B2D6B2D6B2D6B2D6B2DFC
:10F450006B2D6B2D6B2D6B2D6B2D6B2D6B2D6B2DEC
:10F460006B2D6B2D6B2D6B2D6B2D6B2D6B2D6B2DDC
:10F470006B2D6B2D6B2D6B2D6B2D6B2D6B2D6B2DCC
:10F480006B2D6B2D6B2D6B2D6B2D6B2D6B2D6B2DBC
:10F490006B2D6B2D6B2D6B2D6B2D6B2D6B2D6B2DAC
:10F4A0006B2D6B2D6B2D6B2D6B2D6B2D6B2D6B2D9C
:10F4B0006B2D6B2D6B2D6B2D6B2D6B2D6B2D6B2D8C
:10F4C0006B2D6B2D6B2D6B2D6B2D6B2D6B2D6B2D7C
:10F4D0006B2D6B2D6B2D6B2D6B2D6B2D6B2D6B2D6C
:10F4E0006B2D6B2D6B2D6B2D6B2D6B2D6B2D6B2D5C
:10F4F0006B2D6B2D6B2D6B2D6B2D6B2D6B2D6B2D4C
:10F500006B2D6B2D6B2D6B2D6B2D6B2D6B2D6B2D3B
:10F510006B2D6B2D6B2D6B2D6B2D6B2D6B2D6B2D2B
:10F520006B2D6B2D6B2D6B2D6B2D6B2D6B2D6B2D1B
:10F530006B2D6B2D6B2D6B2D6B2D6B2D6B2D6B2D0B
:10F540006B2D6B2D6B2D6B2D6B2D6B2D6B2D6B2DFB
:10F550006B2D6B2D6B2D6B2D6B2D6B2D6B2D6B2DEB
:10F560006B2D6B2D6B2D6B2D6B2D6B2D6B2D6B2DDB
:10F570008410FFFFFFFFFFFFD6BA6B2D6B2D6B2DA5
:10F580006B2D6B2D6B2D6B2D6B2D6B2D6B2D6B2DBB
:10F590006B2D6B2D6B2D6B2D6B2D6B2D6B2D6B2DAB
:10F5A0006B2D6B2D6B2D6B2D6B2D6B2D6B2D6B2D9B
:10F5B0006B2D6B2D6B2D6B2D6B2D6B2D6B2D6B2D8B
:10F5C0006B2D6B2D6B2D6B2D6B2D6B2D6B2D6B2D7B
:10F5D0006B2D6B2D6B2D6B2D6B2D6B2D6B2D6B2D6B
:10F5E0006B2D6B2D6B2D6B2D6B2D6B2D6B2D6B2D5B
:10F5F0006B2D6B2D6B2D6B2D422800000000000041
:10F6000000000000000000000000000000002124B5
:10F610006B2D6B2D6B2D6B2D6B2D6B2D6B2D6B2D2A
:10F620006B2D6B2D6B2D6B2D6B2D6B2D6B2D6B2D1A
:10F630006B2D6B2D6B2D6B2D6B2D6B2D6B2D6B2D0A
:10F640006B2D6B2D6B2D6B2D6B2D6B2D6B2D6B2DFA
:10F650006B2D6B2D6B2D6B2D6B2D6B2D6B2D6B2DEA
:10F660006B2D6B2D6B2D6B2D6B2D6B2D6B2D6B2DDA
:10F670006B2D6B2D6B2D6B2D6B2D6B2D6B2D6B2DCA
:10F680006B2D6B2D6B2D6B2D6B2D6B2D6B2D6B2DBA
:10F690006B2D6B2D6B2D6B2D6B2D6B2D6B2D6B2DAA
:10F6A0006B2D6B2D6B2D6B2D6B2D6B2D6B2D6B2D9A
:10F6B0006B2D6B2D6B2D6B2D6B2D6B2D6B2D6B2D8A
:10F6C0006B2D6B2D6B2D6B2D6B2D6B2D6B2D6B2D7A
:10F6D0006B2D6B2D6B2D6B2D6B2D6B2D6B2D6B2D6A
:10F6E0006B2D6B2D6B2D6B2D6B2D6B2D6B2D6B2D5A
:10F6F0006B2D6B2D6B2D6B2D6B2D6B2D6B2D6B2D4A
:10F700006B2D6B2D6B2D6B2D6B2D6B2D6B2D6B2D39
:10F710006B2D6B2D6B2D6B2D6B2D6B2D6B2D6B2D29
:10F720006B2D6B2D6B2D6B2D6B2D6B2D6B2D6B2D19
:10F730006B2D6B2D6B2D6B2D6B2D6B2D6B2D6B2D09
:10F740006B2D6B2D6B2D6B2D6B2D6B2D6B2D6B2DF9
:10F750008410FFFFFFFFFFFFD6BA6B2D6B2D6B2DC3
:10F760006B2D6B2D6B2D6B2D6B2D6B2D6B2D6B2DD9
:10F770006B2D6B2D6B2D6B2D6B2D6B2D6B2D6B2DC9
:10F780006B2D6B2D6B2D6B2D6B2D6B2D6B2D6B2DB9
:10F790006B2D6B2D6B2D6B2D6B2D6B2D6B2D6B2DA9
:10F7A0006B2D6B2D6B2D6B2D6B2D6B2D6B2D6B2D99
:10F7B0006B2D6B2D6B2D6B2D6B2D6B2D6B2D6B2D89
:10F7C0006B2D6B2D6B2D6B2D6B2D6B2D6B2D6B2D79
:10F7D0006B2D6B2D6B2D6B2D2104000000000000A4
:10F7E00000000000000000000000000000000020F9
:10F7F000630C6B2D6B2D6B2D6B2D6B2D6B2D6B2D72
:10F800006B2D6B2D6B2D6B2D6B2D6B2D6B2D6B2D38
:10F810006B2D6B2D6B2D6B2D6B2D6B2D6B2D6B2D28
:10F820006B2D6B2D6B2D6B2D6B2D6B2D6B2D6B2D18
:10F830006B2D6B2D6B2D6B2D6B2D6B4D9CD3A534D0
:10F84000A534A534A534A534A534A5147BCF6B2DE0
:10F850006B2D6B2D6B2D6B2D6B2D6B2D6B2D6B2DE8
:10F860006B2D6B2D6B2D6B2D6B2D6B2D6B2D6B2DD8
:10F870006B2D6B2D6B2D6B2D6B2D6B2D6B2D6B2DC8
:10F880006B2D6B2D6B2D6B2D6B2D6B2D6B2D6B2DB8
:10F890006B2D6B2D6B2D6B2D6B2D6B2D6B2D6B2DA8
:10F8A0006B2D6B2D6B2D6B2D6B2D6B2D6B2D6B2D98
:10F8B0006B2D6B2D6B2D6B2D6B2D6B2D6B2D6B2D88
:10F8C0006B2D6B2D6B2D6B2D6B2D6B2D6B2D6B2D78
:10F8D0006B2D6B2D6B2D6B2D6B2D6B2D6B2D6B2D68
:10F8E0006B2D6B2D6B2D6B2D6B2D6B2D6B2D6B2D58
:10F8F0006B2D6B2D6B2D6B2D6B2D6B2D6B2D6B2D48
:10F900006B2D6B2D6B2D6B2D6B2D6B2D6B2D6B2D37
:10F910006B2D6B2D6B2D6B2D6B2D6B2D6B2D6B2D27
:10F920006B2D6B2D6B2D6B2D6B2D6B2D6B2D6B2D17
:10F930008410FFFFFFFFFFFFD6BA6B2D6B2D6B2DE1
:10F940006B2D6B2D6B2D6B2D6B2D6B2D6B2D6B2DF7
:10F950006B2D6B2D6B2D6B2D6B2D6B2D6B2D6B2DE7
:10F960006B2D6B2D6B2D6B2D6B2D6B2D6B2D6B2DD7
:10F970006B2D6B2D6B2D6B2D6B2D6B2D6B2D6B2DC7
:10F980006B2D6B2D6B2D6B2D6B2D6B2D6B2D6B2DB7
:10F990006B2D6B2D6B2D6B2D6B2D6B2D6B2D6B2DA7
:10F9A0006B2D6B2D6B2D6B2D6B2D6B2D6B2D6B2D97
:10F9B0006B2D6B2D6B2D630C0020000000000000F0
:10F9C0000000000000000000000000000000000037
:10F9D00042286B2D6B2D6B2D6B2D6B2D6B2D6B2D95
:10F9E0006B2D6B2D6B2D6B2D6B2D6B2D6B2D6B2D57
:10F9F0006B2D6B2D6B2D6B2D6B2D6B2D6B2D6B2D47
:10FA00006B2D6B2D6B2D6B2D6B2D6B2D6B2D6B2D36
:10FA10006B2D6B2D6B2D6B2D6B2DC638FFFFFFFFF4
:10FA2000FFFFFFFFFFFFFFFFFFFFFFFFEF9D6B6D7E
:10FA30006B2D6B2D6B2D6B2D6B2D6B2D6B2D6B2D06
:10FA40006B2D6B2D6B2D6B2D6B2D6B2D6B2D6B2DF6
:10FA50006B2D6B2D6B2D6B2D6B2D6B2D6B2D6B2DE6
:10FA60006B2D6B2D6B2D6B2D6B2D6B2D6B2D6B2DD6
:10FA70006B2D6B2D6B2D6B2D6B2D6B2D6B2D6B2DC6
:10FA80006B2D6B2D6B2D6B2D6B2D6B2D6B2D6B2DB6
:10FA90006B2D6B2D6B2D6B2D6B2D6B2D6B2D6B2DA6
:10FAA0006B2D6B2D6B2D6B2D6B2D6B2D6B2D6B2D96
:10FAB0006B2D6B2D6B2D6B2D6B2D6B2D6B2D6B2D86
:10FAC0006B2D6B2D6B2D6B2D6B2D6B2D6B2D6B2D76
:10FAD0006B2D6B2D6B2D6B2D6B2D6B2D6B2D6B2D66
:10FAE0006B2D6B2D6B2D6B2D6B2D6B2D6B2D6B2D56
:10FAF0006B2D6B2D6B2D6B2D6B2D6B2D6B2D6B2D46
:10FB00006B2D6B2D6B2D6B2D6B2D6B2D6B2D6B2D35
:10FB10008410FFFFFFFFFFFFD6BA6B2D6B2D6B2DFF
:10FB20006B2D6B2D6B2D6B2D6B2D6B2D6B2D6B2D15
:10FB30006B2D6B2D6B2D6B2D6B2D6B2D6B2D6B2D05
:10FB40006B2D6B2D6B2D6B2D6B2D6B2D6B2D6B2DF5
:10FB50006B2D6B2D6B2D6B2D6B2D6B2D6B2D6B2DE5
:10FB60006B2D6B2D6B2D6B2D6B2D6B2D6B2D6B2DD5
:10FB70006B2D6B2D6B2D6B2D6B2D6B2D6B2D6B2DC5
:10FB80006B2D6B2D6B2D6B2D6B2D6B2D6B2D6B2DB5
:10FB90006B2D6B2D6B2D4208000000000000000053
:10FBA0000000000000000000000000000000000055
:10FBB00021046B2D6B2D6B2D6B2D6B2D6B2D6B2DF8
:10FBC0006B2D6B2D6B2D6B2D6B2D6B2D6B2D6B2D75
:10FBD0006B2D6B2D6B2D6B2D6B2D6B2D6B2D6B2D65
:10FBE0006B2D6B2D6B2D6B2D6B2D6B2D6B2D6B2D55
:10FBF00073AE9CD3738E6B2D6B2DDF1BFFFFFFFF4E
:10FC0000FFFFFFFFFFFFFFFFFFFFFFFFFFFF7BEF98
:10FC10006B2D6B2D6B2D6B2D6B2D6B2D6B2D6B2D24
:10FC20006B2D6B2D6B2D6B2D738E7BCF6B2D6B2DF9
:10FC30006B2D6B2D6B2D6B2D6B2D6B2D6B2D6B2D04
:10FC40006B2D6B2D6B2D6B2D6B2D6B2D6B2D6B2DF4
:10FC50006B2D6B2D6B2D6B2D6B2D6B2D6B2D6B2DE4
:10FC60006B2D6B2D6B2D6B2D6B2D6B2D6B2D6B2DD4
:10FC70006B2D6B2D6B2D6B2D6B2D6B2D6B2D6B2DC4
:10FC80006B2D6B2D630C5AEB5AAB52AA528A4A6900
:10FC90004A694A494A494A694A69528A52AA5AAB48
:10FCA0005AEB630C6B2D6B2D6B2D6B2D6B2D6B2D10
:10FCB0006B2D6B2D6B2D6B2D6B2D6B2D6B2D6B2D84
:10FCC0006B2D6B2D6B2D6B2D6B2D6B2D6B2D6B2D74
:10FCD0006B2D6B2D6B2D6B2D6B2D6B2D6B2D6B2D64
:10FCE0006B2D6B2D6B2D6B2D6B2D6B2D6B2D6B2D54
:10FCF0008410FFFFFFFFFFFFD6BA6B2D6B2D6B2D1E
:10FD00006B2D6B2D6B2D6B2D6B2D6B2D6B2D6B2D33
:10FD10006B2D6B2D6B2D6B2D6B2D6B2D6B2D6B2D23
:10FD20006B2D6B2D6B2D6B2D6B2D6B2D6B2D6B2D13
:10FD30006B2D6B2D6B2D6B2D6B2D6B2D6B2D6B2D03
:10FD40006B2D6B2D6B2D6B2D6B2D6B2D6B2D6B2DF3
:10FD50006B2D6B2D6B2D6B2D6B2D6B2D6B2D6B2DE3
:10FD60006B2D6B2D6B2D6B2D6B2D6B2D6B2D6B2DD3
:10FD70006B2D6B2D6B2D2104000000000000000096
:10FD80000000000000000000000000000000000073
:10FD90000020630C6B2D6B2D6B2D6B2D6B2D6B2D44
:10FDA0006B2D6B2D6B2D6B2D6B2D6B2D6B2D6B2D93
:10FDB0006B2D6B2D6B2D6B2D6B2D6B2D6B2D6B2D83
:10FDC0006B2D6B2D6B2D6B2D6B2D6B2D6B2D843057
:10FDD000F7BEFFFFE73C6B4D6B2D9492EF5DF7BED6
:10FDE000F7DEFFFFFFFFFFFFF7BEEF9DBDD76B2DD7
:10FDF0006B2D6B2D6B2D6B2D6B2D6B2D6B2D6B2D43
:10FE00006B2D6B2D6B4DAD55F7BEF7BEB5966B6D7B
:10FE10006B2D6B2D6B2D6B2D6B2D6B2D6B2D6B2D22
:10FE20006B2D6B2D6B2D6B2D6B2D6B2D6B2D6B2D12
:10FE30006B2D6B2D6B2D6B2D6B2D6B2D6B2D6B2D02
:10FE40006B2D6B2D6B2D6B2D6B2D6B2D6B2D6B2DF2
:10FE50006B2D6B2D6B2D6B2D6B2D6B2D632C5ACB5E
:10FE6000528A4A694A494A494A494A494A494A4991
:10FE70004A494A494A494A494A494A494A494A49EA
:10FE80004A494A494A6952AA5ACB632C6B2D6B2DB9
:10FE90006B2D6B2D6B2D6B2D6B2D6B2D6B2D6B2DA2
:10FEA0006B2D6B2D6B2D6B2D6B2D6B2D6B2D6B2D92
:10FEB0006B2D6B2D6B2D6B2D6B2D6B2D6B2D6B2D82
:10FEC0006B2D6B2D6B2D6B2D6B2D6B2D6B2D6B2D72
:10FED0008410FFFFFFFFFFFFF7BEDF1BDF1BDF1BF1
:10FEE000D6DACE79B5B68C716B2D6B2D6B2D6B2D53
:10FEF0006B2D6B2DC638DF1BDF1BDF1BDF1BDF1BF2
:10FF0000DF1BDF1BDEDBCE99B5967BEF6B2D6B2DF8
:10FF10006B2D6B2D6B2D8C71DF1BDF1BDF1BDF1B34
:10FF2000DF1BDF1BD6DAC638AD556B6D6B2D6B2D25
:10FF30006B2D6B2D6B2D6B2D6B2D6B2D6B2D6B2D01
:10FF40006B2D6B2D6B2D6B2D6B2D6B2D6B2D6B2DF1
:10FF50006B2D6B2D630C00200000000000000000E2
:10FF60000000000000000000000000000000000091
:10FF7000000042086B2D6B2D6B2D6B2D6B2D6B2DA7
:10FF80006B2D6B2D6B2D6B2D6B2D6B2D6B2D6B2DB1
:10FF90006B2D6B2D6B2D6B2D6B2D6B2D6B2D6B2DA1
:10FFA0006B2D6B2D6B2D6B2D6B2D6B2D8C51F7BE2F
:10FFB000FFFFFFFFFFFF6B6D6B2D6B2D6B2D6B2D0F
:10FFC000B596FFFFFFFFE73C6B2D6B2D6B2D6B2D67
:10FFD0006B2D6B2D6B2D6B2D6B2D6B2D6B2D6B2D61
:10FFE0006B2D9492E73CFFFFFFFFFFFFFFFFEF5DEC
:10FFF0009CD36B2D6B2D6B2D6B2D6B2D6B2D6B2D6A
:020000041002E8
:100000006B2D6B2D6B2D6B2D6B2D6B2D6B2D6B2D30
:100010006B2D6B2D6B2D6B2D6B2D6B2D6B2D6B2D20
:100020006B2D6B2D6B2D6B2D6B2D6B2D6B2D6B2D10
:100030006B2D6B2D6B2D632C5AEB528A4A494A4922
:100040004A494A494A6952AA5ACB5AEB630C630C93
:10005000632C632C632C632C630C630C5AEB5ACB1C
:1000600052AA4A694A494A494A494A49528A5AEB74
:10007000632C6B2D6B2D6B2D6B2D6B2D6B2D6B2DC9
:100080006B2D6B2D6B2D6B2D6B2D6B2D6B2D6B2DB0
:100090006B2D6B2D6B2D6B2D6B2D6B2D6B2D6B2DA0
:1000A0006B2D6B2D6B2D6B2D6B2D6B2D6B2D6B2D90
:1000B0008410FFFFFFFFFFFFFFFFFFFFFFFFFFFFBA
:1000C000FFFFFFFFFFFFFFFFD6DA73AE6B2D6B2D37
:1000D0006B2D6B2DDEFBFFFFFFFFFFFFFFFFFFFF21
:1000E000FFFFFFFFFFFFFFFFFFFFFFFFB5D66B4DD9
:1000F0006B2D6B2D6B2D94D2FFFFFFFFFFFFFFFFDA
:10010000FFFFFFFFFFFFFFFFFFFFDEDB6B4D6B2DF0
:100110006B2D6B2D6B2D6B2D6B2D6B2D6B2D6B2D1F
:100120006B2D6B2D6B2D6B2D6B2D6B2D6B2D6B2D0F
:100130006B2D6B2D42080000000000000000000045
:1001400000000000000000000000000000000000AF
:10015000000018C36B2D6B2D6B2D6B2D6B2D6B2D34
:100160006B2D6B2D6B2D6B2D6B2D6B2D6B2D6B2DCF
:100170006B2D6B2D6B2D6B2D6B2D6B2D6B2D6B2DBF
:100180006B2D6B2D6B2D6B2D6B2D8C51F7BEFFFFE7
:10019000FFFFFFFFB5D66B2D6B2D6B2D6B2D6B2DE0
:1001A000B596FFFFFFFFE73C6B2D6B2D6B2D6B2D85
:1001B0006B2D6B2D6B2D6B2D6B2D6B2D6B2D7BEFAD
:1001C000D69AFFFFFFFFFFFFFFFFFFFFFFFFFFFFCD
:1001D000FFFFD6DA84106B2D6B2D6B2D6B2D6B2DE5
:1001E0006B2D6B2D6B2D6B2D6B2D6B2D6B2D6B2D4F
:1001F0006B2D6B2D6B2D6B2D6B2D6B2D6B2D6B2D3F
:100200006B2D6B2D6B2D6B2D6B2D6B2D6B2D6B2D2E
:100210006B2D632C5ACB4A694A494A494A6952AA0A
:100220005AEB632C6B2D6B2D6B2D6B2D6B2D6B2D6A
:100230006B2D6B2D6B2D6B2D6B2D6B2D6B2D6B2DFE
:100240006B2D6B2D632C5AEB52AA4A694A494A49D5
:100250004A695ACB632C6B2D6B2D6B2D6B2D6B2D3F
:100260006B2D6B2D6B2D6B2D6B2D6B2D6B2D6B2DCE
:100270006B2D6B2D6B2D6B2D6B2D6B2D6B2D6B2DBE
:100280006B2D6B2D6B2D6B2D6B2D6B2D6B2D6B2DAE
:100290008410FFFFFFFFFFFFFFFFFFFFFFFFFFFFD8
:1002A000FFFFFFFFFFFFFFFFFFFFE73C6B6D6B2DC5
:1002B0006B2D6B2DDEFBFFFFFFFFFFFFFFFFFFFF3F
:1002C000FFFFFFFFFFFFFFFFFFFFFFFFFFFFAD553A
:1002D0006B2D6B2D6B2D94D2FFFFFFFFFFFFFFFFF8
:1002E000FFFFFFFFFFFFFFFFFFFFFFFF84106B2DEE
:1002F0006B2D6B2D6B2D6B2D6B2D6B2D6B2D6B2D3E
:100300006B2D6B2D6B2D6B2D6B2D6B2D6B2D6B2D2D
:100310006B2D6B2D18C300000000000000000000D2
:1003200000000000000000000000000000000000CD
:100330000000000052AA6B2D6B2D6B2D6B2D6B2DC9
:100340006B2D6B2D6B2D6B2D6B2D6B2D6B2D6B2DED
:100350006B2D6B2D6B2D6B2D6B2D6B2D6B2D6B2DDD
:100360006B2D6B2D6B2D6B2D6B4DEF9DFFFFFFFFED
:10037000FFFFBDF76B4D6B2D6B2D6B2D6B2D6B2D1B
:10038000B596FFFFFFFFE73C6B2D6B2D6B2D6B2DA3
:100390006B2D6B2D6B2D6B2D6B2D738EBDD7FFDFF2
:1003A000FFFFFFFFFFFFFFFFFFFFEF9DFFFFFFFFCF
:1003B000FFFFFFFFF7DE7BEF6B2D6B2D6B2D6B2DA2
:1003C0006B2D6B2D6B2D6B2D6B2D6B2D6B2D6B2D6D
:1003D0006B2D6B2D6B2D6B2D6B2D6B2D6B2D6B2D5D
:1003E0006B2D6B2D6B2D6B2D6B2D6B2D6B2D6B2D4D
:1003F0005ACB4A694A494A49528A5ACB632C6B2DD7
:100400006B2D6B2D6B2D6B2D6B2D6B2D6B2D6B2D2C
:100410006B2D6B2D6B2D6B2D6B2D6B2D6B2D6B2D1C
:100420006B2D6B2D6B2D6B2D6B2D632C5ACB528A44
:100430004A494A494A695ACB6B2D6B2D6B2D6B2D5E
:100440006B2D6B2D6B2D6B2D6B2D6B2D6B2D6B2DEC
:100450006B2D6B2D6B2D6B2D6B2D6B2D6B2D6B2DDC
:100460006B2D6B2D6B2D6B2D6B2D6B2D6B2D6B2DCC
:100470008410FFFFFFFFFFFFE73CA534A534AD75F7
:10048000BDF7E71CFFFFFFFFFFFFFFFFBDF76B2D71
:100490006B2D6B2D843094929492949294929492BA
:1004A00094929CD3AD75E75CFFFFFFFFFFFFEF9DCC
:1004B0006B4D6B2D6B2D94D2FFFFFFFFFFFFC61816
:1004C000738E73AECE59FFFFFFFFFFFF94B26B2D0B
:1004D0006B2D6B2D6B2D6B2D6B2D6B2D6B2D6B2D5C
:1004E0006B2D6B2D6B2D6B2D6B2D6B2D6B2D6B2D4C
:1004F0006B2D52AA00000000000000000000000068
:1005000000000000000000000000000000000000EB
:100510000000000031666B2D6B2D6B2D6B2D6B2D4C
:100520006B2D6B2D6B2D6B2D6B2D6B2D6B2D6B2D0B
:100530006B2D6B2D6B2D6B2D6B2D6B2D6B2D6B2DFB
:100540006B2D6B2D6B2D6B2D6B6DFFFFFFFFFFFF79
:10055000BDF76B4D6B2D8C51BDF7CE59CE59CE5991
:10056000E73CFFFFFFFFF7BECE59CE59CE59C65824
:10057000A5346B4D6B2D6B4DA514EF9DFFFFFFFF59
:10058000FFFFFFFFFFFFFFFFE73C6B6DA514EF9D33
:10059000FFFFFFFFFFFF94B26B2D6B2D6B2D6B2DBB
:1005A0006B2D6B2D6B2D6B2D6B2D6B2D6B2D6B2D8B
:1005B0006B2D6B2D6B2D6B2D6B2D6B2D6B2D6B2D7B
:1005C0006B2D6B2D6B2D6B2D6B2D6B2D630C528A50
:1005D0004A494A49528A5AEB6B2D6B2D6B2D6B2D74
:1005E0006B2D6B2D6B2D6B2D6B2D6B2D6B2D6B2D4B
:1005F0006B2D6B2D6B2D6B2D6B2D6B2D6B2D6B2D3B
:100600006B2D6B2D6B2D6B2D6B2D6B2D6B2D6B2D2A
:10061000630C528A4A494A494A6962EC6B2D6B2D38
:100620006B2D6B2D6B2D6B2D6B2D6B2D6B2D6B2D0A
:100630006B2D6B2D6B2D6B2D6B2D6B2D6B2D6B2DFA
:100640006B2D6B2D6B2D6B2D6B2D6B2D6B2D6B2DEA
:100650008410FFFFFFFFFFFFD6BA6B2D6B2D6B2DB4
:100660006B2D6B4DB5B6FFFFFFFFFFFFF7DE738EFF
:100670006B2D6B2D6B2D6B2D6B2D6B2D6B2D6B2DBA
:100680006B2D6B2D6B2D73AEF7DEFFFFFFFFFFFFB2
:100690007BEF6B2D6B2D94D2FFFFFFFFFFFFBDF7AC
:1006A0006B2D6B2D9CF3FFFFFFFFFFFF9CF36B2D6A
:1006B0006B2D6B2D6B2D6B2D6B2D6B2D6B2D6B2D7A
:1006C0006B2D6B2D6B2D6B2D6B2D6B2D6B2D6B2D6A
:1006D0006B2D2965000000000000000000000000F4
:1006E000000000000000000000000000000000000A
:1006F000000000000841632C6B2D6B2D6B2D6B2DC2
:100700006B2D6B2D6B2D6B2D6B2D6B2D6B2D6B2D29
:100710006B2D6B2D6B2D6B2D6B2D6B2D6B2D6B2D19
:100720006B2D6B2D6B2D6B2D6B2DA514DEDBAD753D
:100730006B4D6B2D9D13FFFFFFFFFFFFFFFFFFFFC3
:10074000FFFFFFFFFFFFFFFFFFFFFFFFFFFFFFFFB9
:10075000FFFFD69A8C71DF1BFFFFFFFFFFFFFFFF3C
:10076000FFFFFFFFFFFFFFFF94926B2D6B2D738E3A
:10077000BDD7EF9DD69A6B6D6B2D6B2D6B2D6B2DB1
:100780006B2D6B2D6B2D6B2D6B2D6B2D6B2D6B2DA9
:100790006B2D6B2D6B2D6B2D6B2D6B2D6B2D6B2D99
:1007A0006B2D6B2D6B2D6B2D632C52AA4A494A4938
:1007B0004A6962EC6B2D6B2D6B2D6B2D6B2D6B2DA8
:1007C0006B2D6B2D6B2D6B2D6B2D6B2D6B2D6B2D69
:1007D0006B2D6B2D6B2D6B2D6B2D6B2D6B2D6B2D59
:1007E0006B2D6B2D6B2D6B2D6B2D6B2D6B2D6B2D49
:1007F0006B2D6B2D62EC4A694A494A4952AA632C17
:100800006B2D6B2D6B2D6B2D6B2D6B2D6B2D6B2D28
:100810006B2D6B2D6B2D6B2D6B2D6B2D6B2D6B2D18
:100820006B2D6B2D6B2D6B2D6B2D6B2D6B2D6B2D08
:100830008410FFFFFFFFFFFFD6BA6B2D6B2D6B2DD2
:100840006B2D6B2D6B4DEF7DFFFFFFFFFFFF94B214
:100850006B2D6B2D6B2D6B2D6B2D6B2D6B2D6B2DD8
:100860006B2D6B2D6B2D6B2DDF1BFFFFFFFFFFFF34
:100870008C716B2D6B2D94D2FFFFFFFFFFFFBDF737
:100880006B2D6B2D9CF3FFFFFFFFFFFF9CF36B2D88
:100890006B2D6B2D6B2D6B2D6B2D6B2D6B2D6B2D98
:1008A0006B2D6B2D6B2D6B2D6B2D6B2D6B2D6B2D88
:1008B000632C084100000000000000000000000060
:1008C0000000000000000000000000000000000028
:1008D00000000000000042286B2D6B2D6B2D6B2D4E
:1008E0006B2D6B2D6B2D6B2D6B2D6B2D6B2D6B2D48
:1008F0006B2D6B2D6B2D6B2D6B2D6B2D6B2D6B2D38
:100900006B2D6B2D6B2D6B2D6B2D6B2D6B2D6B2D27
:100910006B2D6B4DF7BEFFFFFFFFFFFFFFFFFFFFDC
:10092000FFFFFFFFFFFFFFFFFFFFFFFFFFFFFFFFD7
:10093000FFFFFFFFFFFFFFFFFFFFFFFFFFFFF7BE10
:10094000FFFFFFFFFFFFD69A6B2D6B2D6B2D6B2DDD
:100950006B2D6B2D6B2D6B2D6B2D6B2D6B2D6B2DD7
:100960006B2D6B2D6B2D6B2D6B2D6B2D6B2D6B2DC7
:100970006B2D6B2D6B2D6B2D6B2D6B2D6B2D6B2DB7
:100980006B2D6B2D6B2D630C528A4A494A695ACBE9
:10099000632C6B2D6B2D6B2D6B2D6B2D6B2D6B2DA0
:1009A0006B2D6B2D6B2D6B2D6B2D6B2D6B2D6B2D87
:1009B0006B2D6B2D6B2D6B2D6B2D6B2D6B2D6B2D77
:1009C0006B2D6B2D6B2D6B2D6B2D6B2D6B2D6B2D67
:1009D0006B2D6B2D6B2D632C5ACB4A694A49528A79
:1009E000630C6B2D6B2D6B2D6B2D6B2D6B2D6B2D70
:1009F0006B2D6B2D6B2D6B2D6B2D6B2D6B2D6B2D37
:100A00006B2D6B2D6B2D6B2D6B2D6B2D6B2D6B2D26
:100A10008410FFFFFFFFFFFFD6BA6B2D6B2D6B2DF0
:100A20006B2D6B2D6B2DD69AFFFFFFFFFFFFAD7572
:100A30006B2D6B2D6B4DA514D69AEF7DF7BEFFFF86
:100A4000FFFFFFFFFFFFFFFFFFFFFFFFFFFFFFFFB6
:100A500094926B2D6B2D94D2FFFFFFFFFFFFBDF72C
:100A60006B2D6B2D7BEFA534A534A5347BEF6B2D5F
:100A70006B2D6B2D6B2D6B2D6B2D6B2D6B2D6B2DB6
:100A80006B2D6B2D6B2D6B2D6B2D6B2D6B2D6B2DA6
:100A900042280000000000000000000000000000EC
:100AA0000000000000000000000000000000000046
:100AB00000000000000018A36B2D6B2D6B2D6B2D1B
:100AC0006B2D6B2D6B2D6B2D6B2D6B2D6B2D6B2D66
:100AD0006B2D6B2D6B2D6B2D6B2D6B2D6B2D6B2D56
:100AE0006B2D6B2D6B2D6B2D6B2D6B2D6B2D6B2D46
:100AF0006B2D8430FFFFFFFFFFFFD69ACE59CE59F2
:100B0000CE59CE59CE59CE59CE59CE59CE59CE59AD
:100B1000E73CFFFFFFFFFFFFFFFFEF9DA534DEDB9C
:100B2000FFFFFFFFFFDF7BEF6B2D6B2D6B2D6B2D21
:100B30006B2D6B2D6B2D6B2D6B2D6B2D6B2D6B2DF5
:100B40006B2D6B2D6B2D6B2D6B2D6B2D6B2D6B2DE5
:100B50006B2D6B2D6B2D6B2D6B2D6B2D6B2D6B2DD5
:100B60006B2D6B2D62EC4A694A494A69630C6B2D07
:100B70006B2D6B2D6B2D6B2D6B2D6B2D6B2D6B2DB5
:100B80006B2D6B2D6B2D6B2D6B2D6B2D6B2D6B2DA5
:100B90006B2D6B2D6B2D6B2D6B2D6B2D6B2D6B2D95
:100BA0006B2D6B2D6B2D6B2D6B2D6B2D6B2D6B2D85
:100BB0006B2D6B2D6B2D6B2D6B2D630C4A694A4988
:100BC0004A6962EC6B2D6B2D6B2D6B2D6B2D6B2D94
:100BD0006B2D6B2D6B2D6B2D6B2D6B2D6B2D6B2D55
:100BE0006B2D6B2D6B2D6B2D6B2D6B2D6B2D6B2D45
:100BF0008410FFFFFFFFFFFFD6BA6B2D6B2D6B2D0F
:100C00006B2D6B2D6B2DC618FFFFFFFFFFFFB596F9
:100C10006B2D6B4DD6BAFFFFFFFFFFFFFFFFFFFFFE
:100C2000FFFFFFFFFFFFFFFFFFFFFFFFFFFFFFFFD4
:100C300094926B2D6B2D94D2FFFFFFFFFFFFBDF74A
:100C40006B2D6B2D6B2D6B2D6B2D6B2D6B2D6B2DE4
:100C50006B2D6B2D6B2D6B2D6B2D6B2D6B2D6B2DD4
:100C60006B2D6B2D6B2D6B2D6B2D6B2D6B2D6B2DC4
:100C700018A30000000000000000000000000000B9
:100C80000000000000000000000000000000000064
:100C90000000000000000000528A6B2D6B2D6B2DB0
:100CA0006B2D6B2D6B2D6B2D6B2D6B2D6B2D6B2D84
:100CB0006B2D6B2D6B2D6B2D6B2D6B2D6B2D6B2D74
:100CC0006B2D6B2D6B2D6B2D6B2D6B2D6B2D6B2D64
:100CD0006B2D8C51FFFFFFFFFFFF7BCF6B2D6B2D2B
:100CE0006B2D6B2D6B2D6B2D6B2D6B2D6B2D6B2D44
:100CF0007BEFF7DEFFFFFFDFBDD7738E9CD3FFFFD7
:100D0000FFFFFFFFBDD76B2D6B2D6B2D6B2D6B2D5B
:100D10006B2D84306B4D6B2D6B2D6B2D6B2D6B2DD7
:100D20006B2D6B2D6B2D6B2D6B2D6B2D6B2D6B2D03
:100D30006B2D6B2D6B2D6B2D6B2D6B2D6B2D6B2DF3
:100D40006B2D5AEB4A694A4952AA632C6B2D6B2DC5
:100D50006B2D6B2D6B2D6B2D6B2D6B2D6B2D6B2DD3
:100D60006B2D6B2D6B2D6B2D6B2D6B2D6B2D6B2DC3
:100D70006B2D6B2D6B2D6B2D6B2D6B2D6B2D6B2DB3
:100D80006B2D6B2D6B2D6B2D6B2D6B2D6B2D6B2DA3
:100D90006B2D6B2D6B2D6B2D6B2D6B2D632C52AA38
:100DA0004A494A695AEB6B2D6B2D6B2D6B2D6B2DC0
:100DB0006B2D6B2D6B2D6B2D6B2D6B2D6B2D6B2D73
:100DC0006B2D6B2D6B2D6B2D6B2D6B2D6B2D6B2D63
:100DD0008410FFFFFFFFFFFFD6BA6B2D6B2D6B2D2D
:100DE0006B2D6B2D6B2DCE59FFFFFFFFFFFFAD5518
:100DF0006B2D9D13FFFFFFFFFFFFFFFFFFFFFFDFD7
:100E0000F7BEF7BEF7BEF7BEFFDFFFFFFFFFFFFF36
:100E100094926B2D6B2D94D2FFFFFFFFFFFFBDF768
:100E20006B2D6B2D6B2D6B2D6B2D6B2D6B2D6B2D02
:100E30006B2D6B2D6B2D6B2D6B2D6B2D6B2D6B2DF2
:100E40006B2D6B2D6B2D6B2D6B2D6B2D6B2D4A69C7
:100E50000000000000000000000000000000000092
:100E60000000000000000000000000000000000082
:100E7000000000000000000021046B2D6B2D6B2D85
:100E80006B2D6B2D6B2D6B2D6B2D6B2D6B2D6B2DA2
:100E90006B2D6B2D6B2D6B2D6B2D6B2D6B2D6B2D92
:100EA0006B2D6B2D6B2D6B2D6B2D6B2D6B2D6B2D82
:100EB0006B2D8C51FFFFFFFFFFFF7BCF6B2D6B2D49
:100EC0006B2D6B2D6B2D6B2D6B2D6B2D6B2D6B2D62
:100ED0006B2DAD75D6BA84106B2D6B6DEF5DFFFF7A
:100EE000FFFFEF9D738E6B2D6B2D6B2D6B2D6B2D7F
:100EF0007BEFF7BEAD756B2D6B2D6B2D6B2D6B2DB9
:100F00006B2D6B2D6B2D6B2D6B2D6B2D6B2D6B2D21
:100F10006B2D6B2D6B2D6B2D6B2D6B2D6B2D6B2D11
:100F20005ACB4A494A495AAB6B2D6B2D6B2D6B2D11
:100F30006B2D6B2D6B2D6B2D6B2D6B2D6B2D6B2DF1
:100F40006B2D6B2D6B2D6B2D6B2D6B2D6B2D6B2DE1
:100F50006B2D6B2D6B2D6B2D6B2D6B2D6B2D6B2DD1
:100F60006B2D6B2D6B2D6B2D6B2D6B2D6B2D6B2DC1
:100F70006B2D6B2D6B2D6B2D6B2D6B2D6B2D6B2DB1
:100F80005AAB4A494A495ACB6B2D6B2D6B2D6B2DB1
:100F90006B2D6B2D6B2D6B2D6B2D6B2D6B2D6B2D91
:100FA0006B2D6B2D6B2D6B2D6B2D6B2D6B2D6B2D81
:100FB0008410FFFFFFFFFFFFD6BA6B2D6B2D6B2D4B
:100FC0006B2D6B2D6B2DDF1BFFFFFFFFFFFF94B21F
:100FD0006B2DCE59FFFFFFFFFFFFCE7973AE6B2D58
:100FE0006B2D6B2D6B2D6B2DD6BAFFFFFFFFFFFF17
:100FF00094926B2D6B2D94D2FFFFFFFFFFFFBDF787
:101000006B2D6B2D6B2D6B2D6B2D6B2D6B2D6B2D20
:101010006B2D6B2D6B2D6B2D6B2D6B2D6B2D6B2D10
:101020006B2D6B2D6B2D6B2D6B2D6B2D6B2D20E494
:1010300000000000000000000000000000000000B0
:1010400000000000000000000000000000000000A0
:101050000000000000000000000052AA6B2D6B2D64
:101060006B2D6B2D6B2D6B2D6B2D6B2D6B2D6B2DC0
:101070006B2D6B2D6B2D6B2D6B2D6B2D6B2D6B2DB0
:101080006B2D6B2D6B2D6B2D6B2D6B2D6B2D6B2DA0
:101090006B2D8C51FFFFFFFFFFFF7BCF6B2D6B2D67
:1010A0006B2D6B2D6B2D6B2D6B2D6B2D6B2D6B2D80
:1010B0006B2D6B4D6B2D6B2D6B2DAD75FFFFFFFFFA
:1010C000FFFFA5146B2D6B2D6B2D6B2D6B2D6B6D99
:1010D000E75CFFFFFFFF94926B2D6B2D6B2D6B2D4B
:1010E0006B2D6B2D6B2D6B2D6B2D6B2D6B2D6B2D40
:1010F0006B2D6B2D6B2D6B2D6B2D6B2D6B2D5AEB83
:101100004A494A495ACB6B2D6B2D6B2D6B2D6B2D9C
:101110006B2D6B2D6B2D6B2D6B2D6B2D6B2D6B2D0F
:101120006B2D6B2D6B2D6B2D6B2D6B2D6B2D6B2DFF
:101130006B2D6B2D6B2D6B2D6B2D6B2D6B2D6B2DEF
:101140006B2D6B2D6B2D6B2D6B2D6B2D6B2D6B2DDF
:101150006B2D6B2D6B2D6B2D6B2D6B2D6B2D6B2DCF
:101160006B2D5ACB4A494A495AEB6B2D6B2D6B2D8F
:101170006B2D6B2D6B2D6B2D6B2D6B2D6B2D6B2DAF
:101180006B2D6B2D6B2D6B2D6B2D6B2D6B2D6B2D9F
:101190008410FFFFFFFFFFFFD6BA6B2D6B2D6B2D69
:1011A0006B2D6B2D8C51FFFFFFFFFFFFFFDF738E59
:1011B0006B2DD6BAFFFFFFFFFFFF94B26B2D6B2D97
:1011C0006B2D6B2D6B2D6B2DD6BAFFFFFFFFFFFF35
:1011D00094926B2D6B2D94D2FFFFFFFFFFFFBDF7A5
:1011E0006B2D6B2D6B2D6B2D6B2D6B2D6B2D6B2D3F
:1011F0006B2D6B2D6B2D6B2D6B2D6B2D6B2D6B2D2F
:101200006B2D6B2D6B2D6B2D6B2D6B2D5AAB000049
:1012100000000000000000000000000000000000CE
:1012200000000000000000000000000000000000BE
:101230000000000000000000000029456B2D6B2D10
:101240006B2D6B2D6B2D6B2D6B2D6B2D6B2D6B2DDE
:101250006B2D6B2D6B2D6B2D6B2D6B2D6B2D6B2DCE
:101260006B2D6B2D6B2D6B2D6B2D6B2D6B2D6B2DBE
:101270006B2D8C51FFFFFFFFFFFF7BCF6B2D6B2D85
:101280006B2D6B2D6B2D6B2D6B2D6B2D6B2D6B2D9E
:101290006B2D6B2D6B2D6B2D73AEF7BEFFFFFFFF1C
:1012A000DF1B6B4D6B2D6B2D6B2D6B2D6B2DB5D609
:1012B000FFFFFFFFFFFFEF7D6B6D6B2D6B2D6B2D28
:1012C0006B2D6B2D6B2D6B2D6B2D6B2D6B2D6B2D5E
:1012D0006B2D6B2D6B2D6B2D6B2D6B2D62EC4A697D
:1012E0004A495ACB6B2D6B2D6B2D6B2D6B2D6B2DB6
:1012F0006B2D6B2D6B2D6B2D6B2D6B2D6B2D6B2D2E
:101300006B2D6B2D6B2D6B2D6B2D6B2D6B2D6B2D1D
:101310006B2D6B2D6B2D6B2D6B2D6B2D6B2D6B2D0D
:101320006B2D6B2D6B2D6B2D6B2D6B2D6B2D6B2DFD
:101330006B2D6B2D6B2D6B2D6B2D6B2D6B2D6B2DED
:101340006B2D6B2D5ACB4A494A6962EC6B2D6B2D84
:101350006B2D6B2D6B2D6B2D6B2D6B2D6B2D6B2DCD
:101360006B2D6B2D6B2D6B2D6B2D6B2D6B2D6B2DBD
:101370008410FFFFFFFFFFFFDEFB843084308430EA
:1013800094B2B5B6F7BEFFFFFFFFFFFFC6386B2D67
:101390006B2DCE99FFFFFFFFFFFFBE17738E6B2DE6
:1013A0006B2D6B2D6B2D6B2DD6BAFFFFFFFFFFFF53
:1013B00094926B2D6B2D94D2FFFFFFFFFFFFBDF7C3
:1013C0006B2D6B2D6B2D6B2D6B2D6B2D6B2D6B2D5D
:1013D0006B2D6B2D6B2D6B2D6B2D6B2D6B2D6B2D4D
:1013E0006B2D6B2D6B2D6B2D6B2D6B2D29450000FF
:1013F00000000000000000000000000000000000ED
:1014000000000000000000000000000000000000DC
:101410000000000000000000000000205AEB6B2DCF
:101420006B2D6B2D6B2D6B2D6B2D6B2D6B2D6B2DFC
:101430006B2D6B2D6B2D6B2D6B2D6B2D6B2D6B2DEC
:101440006B2D6B2D6B2D6B2D6B2D6B2D6B2D6B2DDC
:101450006B2D8C51FFFFFFFFFFFF9CF39492949242
:10146000949294929492949294929492949294924C
:101470009492949294929492CE79FFFFFFFFFFFF93
:101480008C716B2D6B2D6B2D6B2D6B2D7BEFFFDF1F
:10149000FFFFFFFFFFFFFFFFAD756B2D6B2D6B2D6A
:1014A0006B2D6B2D6B2D6B2D6B2D6B2D6B2D6B2D7C
:1014B0006B2D6B2D6B2D6B2D6B2D630C4A694A497F
:1014C0005AAB6B2D6B2D6B2D6B2D6B2D6B2D6B2DEF
:1014D0006B2D6B2D6B2D6B2D6B2D6B2D6B2D6B2D4C
:1014E0006B2D6B2D6B2D6B2D6B2D6B2D6B2D6B2D3C
:1014F0006B2D6B2D6B2D6B2D6B2D6B2D6B2D6B2D2C
:101500006B2D6B2D6B2D6B2D6B2D6B2D6B2D6B2D1B
:101510006B2D6B2D6B2D6B2D6B2D6B2D6B2D6B2D0B
:101520006B2D6B2D6B2D5AAB4A494A69630C6B2DA1
:101530006B2D6B2D6B2D6B2D6B2D6B2D6B2D6B2DEB
:101540006B2D6B2D6B2D6B2D6B2D6B2D6B2D6B2DDB
:101550008410FFFFFFFFFFFFFFFFFFFFFFFFFFFF05
:10156000FFFFFFFFFFFFFFFFFFFFEF7D73AE6B2D60
:101570006B2DAD55FFFFFFFFFFFFFFFFFFFFFFFFDD
:10158000FFFFFFFFFFFFFFFFFFFFFFFFFFFFFFFF6B
:1015900094926B2D6B2D94D2FFFFFFFFFFFFBDF7E1
:1015A0006B2D6B2D6B2D6B2D6B2D6B2D6B2D6B2D7B
:1015B0006B2D6B2D6B2D6B2D6B2D6B2D6B2D6B2D6B
:1015C0006B2D6B2D6B2D6B2D6B2D5ACB00200000DE
:1015D000000000000000000000000000000000000B
:1015E00000000000000000000000000000000000FB
:1015F00000000000000000000000000029656B2DC5
:101600006B2D6B2D6B2D6B2D6B2D6B2D6B2D6B2D1A
:101610006B2D6B2D6B2D6B2D6B2D6B2D6B2D6B2D0A
:101620006B2D6B2D6B2D6B2D6B2D6B2D6B2D6B2DFA
:101630006B2D738EFFFFFFFFFFFFFFFFFFFFFFFF1D
:10164000FFFFFFFFFFFFFFFFFFFFFFFFFFFFFFFFAA
:10165000FFFFFFFFFFFFFFFFFFFFFFFFFFFFCE5971
:101660006B2D6B2D6B2D6B2D6B2D6B2DB596FFFFA1
:10167000FFFFFFFFFFFFFFFFEF5D6B2D6B2D6B2D5E
:101680006B2D6B2D6B2D6B2D6B2D6B2D6B2D6B2D9A
:101690006B2D6B2D6B2D6B2D632C528A4A4952AAF0
:1016A0006B2D6B2D6B2D6B2D6B2D6B2D6B2D6B2D7A
:1016B0006B2D6B2D6B2D6B2D6B2D6B2D6B2D6B2D6A
:1016C0006B2D6B2D6B2D6B2D6B2D6B2D6B2D6B2D5A
:1016D0006B2D6B2D6B2D6B2D6B2D6B2D6B2D6B2D4A
:1016E0006B2D6B2D6B2D6B2D6B2D6B2D6B2D6B2D3A
:1016F0006B2D6B2D6B2D6B2D6B2D6B2D6B2D6B2D2A
:101700006B2D6B2D6B2D6B2D52AA4A49528A632C7F
:101710006B2D6B2D6B2D6B2D6B2D6B2D6B2D6B2D09
:101720006B2D6B2D6B2D6B2D6B2D6B2D6B2D6B2DF9
:101730008410FFFFFFFFFFFFFFFFFFFFFFFFFFFF23
:10174000FFFFFFFFFFFFFFFFE73C7BEF6B2D6B2DE4
:101750006B2D6B6DE73CFFFFFFFFFFFFFFFFFFFF00
:10176000FFFFFFFFFFFFFFFFFFFFFFFFFFFFFFFF89
:1017700094926B2D6B2D94D2FFFFFFFFFFFFBDF7FF
:101780006B2D6B2D6B2D6B2D6B2D6B2D6B2D6B2D99
:101790006B2D6B2D6B2D6B2D6B2D6B2D6B2D6B2D89
:1017A0006B2D6B2D6B2D6B2D6B2D294500000000D3
:1017B0000000000000000000000000000000000029
:1017C0000000000000000000000000000000000019
:1017D00000000000000000000000000000005ACBE4
:1017E0006B2D6B2D6B2D6B2D6B2D6B2D6B2D6B2D39
:1017F0006B2D6B2D6B2D6B2D6B2D6B2D6B2D6B2D29
:101800006B2D6B2D6B2D6B2D6B2D6B2D6B2D6B2D18
:101810006B2D6B2DC638FFFFFFFFFFFFFFFFFFFFA4
:10182000FFFFFFFFFFFFFFFFFFFFFFFFFFFFFFFFC8
:10183000FFFFFFFFFFFFFFFFFFFFFFFFF7BE7BCFB5
:101840006B2D6B2D6B2D6B2D6B2D6B2DC638FFFF0C
:10185000FFFFFFFFFFFFFFFFFFDF6B4D6B2D6B2DCA
:101860006B2D6B2D6B2D6B2D6B2D6B2D6B2D6B2DB8
:101870006B2D6B2D6B2D6B2D52AA4A494A69632C37
:101880006B2D6B2D6B2D6B2D6B2D6B2D6B2D6B2D98
:101890006B2D6B2D6B2D6B2D6B2D6B2D6B2D6B2D88
:1018A0006B2D6B2D6B2D6B2D6B2D6B2D6B2D6B2D78
:1018B0006B2D6B2D6B2D6B2D6B2D6B2D6B2D6B2D68
:1018C0006B2D6B2D6B2D6B2D6B2D6B2D6B2D6B2D58
:1018D0006B2D6B2D6B2D6B2D6B2D6B2D6B2D6B2D48
:1018E0006B2D6B2D6B2D6B2D632C4A694A4952AAC7
:1018F0006B2D6B2D6B2D6B2D6B2D6B2D6B2D6B2D28
:101900006B2D6B2D6B2D6B2D6B2D6B2D6B2D6B2D17
:101910008410FFFFFFFFFFFFFFFFFFFFFFFFFFFF41
:10192000F7DEEF7DCE99A5146B4D6B2D6B2D6B2DD6
:101930006B2D6B2D738EB5D6E73CF7BEFFFFFFFF17
:10194000FFFFFFFFFFFFFFFFFFFFFFFFFFFFFFFFA7
:1019500094926B2D6B2D94D2FFFFFFFFFFFFBDF71D
:101960006B2D6B2D6B2D6B2D6B2D6B2D6B2D6B2DB7
:101970006B2D6B2D6B2D6B2D6B2D6B2D6B2D6B2DA7
:101980006B2D6B2D6B2D6B2D5ACB000000000000D2
:101990000000000000000000000000000000000047
:1019A0000000000000000000000000000000000037
:1019B00000000000000000000000000000002945B9
:1019C0006B2D6B2D6B2D6B2D6B2D6B2D6B2D6B2D57
:1019D0006B2D6B2D6B2D6B2D6B2D6B2D6B2D6B2D47
:1019E0006B2D6B2D6B2D6B2D6B2D6B2D6B2D6B2D37
:1019F0006B2D6B2D6B6DBDF7F7BEFFFFFFFFFFFF7C
:101A0000FFFFFFFFFFFFFFFFFFFFFFFFFFFFFFFFE6
:101A1000FFFFFFFFFFFFFFFFFFFFDEFB84306B2DAB
:101A20006B2D6B2D6B2D6B2D6B2D6B2DA554FFFF2F
:101A3000FFFFFFFFFFFFFFFFDEFB6B2D6B2D6B2D0D
:101A40006B2D6B2D6B2D6B2D6B2D6B2D6B2D6B2DD6
:101A50006B2D6B2D6B2D630C4A494A69630C6B2D02
:101A60006B2D6B2D6B2D6B2D6B2D6B2D6B2D6B2DB6
:101A70006B2D6B2D6B2D6B2D6B2D6B2D6B2D6B2DA6
:101A80006B2D6B2D6B2D6B2D6B2D6B2D6B2D6B2D96
:101A90006B2D6B2D6B2D6B2D6B2D6B2D6B2D6B2D86
:101AA0006B2D6B2D6B2D6B2D6B2D6B2D6B2D6B2D76
:101AB0006B2D6B2D6B2D6B2D6B2D6B2D6B2D6B2D66
:101AC0006B2D6B2D6B2D6B2D6B2D630C4A694A4969
:101AD000630C6B2D6B2D6B2D6B2D6B2D6B2D6B2D6F
:101AE0006B2D6B2D6B2D6B2D6B2D6B2D6B2D6B2D36
:101AF0006B2D6B2D6B2D6B2D6B2D6B2D6B2D6B2D26
:101B00006B2D6B2D6B2D6B2D6B2D6B2D6B2D6B2D15
:101B10006B2D6B2D6B2D6B2D6B2D6B2D6B2D6B2D05
:101B20006B2D6B2D6B2D6B2D6B2D6B2D6B2D6B2DF5
:101B30006B2D6B2D6B2D6B2D6B2D6B2D6B2D6B2DE5
:101B40006B2D6B2D6B2D6B2D6B2D6B2D6B2D6B2DD5
:101B50006B2D6B2D6B2D6B2D6B2D6B2D6B2D6B2DC5
:101B60006B2D6B2D6B2D6B2D2925000000000000C7
:101B70000000000000000000000000000000000065
:101B80000000000000000000000000000000000055
:101B90000000000000000000000000000000000045
:101BA0005ACB6B2D6B2D6B2D6B2D6B2D6B2D6B2DE8
:101BB0006B2D6B2D6B2D6B2D6B2D6B2D6B2D6B2D65
:101BC0006B2D6B2D6B2D6B2D6B2D6B2D6B2D6B2D55
:101BD0006B2D6B2D6B2D6B2D6B2D738E738E738E0A
:101BE000738E738E738E738E738E738E738E738EED
:101BF000738E738E738E738E6B6D6B2D6B2D6B2D41
:101C00006B2D6B2D6B2D6B2D6B2D6B2D6B6DDF1B72
:101C1000FFFFFFFFFFFFF7DE8C516B2D6B2D6B2D50
:101C20006B2D6B2D6B2D6B2D6B2D6B2D6B2D6B2DF4
:101C30006B2D6B2D6B2D528A4A495ACB6B2D6B2D18
:101C40006B2D6B2D6B2D6B2D6B2D6B2D6B2D6B2DD4
:101C50006B2D6B2D6B2D6B2D6B2D6B2D6B2D6B2DC4
:101C60006B2D6B2D6B2D6B2D6B2D6B2D6B2D6B2DB4
:101C70006B2D6B2D6B2D6B2D6B2D6B2D6B2D6B2DA4
:101C80006B2D6B2D6B2D6B2D6B2D6B2D6B2D6B2D94
:101C90006B2D6B2D6B2D6B2D6B2D6B2D6B2D6B2D84
:101CA0006B2D6B2D6B2D6B2D6B2D6B2D5ACB4A49EC
:101CB000528A6B2D6B2D6B2D6B2D6B2D6B2D6B2D20
:101CC0006B2D6B2D6B2D6B2D6B2D6B2D6B2D6B2D54
:101CD0006B2D6B2D6B2D6B2D6B2D6B2D6B2D6B2D44
:101CE0006B2D6B2D6B2D6B2D6B2D6B2D6B2D6B2D34
:101CF0006B2D6B2D6B2D6B2D6B2D6B2D6B2D6B2D24
:101D00006B2D6B2D6B2D6B2D6B2D6B2D6B2D6B2D13
:101D10006B2D6B2D6B2D6B2D6B2D6B2D6B2D6B2D03
:101D20006B2D6B2D6B2D6B2D6B2D6B2D6B2D6B2DF3
:101D30006B2D6B2D6B2D6B2D6B2D6B2D6B2D6B2DE3
:101D40006B2D6B2D6B2D5ACB0000000000000000A6
:101D50000000000000000000000000000000000083
:101D60000000000000000000000000000000000073
:101D70000000000000000000000000000000000063
:101D800021246B2D6B2D6B2D6B2D6B2D6B2D6B2DE6
:101D90006B2D6B2D6B2D6B2D6B2D6B2D6B2D6B2D83
:101DA0006B2D6B2D6B2D6B2D6B2D6B2D6B2D6B2D73
:101DB0006B2D6B2D6B2D6B2D6B2D6B2D6B2D6B2D63
:101DC0006B2D6B2D6B2D6B2D6B2D6B2D6B2D6B2D53
:101DD0006B2D6B2D6B2D6B2D6B2D6B2D6B2D6B2D43
:101DE0006B2D6B2D6B2D6B2D6B2D6B2D6B2D6B6DF3
:101DF000AD75CE79BDF77BEF6B2D6B2D6B2D6B2DFC
:101E00006B2D6B2D6B2D6B2D6B2D6B2D6B2D6B2D12
:101E10006B2D6B2D5ACB4A494A69632C6B2D6B2D68
:101E20006B2D6B2D6B2D6B2D6B2D6B2D6B2D6B2DF2
:101E30006B2D6B2D6B2D6B2D6B2D6B2D6B2D6B2DE2
:101E40006B2D6B2D6B2D6B2D6B2D6B2D6B2D6B2DD2
:101E50006B2D6B2D6B2D6B2D6B2D6B2D6B2D6B2DC2
:101E60006B2D6B2D6B2D6B2D6B2D6B2D6B2D6B2DB2
:101E70006B2D6B2D6B2D6B2D6B2D6B2D6B2D6B2DA2
:101E80006B2D6B2D6B2D6B2D6B2D6B2D632C4A6980
:101E90004A495ACB6B2D6B2D6B2D6B2D6B2D6B2DFA
:101EA0006B2D6B2D6B2D6B2D6B2D6B2D6B2D6B2D72
:101EB0006B2D6B2D6B2D6B2D6B2D6B2D6B2D6B2D62
:101EC0006B2D6B2D6B2D6B2D6B2D6B2D6B2D6B2D52
:101ED0006B2D6B2D6B2D6B2D6B2D6B2D6B2D6B2D42
:101EE0006B2D6B2D6B2D6B2D6B2D6B2D6B2D6B2D32
:101EF0006B2D6B2D6B2D6B2D6B2D6B2D6B2D6B2D22
:101F00006B2D6B2D6B2D6B2D6B2D6B2D6B2D6B2D11
:101F10006B2D6B2D6B2D6B2D6B2D6B2D6B2D6B2D01
:101F20006B2D6B2D6B2D21040000000000000000C4
:101F300000000000000000000000000000000000A1
:101F40000000000000000000000000000000000091
:101F50000000000000000000000000000000000081
:101F600000004A696B2D6B2D6B2D6B2D6B2D6B2D2E
:101F70006B2D6B2D6B2D6B2D6B2D6B2D6B2D6B2DA1
:101F80006B2D6B2D6B2D6B2D6B2D6B2D6B2D6B2D91
:101F90006B2D6B2D6B2D6B2D6B2D6B2D6B2D6B2D81
:101FA0006B2D6B2D6B2D6B2D6B2D6B2D6B2D6B2D71
:101FB0006B2D6B2D6B2D6B2D6B2D6B2D6B2D6B2D61
:101FC0006B2D6B2D6B2D6B2D6B2D6B2D6B2D6B2D51
:101FD0006B2D6B2D6B2D6B2D6B2D6B2D6B2D6B2D41
:101FE0006B2D6B2D6B2D6B2D6B2D6B2D6B2D6B2D31
:101FF0006B2D632C4A694A4962EC6B2D6B2D6B2D5E
:102000006B2D6B2D6B2D6B2D6B2D6B2D6B2D6B2D10
:102010006B2D6B2D6B2D6B2D6B2D6B2D6B2D6B2D00
:102020006B2D6B2D6B2D6B2D6B2D6B2D6B2D6B2DF0
:102030006B2D6B2D6B2D6B2D6B2D6B2D6B2D6B2DE0
:102040006B2D6B2D6B2D6B2D6B2D6B2D6B2D6B2DD0
:102050006B2D6B2D6B2D6B2D6B2D6B2D6B2D6B2DC0
:102060006B2D6B2D6B2D6B2D6B2D6B2D6B2D62ECFA
:102070004A494A69632C6B2D6B2D6B2D6B2D6B2D93
:102080006B2D6B2D6B2D6B2D6B2D6B2D6B2D6B2D90
:102090006B2D6B2D6B2D6B2D6B2D6B2D6B2D6B2D80
:1020A0006B2D6B2D6B2D6B2D6B2D6B2D6B2D6B2D70
:1020B0006B2D6B2D6B2D6B2D6B2D6B2D6B2D6B2D60
:1020C0006B2D6B2D6B2D6B2D6B2D6B2D6B2D6B2D50
:1020D0006B2D6B2D6B2D6B2D6B2D6B2D6B2D6B2D40
:1020E0006B2D6B2D6B2D6B2D6B2D6B2D6B2D6B2D30
:1020F0006B2D6B2D6B2D6B2D6B2D6B2D6B2D6B2D20
:102100006B2D6B2D528A00000000000000000000C3
:1021100000000000000000000000000000000000BF
:1021200000000000000000000000000000000000AF
:10213000000000000000000000000000000000009F
:10214000000010A2632C6B2D6B2D6B2D6B2D6B2D56
:102150006B2D6B2D6B2D6B2D6B2D6B2D6B2D6B2DBF
:102160006B2D6B2D6B2D6B2D6B2D6B2D6B2D6B2DAF
:102170006B2D6B2D6B2D6B2D6B2D6B2D6B2D6B2D9F
:102180006B2D6B2D6B2D6B2D6B2D6B2D6B2D6B2D8F
:102190006B2D6B2D6B2D6B2D6B2D6B2D6B2D6B2D7F
:1021A0006B2D6B2D6B2D6B2D6B2D6B2D6B2D6B2D6F
:1021B0006B2D6B2D6B2D6B2D6B2D6B2D6B2D6B2D5F
:1021C0006B2D6B2D6B2D6B2D6B2D6B2D6B2D6B2D4F
:1021D0006B2D5ACB4A49528A6B2D6B2D6B2D6B2D73
:1021E0006B2D6B2D6B2D6B2D6B2D6B2D6B2D6B2D2F
:1021F0006B2D6B2D6B2D6B2D6B2D6B2D6B2D6B2D1F
:102200006B2D6B2D6B2D6B2D6B2D6B2D6B2D6B2D0E
:102210006B2D6B2D6B2D6B2D6B2D6B2D6B2D6B2DFE
:102220006B2D6B2D6B2D6B2D6B2D6B2D6B2D6B2DEE
:102230006B2D6B2D6B2D6B2D6B2D6B2D6B2D6B2DDE
:102240006B2D6B2D6B2D6B2D6B2D6B2D6B2D6B2DCE
:10225000528A4A495ACB6B2D6B2D6B2D6B2D6B2DF2
:102260006B2D6B2D6B2D6B2D6B2D6B2D6B2D6B2DAE
:102270006B2D6B2D6B2D6B2D6B2D6B2D6B2D6B2D9E
:102280006B2D6B2D6B2D6B2D6B2D6B2D6B2D6B2D8E
:102290006B2D6B2D6B2D6B2D6B2D6B2D6B2D6B2D7E
:1022A0006B2D6B2D6B2D6B2D6B2D6B2D6B2D6B2D6E
:1022B0006B2D6B2D6B2D6B2D6B2D6B2D6B2D6B2D5E
:1022C0006B2D6B2D6B2D6B2D6B2D6B2D6B2D6B2D4E
:1022D0006B2D6B2D6B2D6B2D6B2D6B2D6B2D6B2D3E
:1022E0006B2D632C18A3000000000000000000000C
:1022F00000000000000000000000000000000000DE
:1023000000000000000000000000000000000000CD
:1023100000000000000000000000000000000000BD
:102320000000000042086B2D6B2D6B2D6B2D6B2D6B
:102330006B2D6B2D6B2D6B2D6B2D6B2D6B2D6B2DDD
:102340006B2D6B2D6B2D6B2D6B2D6B2D6B2D6B2DCD
:102350006B2D6B2D6B2D6B2D6B2D6B2D6B2D6B2DBD
:102360006B2D6B2D6B2D6B2D6B2D6B2D6B2D6B2DAD
:102370006B2D6B2D6B2D6B2D6B2D6B2D6B2D6B2D9D
:102380006B2D6B2D6B2D6B2D6B2D6B2D6B2D6B2D8D
:102390006B2D6B2D6B2D6B2D6B2D6B2D6B2D6B2D7D
:1023A0006B2D6B2D6B2D6B2D6B2D6B2D6B2D6B2D6D
:1023B000632C4A694A4962EC6B2D6B2D6B2D6B2D9A
:1023C0006B2D6B2D6B2D6B2D6B2D6B2D6B2D6B2D4D
:1023D0006B2D6B2D6B2D6B2D6B2D6B2D6B2D6B2D3D
:1023E0006B2D6B2D6B2D6B2D6B2D6B2D6B2D6B2D2D
:1023F0006B2D6B2D6B2D6B2D6B2D6B2D6B2D6B2D1D
:102400006B2D6B2D6B2D6B2D6B2D6B2D6B2D6B2D0C
:102410006B2D6B2D6B2D6B2D6B2D6B2D6B2D6B2DFC
:102420006B2D6B2D6B2D6B2D6B2D6B2D6B2D6B2DEC
:1024300062EC4A494A69632C6B2D6B2D6B2D6B2D19
:102440006B2D6B2D6B2D6B2D6B2D6B2D6B2D6B2DCC
:102450006B2D6B2D6B2D6B2D6B2D6B2D6B2D6B2DBC
:102460006B2D6B2D6B2D6B2D6B2D6B2D6B2D6B2DAC
:102470006B2D6B2D6B2D6B2D6B2D6B2D6B2D6B2D9C
:102480006B2D6B2D6B2D6B2D6B2D6B2D6B2D6B2D8C
:102490006B2D6B2D6B2D6B2D6B2D6B2D6B2D6B2D7C
:1024A0006B2D6B2D6B2D6B2D6B2D6B2D6B2D6B2D6C
:1024B0006B2D6B2D6B2D6B2D6B2D6B2D6B2D6B2D5C
:1024C0006B2D41E80000000000000000000000004B
:1024D00000000000000000000000000000000000FC
:1024E00000000000000000000000000000000000EC
:1024F00000000000000000000000000000000000DC
:10250000000000000841630C6B2D6B2D6B2D6B2DB3
:102510006B2D6B2D6B2D6B2D6B2D6B2D6B2D6B2DFB
:102520006B2D6B2D6B2D6B2D6B2D6B2D6B2D6B2DEB
:102530006B2D6B2D6B2D6B2D6B2D6B2D6B2D6B2DDB
:102540006B2D6B2D6B2D6B2D6B2D6B2D6B2D6B2DCB
:102550006B2D6B2D6B2D6B2D6B2D6B2D6B2D6B2DBB
:102560006B2D6B2D6B2D6B2D6B2D6B2D6B2D6B2DAB
:102570006B2D6B2D6B2D6B2D6B2D6B2D6B2D6B2D9B
:102580006B2D6B2D6B2D6B2D6B2D6B2D6B2D6B2D8B
:102590005AEB4A49528A6B2D6B2D6B2D6B2D6B2D8F
:1025A0006B2D6B2D6B2D6B2D6B2D6B2D6B2D6B2D6B
:1025B0006B2D6B2D6B2D6B2D6B2D6B2D6B2D6B2D5B
:1025C0006B2D6B2D6B2D6B2D6B2D6B2D6B2D6B2D4B
:1025D0006B2D6B2D6B2D6B2D6B2D6B2D6B2D6B2D3B
:1025E0006B2D6B2D6B2D6B2D6B2D6B2D6B2D6B2D2B
:1025F0006B2D6B2D6B2D6B2D6B2D6B2D6B2D6B2D1B
:102600006B2D6B2D6B2D6B2D6B2D6B2D6B2D6B2D0A
:102610006B2D528A4A495AEB6B2D6B2D6B2D6B2D0E
:102620006B2D6B2D6B2D6B2D6B2D6B2D6B2D6B2DEA
:102630006B2D6B2D6B2D6B2D6B2D6B2D6B2D6B2DDA
:102640006B2D6B2D6B2D6B2D6B2D6B2D6B2D6B2DCA
:102650006B2D6B2D6B2D6B2D6B2D6B2D6B2D6B2DBA
:102660006B2D6B2D6B2D6B2D6B2D6B2D6B2D6B2DAA
:102670006B2D6B2D6B2D6B2D6B2D6B2D6B2D6B2D9A
:102680006B2D6B2D6B2D6B2D6B2D6B2D6B2D6B2D8A
:102690006B2D6B2D6B2D6B2D6B2D6B2D6B2D6B2D7A
:1026A000630C084100000000000000000000000072
:1026B000000000000000000000000000000000001A
:1026C000000000000000000000000000000000000A
:1026D00000000000000000000000000000000000FA
:1026E00000000000000031666B2D6B2D6B2D6B2DF3
:1026F0006B2D6B2D6B2D6B2D6B2D6B2D6B2D6B2D1A
:102700006B2D6B2D6B2D6B2D6B2D6B2D6B2D6B2D09
:102710006B2D6B2D6B2D6B2D6B2D6B2D6B2D6B2DF9
:102720006B2D6B2D6B2D6B2D6B2D6B2D6B2D6B2DE9
:102730006B2D6B2D6B2D6B2D6B2D6B2D6B2D6B2DD9
:102740006B2D6B2D6B2D6B2D6B2D6B2D6B2D6B2DC9
:102750006B2D6B2D6B2D6B2D6B2D6B2D6B2D6B2DB9
:102760006B2D6B2D6B2D6B2D6B2D6B2D6B2D6B2DA9
:10277000528A4A495ACB6B2D6B2D6B2D6B2D6B2DCD
:102780006B2D6B2D6B2D6B2D6B2D6B2D6B2D6B2D89
:102790006B2D6B2D6B2D6B2D6B2D6B2D6B2D6B2D79
:1027A0006B2D6B2D6B2D6B2D6B2D6B2D6B2D6B2D69
:1027B0006B2D6B2D6B2D6B2D6B2D6B2D6B2D6B2D59
:1027C0006B2D6B2D6B2D6B2D6B2D6B2D6B2D6B2D49
:1027D0006B2D6B2D6B2D6B2D6B2D6B2D6B2D6B2D39
:1027E0006B2D6B2D6B2D6B2D6B2D6B2D6B2D6B2D29
:1027F0006B2D5ACB4A49528A6B2D6B2D6B2D6B2D4D
:102800006B2D6B2D6B2D6B2D6B2D6B2D6B2D6B2D08
:102810006B2D6B2D6B2D6B2D6B2D6B2D6B2D6B2DF8
:102820006B2D6B2D6B2D6B2D6B2D6B2D6B2D6B2DE8
:102830006B2D6B2D6B2D6B2D6B2D6B2D6B2D6B2DD8
:102840006B2D6B2D6B2D6B2D6B2D6B2D6B2D6B2DC8
:102850006B2D6B2D6B2D6B2D6B2D6B2D6B2D6B2DB8
:102860006B2D6B2D6B2D6B2D6B2D6B2D6B2D6B2DA8
:102870006B2D6B2D6B2D6B2D6B2D6B2D6B2D6B2D98
:1028800029650000000000000000000000000000BA
:102890000000000000000000000000000000000038
:1028A0000000000000000000000000000000000028
:1028B0000000000000000000000000000000000018
:1028C0000000000000000000528A6B2D6B2D6B2D64
:1028D0006B2D6B2D6B2D6B2D6B2D6B2D6B2D6B2D38
:1028E0006B2D6B2D6B2D6B2D6B2D6B2D6B2D6B2D28
:1028F0006B2D6B2D6B2D6B2D6B2D6B2D6B2D6B2D18
:102900006B2D6B2D6B2D6B2D6B2D6B2D6B2D6B2D07
:102910006B2D6B2D6B2D6B2D6B2D6B2D6B2D6B2DF7
:102920006B2D6B2D6B2D6B2D6B2D6B2D6B2D6B2DE7
:102930006B2D6B2D6B2D6B2D6B2D6B2D6B2D6B2DD7
:102940006B2D6B2D6B2D6B2D6B2D6B2D6B2D632CD0
:102950004A494A69632C6B2D6B2D6B2D6B2D6B2DAA
:102960006B2D6B2D6B2D6B2D6B2D6B2D6B2D6B2DA7
:102970006B2D6B2D6B2D6B2D6B2D6B2D6B2D6B2D97
:102980006B2D6B2D6B2D6B2D6B2D6B2D6B2D6B2D87
:102990006B2D6B2D6B2D6B2D6B2D6B2D6B2D6B2D77
:1029A0006B2D6B2D6B2D6B2D6B2D6B2D6B2D6B2D67
:1029B0006B2D6B2D6B2D6B2D6B2D6B2D6B2D6B2D57
:1029C0006B2D6B2D6B2D6B2D6B2D6B2D6B2D6B2D47
:1029D0006B2D632C4A694A49632C6B2D6B2D6B2D33
:1029E0006B2D6B2D6B2D6B2D6B2D6B2D6B2D6B2D27
:1029F0006B2D6B2D6B2D6B2D6B2D6B2D6B2D6B2D17
:102A00006B2D6B2D6B2D6B2D6B2D6B2D6B2D6B2D06
:102A10006B2D6B2D6B2D6B2D6B2D6B2D6B2D6B2DF6
:102A20006B2D6B2D6B2D6B2D6B2D6B2D6B2D6B2DE6
:102A30006B2D6B2D6B2D6B2D6B2D6B2D6B2D6B2DD6
:102A40006B2D6B2D6B2D6B2D6B2D6B2D6B2D6B2DC6
:102A50006B2D6B2D6B2D6B2D6B2D6B2D6B2D528A72
:102A60000000000000000000000000000000000066
:102A70000000000000000000000000000000000056
:102A80000000000000000000000000000000000046
:102A90000000000000000000000000000000000036
:102AA000000000000000000010A2632C6B2D6B2DB5
:102AB0006B2D6B2D6B2D6B2D6B2D6B2D6B2D6B2D56
:102AC0006B2D6B2D6B2D6B2D6B2D6B2D6B2D6B2D46
:102AD0006B2D6B2D6B2D6B2D6B2D6B2D6B2D6B2D36
:102AE0006B2D6B2D6B2D6B2D6B2D6B2D6B2D6B2D26
:102AF0006B2D6B2D6B2D6B2D6B2D6B2D6B2D6B2D16
:102B00006B2D6B2D6B2D6B2D6B2D6B2D6B2D6B2D05
:102B10006B2D6B2D6B2D6B2D6B2D6B2D6B2D6B2DF5
:102B20006B2D6B2D6B2D6B2D6B2D6B2D6B2D5ACB58
:102B30004A4952AA6B2D6B2D6B2D6B2D6B2D6B2D76
:102B40006B2D6B2D6B2D6B2D6B2D6B2D6B2D6B2DC5
:102B50006B2D6B2D6B2D6B2D6B2D6B2D6B2D6B2DB5
:102B60006B2D6B2D6B2D6B2D6B2D6B2D6B2D6B2DA5
:102B70006B2D6B2D6B2D6B2D6B2D6B2D6B2D6B2D95
:102B80006B2D6B2D6B2D6B2D6B2D6B2D6B2D6B2D85
:102B90006B2D6B2D6B2D6B2D6B2D6B2D6B2D6B2D75
:102BA0006B2D6B2D6B2D6B2D6B2D6B2D6B2D6B2D65
:102BB0006B2D6B2D52AA4A495ACB6B2D6B2D6B2D69
:102BC0006B2D6B2D6B2D6B2D6B2D6B2D6B2D6B2D45
:102BD0006B2D6B2D6B2D6B2D6B2D6B2D6B2D6B2D35
:102BE0006B2D6B2D6B2D6B2D6B2D6B2D6B2D6B2D25
:102BF0006B2D6B2D6B2D6B2D6B2D6B2D6B2D6B2D15
:102C00006B2D6B2D6B2D6B2D6B2D6B2D6B2D6B2D04
:102C10006B2D6B2D6B2D6B2D6B2D6B2D6B2D6B2DF4
:102C20006B2D6B2D6B2D6B2D6B2D6B2D6B2D6B2DE4
:102C30006B2D6B2D6B2D6B2D6B2D6B2D632C10A2C3
:102C40000000000000000000000000000000000084
:102C50000000000000000000000000000000000074
:102C60000000000000000000000000000000000064
:102C70000000000000000000000000000000000054
:102C80000000000000000000000039C76B2D6B2D14
:102C90006B2D6B2D6B2D6B2D6B2D6B2D6B2D6B2D74
:102CA0006B2D6B2D6B2D6B2D6B2D6B2D6B2D6B2D64
:102CB0006B2D6B2D6B2D6B2D6B2D6B2D6B2D6B2D54
:102CC0006B2D6B2D6B2D6B2D6B2D6B2D6B2D6B2D44
:102CD0006B2D6B2D6B2D6B2D6B2D6B2D6B2D6B2D34
:102CE0006B2D6B2D6B2D6B2D6B2D6B2D6B2D6B2D24
:102CF0006B2D6B2D6B2D6B2D6B2D6B2D6B2D6B2D14
:102D00006B2D6B2D6B2D6B2D6B2D6B2D6B2D52AA9F
:102D10004A495AEB6B2D6B2D6B2D6B2D6B2D6B2D4B
:102D20006B2D6B2D6B2D6B2D6B2D6B2D6B2D6B2DE3
:102D30006B2D6B2D6B2D6B2D6B2D6B2D6B2D6B2DD3
:102D40006B2D6B2D6B2D6B2D6B2D6B2D6B2D6B2DC3
:102D50006B2D6B2D6B2D6B2D6B2D6B2D6B2D6B2DB3
:102D60006B2D6B2D6B2D6B2D6B2D6B2D6B2D6B2DA3
:102D70006B2D6B2D6B2D6B2D6B2D6B2D6B2D6B2D93
:102D80006B2D6B2D6B2D6B2D6B2D6B2D6B2D6B2D83
:102D90006B2D6B2D5AEB4A4952AA6B2D6B2D6B2D67
:102DA0006B2D6B2D6B2D6B2D6B2D6B2D6B2D6B2D63
:102DB0006B2D6B2D6B2D6B2D6B2D6B2D6B2D6B2D53
:102DC0006B2D6B2D6B2D6B2D6B2D6B2D6B2D6B2D43
:102DD0006B2D6B2D6B2D6B2D6B2D6B2D6B2D6B2D33
:102DE0006B2D6B2D6B2D6B2D6B2D6B2D6B2D6B2D23
:102DF0006B2D6B2D6B2D6B2D6B2D6B2D6B2D6B2D13
:102E00006B2D6B2D6B2D6B2D6B2D6B2D6B2D6B2D02
:102E10006B2D6B2D6B2D6B2D6B2D6B2D31A600004B
:102E200000000000000000000000000000000000A2
:102E30000000000000000000000000000000000092
:102E40000000000000000000000000000000000082
:102E50000000000000000000000000000000000072
:102E60000000000000000000000000205AAB6B2DA5
:102E70006B2D6B2D6B2D6B2D6B2D6B2D6B2D6B2D92
:102E80006B2D6B2D6B2D6B2D6B2D6B2D6B2D6B2D82
:102E90006B2D6B2D6B2D6B2D6B2D6B2D6B2D6B2D72
:102EA0006B2D6B2D6B2D6B2D6B2D6B2D6B2D6B2D62
:102EB0006B2D6B2D6B2D6B2D6B2D6B2D6B2D6B2D52
:102EC0006B2D6B2D6B2D6B2D6B2D6B2D6B2D6B2D42
:102ED0006B2D6B2D6B2D6B2D6B2D6B2D6B2D6B2D32
:102EE0006B2D6B2D6B2D6B2D6B2D6B2D6B2D4A6907
:102EF0004A49632C6B2D6B2D6B2D6B2D6B2D6B2D20
:102F00006B2D6B2D6B2D6B2D6B2D6B2D6B2D6B2D01
:102F10006B2D6B2D6B2D6B2D6B2D6B2D6B2D6B2DF1
:102F20006B2D6B2D6B2D6B2D6B2D6B2D6B2D6B2DE1
:102F30006B2D6B2D6B2D6B2D6B2D6B2D6B2D6B2DD1
:102F40006B2D6B2D6B2D6B2D6B2D6B2D6B2D6B2DC1
:102F50006B2D6B2D6B2D6B2D6B2D6B2D6B2D6B2DB1
:102F60006B2D6B2D6B2D6B2D6B2D6B2D6B2D6B2DA1
:102F70006B2D6B2D632C4A494A696B2D6B2D6B2D84
:102F80006B2D6B2D6B2D6B2D6B2D6B2D6B2D6B2D81
:102F90006B2D6B2D6B2D6B2D6B2D6B2D6B2D6B2D71
:102FA0006B2D6B2D6B2D6B2D6B2D6B2D6B2D6B2D61
:102FB0006B2D6B2D6B2D6B2D6B2D6B2D6B2D6B2D51
:102FC0006B2D6B2D6B2D6B2D6B2D6B2D6B2D6B2D41
:102FD0006B2D6B2D6B2D6B2D6B2D6B2D6B2D6B2D31
:102FE0006B2D6B2D6B2D6B2D6B2D6B2D6B2D6B2D21
:102FF0006B2D6B2D6B2D6B2D6B2D5ACB0020000094
:1030000000000000000000000000000000000000C0
:1030100000000000000000000000000000000000B0
:1030200000000000000000000000000000000000A0
:103030000000000000000000000000000000000090
:1030400000000000000000000000000018C3632C16
:103050006B2D6B2D6B2D6B2D6B2D6B2D6B2D6B2DB0
:103060006B2D6B2D6B2D6B2D6B2D6B2D6B2D6B2DA0
:103070006B2D6B2D6B2D6B2D6B2D6B2D6B2D6B2D90
:103080006B2D6B2D6B2D6B2D6B2D6B2D6B2D6B2D80
:103090006B2D6B2D6B2D6B2D6B2D6B2D6B2D6B2D70
:1030A0006B2D6B2D6B2D6B2D6B2D6B2D6B2D6B2D60
:1030B0006B2D6B2D6B2D6B2D6B2D6B2D6B2D6B2D50
:1030C0006B2D6B2D6B2D6B2D6B2D6B2D630C4A496E
:1030D0004A696B2D6B2D6B2D6B2D6B2D6B2D6B2D15
:1030E0006B2D6B2D6B2D6B2D6B2D6B2D6B2D6B2D20
:1030F0006B2D6B2D6B2D6B2D6B2D6B2D6B2D6B2D10
:103100006B2D6B2D6B2D6B2D6B2D6B2D6B2D6B2DFF
:103110006B2D6B2D6B2D6B2D6B2D6B2D6B2D6B2DEF
:103120006B2D6B2D6B2D6B2D6B2D6B2D6B2D6B2DDF
:103130006B2D6B2D6B2D6B2D6B2D6B2D6B2D6B2DCF
:103140006B2D6B2D6B2D6B2D6B2D6B2D6B2D6B2DBF
:103150006B2D6B2D6B2D4A694A49630C6B2D6B2DC2
:103160006B2D6B2D6B2D6B2D6B2D6B2D6B2D6B2D9F
:103170006B2D6B2D6B2D6B2D6B2D6B2D6B2D6B2D8F
:103180006B2D6B2D6B2D6B2D6B2D6B2D6B2D6B2D7F
:103190006B2D6B2D6B2D6B2D6B2D6B2D6B2D6B2D6F
:1031A0006B2D6B2D6B2D6B2D6B2D6B2D6B2D6B2D5F
:1031B0006B2D6B2D6B2D6B2D6B2D6B2D6B2D6B2D4F
:1031C0006B2D6B2D6B2D6B2D6B2D6B2D6B2D6B2D3F
:1031D0006B2D6B2D6B2D6B2D632C18C30000000025
:1031E00000000000000000000000000000000000DF
:1031F00000000000000000000000000000000000CF
:1032000000000000000000000000000000000000BE
:1032100000000000000000000000000000000000AE
:10322000000000000000000000000000000031A6C7
:103230006B2D6B2D6B2D6B2D6B2D6B2D6B2D6B2DCE
:103240006B2D6B2D6B2D6B2D6B2D6B2D6B2D6B2DBE
:103250006B2D6B2D6B2D6B2D6B2D6B2D6B2D6B2DAE
:103260006B2D6B2D6B2D6B2D6B2D6B2D6B2D6B2D9E
:103270006B2D6B2D6B2D6B2D6B2D6B2D6B2D6B2D8E
:103280006B2D6B2D6B2D6B2D6B2D6B2D6B2D6B2D7E
:103290006B2D6B2D6B2D6B2D6B2D6B2D6B2D6B2D6E
:1032A0006B2D6B2D6B2D6B2D6B2D6B2D5AEB4A49B6
:1032B00052AA6B2D6B2D6B2D6B2D6B2D6B2D6B2DEA
:1032C0006B2D6B2D6B2D6B2D6B2D6B2D6B2D6B2D3E
:1032D0006B2D6B2D6B2D6B2D6B2D6B2D6B2D6B2D2E
:1032E0006B2D6B2D6B2D6B2D6B2D6B2D6B2D6B2D1E
:1032F0006B2D6B2D6B2D6B2D6B2D6B2D6B2D6B2D0E
:103300006B2D6B2D6B2D6B2D6B2D6B2D6B2D6B2DFD
:103310006B2D6B2D6B2D6B2D6B2D6B2D6B2D6B2DED
:103320006B2D6B2D6B2D6B2D6B2D6B2D6B2D6B2DDD
:103330006B2D6B2D6B2D52AA4A495AEB6B2D6B2DC1
:103340006B2D6B2D6B2D6B2D6B2D6B2D6B2D6B2DBD
:103350006B2D6B2D6B2D6B2D6B2D6B2D6B2D6B2DAD
:103360006B2D6B2D6B2D6B2D6B2D6B2D6B2D6B2D9D
:103370006B2D6B2D6B2D6B2D6B2D6B2D6B2D6B2D8D
:103380006B2D6B2D6B2D6B2D6B2D6B2D6B2D6B2D7D
:103390006B2D6B2D6B2D6B2D6B2D6B2D6B2D6B2D6D
:1033A0006B2D6B2D6B2D6B2D6B2D6B2D6B2D6B2D5D
:1033B0006B2D6B2D6B2D6B2D3186000000000000F6
:1033C00000000000000000000000000000000000FD
:1033D00000000000000000000000000000000000ED
:1033E00000000000000000000000000000000000DD
:1033F00000000000000000000000000000000000CD
:1034000000000000000000000000000000000000BC
:10341000528A6B2D6B2D6B2D6B2D6B2D6B2D6B2DA8
:103420006B2D6B2D6B2D6B2D6B2D6B2D6B2D6B2DDC
:103430006B2D6B2D6B2D6B2D6B2D6B2D6B2D6B2DCC
:103440006B2D6B2D6B2D6B2D6B2D6B2D6B2D6B2DBC
:103450006B2D6B2D6B2D6B2D6B2D6B2D6B2D6B2DAC
:103460006B2D6B2D6B2D6B2D6B2D6B2D6B2D6B2D9C
:103470006B2D6B2D6B2D6B2D6B2D6B2D6B2D6B2D8C
:103480006B2D6B2D6B2D6B2D6B2D6B2D5AAB4A4914
:103490005ACB6B2D6B2D6B2D6B2D6B2D6B2D6B2DDF
:1034A0006B2D6B2D6B2D6B2D6B2D6B2D6B2D6B2D5C
:1034B0006B2D6B2D6B2D6B2D6B2D6B2D6B2D6B2D4C
:1034C0006B2D6B2D6B2D6B2D6B2D6B2D6B2D6B2D3C
:1034D0006B2D6B2D6B2D6B2D6B2D6B2D6B2D6B2D2C
:1034E0006B2D6B2D6B2D6B2D6B2D6B2D6B2D6B2D1C
:1034F0006B2D6B2D6B2D6B2D6B2D6B2D6B2D6B2D0C
:103500006B2D6B2D6B2D6B2D6B2D6B2D6B2D6B2DFB
:103510006B2D6B2D6B2D5ACB4A495ACB6B2D6B2DD6
:103520006B2D6B2D6B2D6B2D6B2D6B2D6B2D6B2DDB
:103530006B2D6B2D6B2D6B2D6B2D6B2D6B2D6B2DCB
:103540006B2D6B2D6B2D6B2D6B2D6B2D6B2D6B2DBB
:103550006B2D6B2D6B2D6B2D6B2D6B2D6B2D6B2DAB
:103560006B2D6B2D6B2D6B2D6B2D6B2D6B2D6B2D9B
:103570006B2D6B2D6B2D6B2D6B2D6B2D6B2D6B2D8B
:103580006B2D6B2D6B2D6B2D6B2D6B2D6B2D6B2D7B
:103590006B2D6B2D6B2D528A000000000000000087
:1035A000000000000000000000000000000000001B
:1035B000000000000000000000000000000000000B
:1035C00000000000000000000000000000000000FB
:1035D00000000000000000000000000000000000EB
:1035E00000000000000000000000000000000000DB
:1035F0001062630C6B2D6B2D6B2D6B2D6B2D6B2D5A
:103600006B2D6B2D6B2D6B2D6B2D6B2D6B2D6B2DFA
:103610006B2D6B2D6B2D6B2D6B2D6B2D6B2D6B2DEA
:103620006B2D6B2D6B2D6B2D6B2D6B2D6B2D6B2DDA
:103630006B2D6B2D6B2D6B2D6B2D6B2D6B2D6B2DCA
:103640006B2D6B2D6B2D6B2D6B2D6B2D6B2D6B2DBA
:103650006B2D6B2D6B2D6B2D6B2D6B2D6B2D6B2DAA
:103660006B2D6B2D6B2D6B2D6B2D6B2D52AA4A493B
:103670005AEB6B2D6B2D6B2D6B2D6B2D6B2D6B2DDD
:103680006B2D6B2D6B2D6B2D6B2D6B2D6B2D6B2D7A
:103690006B2D6B2D6B2D6B2D6B2D6B2D6B2D6B2D6A
:1036A0006B2D6B2D6B2D6B2D6B2D6B2D6B2D6B2D5A
:1036B0006B2D6B2D6B2D6B2D6B2D6B2D6B2D6B2D4A
:1036C0006B2D6B2D6B2D6B2D6B2D6B2D6B2D6B2D3A
:1036D0006B2D6B2D6B2D6B2D6B2D6B2D6B2D6B2D2A
:1036E0006B2D6B2D6B2D6B2D6B2D6B2D6B2D6B2D1A
:1036F0006B2D6B2D6B2D5AEB4A4952AA6B2D6B2DFE
:103700006B2D6B2D6B2D6B2D6B2D6B2D6B2D6B2DF9
:103710006B2D6B2D6B2D6B2D6B2D6B2D6B2D6B2DE9
:103720006B2D6B2D6B2D6B2D6B2D6B2D6B2D6B2DD9
:103730006B2D6B2D6B2D6B2D6B2D6B2D6B2D6B2DC9
:103740006B2D6B2D6B2D6B2D6B2D6B2D6B2D6B2DB9
:103750006B2D6B2D6B2D6B2D6B2D6B2D6B2D6B2DA9
:103760006B2D6B2D6B2D6B2D6B2D6B2D6B2D6B2D99
:103770006B2D6B2D630C1062000000000000000038
:103780000000000000000000000000000000000039
:103790000000000000000000000000000000000029
:1037A0000000000000000000000000000000000019
:1037B0000000000000000000000000000000000009
:1037C00000000000000000000000000000000000F9
:1037D000000029256B2D6B2D6B2D6B2D6B2D6B2D0B
:1037E0006B2D6B2D6B2D6B2D6B2D6B2D6B2D6B2D19
:1037F0006B2D6B2D6B2D6B2D6B2D6B2D6B2D6B2D09
:103800006B2D6B2D6B2D6B2D6B2D6B2D6B2D6B2DF8
:103810006B2D6B2D6B2D6B2D6B2D6B2D6B2D6B2DE8
:103820006B2D6B2D6B2D6B2D6B2D6B2D6B2D6B2DD8
:103830006B2D6B2D6B2D6B2D6B2D6B2D6B2D6B2DC8
:103840006B2D6B2D6B2D6B2D6B2D6B2D528A4A4979
:10385000630C6B2D6B2D6B2D6B2D6B2D6B2D6B2DD1
:103860006B2D6B2D6B2D6B2D6B2D6B2D6B2D6B2D98
:103870006B2D6B2D6B2D6B2D6B2D6B2D6B2D6B2D88
:103880006B2D6B2D6B2D6B2D6B2D6B2D6B2D6B2D78
:103890006B2D6B2D6B2D6B2D6B2D6B2D6B2D6B2D68
:1038A0006B2D6B2D6B2D6B2D6B2D6B2D6B2D6B2D58
:1038B0006B2D6B2D6B2D6B2D6B2D6B2D6B2D6B2D48
:1038C0006B2D6B2D6B2D6B2D6B2D6B2D6B2D6B2D38
:1038D0006B2D6B2D6B2D630C4A49528A6B2D6B2D12
:1038E0006B2D6B2D6B2D6B2D6B2D6B2D6B2D6B2D18
:1038F0006B2D6B2D6B2D6B2D6B2D6B2D6B2D6B2D08
:103900006B2D6B2D6B2D6B2D6B2D6B2D6B2D6B2DF7
:103910006B2D6B2D6B2D6B2D6B2D6B2D6B2D6B2DE7
:103920006B2D6B2D6B2D6B2D6B2D6B2D6B2D6B2DD7
:103930006B2D6B2D6B2D6B2D6B2D6B2D6B2D6B2DC7
:103940006B2D6B2D6B2D6B2D6B2D6B2D6B2D6B2DB7
:103950006B2D6B2D212400000000000000000000F2
:103960000000000000000000000000000000000057
:103970000000000000000000000000000000000047
:103980000000000000000000000000000000000037
:103990000000000000000000000000000000000027
:1039A0000000000000000000000000000000000017
:1039B0000000000042086B2D6B2D6B2D6B2D6B2DC5
:1039C0006B2D6B2D6B2D6B2D6B2D6B2D6B2D6B2D37
:1039D0006B2D6B2D6B2D6B2D6B2D6B2D6B2D6B2D27
:1039E0006B2D6B2D6B2D6B2D6B2D6B2D6B2D6B2D17
:1039F0006B2D6B2D6B2D6B2D6B2D6B2D6B2D6B2D07
:103A00006B2D6B2D6B2D6B2D6B2D6B2D6B2D6B2DF6
:103A10006B2D6B2D6B2D6B2D6B2D6B2D6B2D6B2DE6
:103A20006B2D6B2D6B2D6B2D6B2D6B2D4A694A49C0
:103A3000630C6B2D6B2D6B2D6B2D6B2D6B2D6B2DEF
:103A40006B2D6B2D6B2D6B2D6B2D6B2D6B2D6B2DB6
:103A50006B2D6B2D6B2D6B2D6B2D6B2D6B2D6B2DA6
:103A60006B2D6B2D6B2D6B2D6B2D6B2D6B2D6B2D96
:103A70006B2D6B2D6B2D6B2D6B2D6B2D6B2D6B2D86
:103A80006B2D6B2D6B2D6B2D6B2D6B2D6B2D6B2D76
:103A90006B2D6B2D6B2D6B2D6B2D6B2D6B2D6B2D66
:103AA0006B2D6B2D6B2D6B2D6B2D6B2D6B2D6B2D56
:103AB0006B2D6B2D6B2D630C4A494A696B2D6B2D59
:103AC0006B2D6B2D6B2D6B2D6B2D6B2D6B2D6B2D36
:103AD0006B2D6B2D6B2D6B2D6B2D6B2D6B2D6B2D26
:103AE0006B2D6B2D6B2D6B2D6B2D6B2D6B2D6B2D16
:103AF0006B2D6B2D6B2D6B2D6B2D6B2D6B2D6B2D06
:103B00006B2D6B2D6B2D6B2D6B2D6B2D6B2D6B2DF5
:103B10006B2D6B2D6B2D6B2D6B2D6B2D6B2D6B2DE5
:103B20006B2D6B2D6B2D6B2D6B2D6B2D6B2D6B2DD5
:103B30006B2D39E7000000000000000000000000CD
:103B40000000000000000000000000000000000075
:103B50000000000000000000000000000000000065
:103B60000000000000000000000000000000000055
:103B70000000000000000000000000000000000045
:103B80000000000000000000000000000000000035
:103B9000000000000020528A6B2D6B2D6B2D6B2DC9
:103BA0006B2D6B2D6B2D6B2D6B2D6B2D6B2D6B2D55
:103BB0006B2D6B2D6B2D6B2D6B2D6B2D6B2D6B2D45
:103BC0006B2D6B2D6B2D6B2D6B2D6B2D6B2D6B2D35
:103BD0006B2D6B2D6B2D6B2D6B2D6B2D6B2D6B2D25
:103BE0006B2D6B2D6B2D6B2D6B2D6B2D6B2D6B2D15
:103BF0006B2D6B2D6B2D6B2D6B2D6B2D6B2D6B2D05
:103C00006B2D6B2D6B2D6B2D6B2D6B2D4A694A49DE
:103C1000632C6B2D6B2D6B2D6B2D6B2D6B2D6B2DED
:103C20006B2D6B2D6B2D6B2D6B2D6B2D6B2D6B2DD4
:103C30006B2D6B2D6B2D6B2D6B2D6B2D6B2D6B2DC4
:103C40006B2D6B2D6B2D6B2D6B2D6B2D6B2D6B2DB4
:103C50006B2D6B2D6B2D6B2D6B2D6B2D6B2D6B2DA4
:103C60006B2D6B2D6B2D6B2D6B2D6B2D6B2D6B2D94
:103C70006B2D6B2D6B2D6B2D6B2D6B2D6B2D6B2D84
:103C80006B2D6B2D6B2D6B2D6B2D6B2D6B2D6B2D74
:103C90006B2D6B2D6B2D632C4A494A696B2D6B2D57
:103CA0006B2D6B2D6B2D6B2D6B2D6B2D6B2D6B2D54
:103CB0006B2D6B2D6B2D6B2D6B2D6B2D6B2D6B2D44
:103CC0006B2D6B2D6B2D6B2D6B2D6B2D6B2D6B2D34
:103CD0006B2D6B2D6B2D6B2D6B2D6B2D6B2D6B2D24
:103CE0006B2D6B2D6B2D6B2D6B2D6B2D6B2D6B2D14
:103CF0006B2D6B2D6B2D6B2D6B2D6B2D6B2D6B2D04
:103D00006B2D6B2D6B2D6B2D6B2D6B2D6B2D6B2DF3
:103D1000528A0020000000000000000000000000A7
:103D20000000000000000000000000000000000093
:103D30000000000000000000000000000000000083
:103D40000000000000000000000000000000000073
:103D50000000000000000000000000000000000063
:103D60000000000000000000000000000000000053
:103D7000000000000000086162EC6B2D6B2D6B2DC4
:103D80006B2D6B2D6B2D6B2D6B2D6B2D6B2D6B2D73
:103D90006B2D6B2D6B2D6B2D6B2D6B2D6B2D6B2D63
:103DA0006B2D6B2D6B2D6B2D6B2D6B2D6B2D6B2D53
:103DB0006B2D6B2D6B2D6B2D6B2D6B2D6B2D6B2D43
:103DC0006B2D6B2D6B2D6B2D6B2D6B2D6B2D6B2D33
:103DD0006B2D6B2D6B2D6B2D6B2D6B2D6B2D6B2D23
:103DE0006B2D6B2D6B2D6B2D6B2D6B2D4A694A49FD
:103DF000632C6B2D6B2D6B2D6B2D6B2D6B2D6B2D0C
:103E00006B2D6B2D6B2D6B2D6B2D6B2D6B2D6B2DF2
:103E10006B2D6B2D6B2D6B2D6B2D6B2D6B2D6B2DE2
:103E20006B2D6B2D6B2D6B2D6B2D6B2D6B2D6B2DD2
:103E30006B2D6B2D6B2D6B2D6B2D6B2D6B2D6B2DC2
:103E40006B2D6B2D6B2D6B2D6B2D6B2D6B2D6B2DB2
:103E50006B2D6B2D6B2D6B2D6B2D6B2D6B2D6B2DA2
:103E60006B2D6B2D6B2D6B2D6B2D6B2D6B2D6B2D92
:103E70006B2D6B2D6B2D632C4A494A696B2D6B2D75
:103E80006B2D6B2D6B2D6B2D6B2D6B2D6B2D6B2D72
:103E90006B2D6B2D6B2D6B2D6B2D6B2D6B2D6B2D62
:103EA0006B2D6B2D6B2D6B2D6B2D6B2D6B2D6B2D52
:103EB0006B2D6B2D6B2D6B2D6B2D6B2D6B2D6B2D42
:103EC0006B2D6B2D6B2D6B2D6B2D6B2D6B2D6B2D32
:103ED0006B2D6B2D6B2D6B2D6B2D6B2D6B2D6B2D22
:103EE0006B2D6B2D6B2D6B2D6B2D6B2D6B2D5AEB65
:103EF0000861000000000000000000000000000059
:103F000000000000000000000000000000000000B1
:103F100000000000000000000000000000000000A1
:103F20000000000000000000000000000000000091
:103F30000000000000000000000000000000000081
:103F40000000000000000000000000000000000071
:103F5000000000000000000018E3632C6B2D6B2DA7
:103F60006B2D6B2D6B2D6B2D6B2D6B2D6B2D6B2D91
:103F70006B2D6B2D6B2D6B2D6B2D6B2D6B2D6B2D81
:103F80006B2D6B2D6B2D6B2D6B2D6B2D6B2D6B2D71
:103F90006B2D6B2D6B2D6B2D6B2D6B2D6B2D6B2D61
:103FA0006B2D6B2D6B2D6B2D6B2D6B2D6B2D6B2D51
:103FB0006B2D6B2D6B2D6B2D6B2D6B2D6B2D6B2D41
:103FC0006B2D6B2D6B2D6B2D6B2D6B2D4A694A491B
:103FD000632C6B2D6B2D6B2D6B2D6B2D6B2D6B2D2A
:103FE0006B2D6B2D6B2D6B2D6B2D6B2D6B2D6B2D11
:103FF0006B2D6B2D6B2D6B2D6B2D6B2D6B2D6B2D01
:104000006B2D6B2D6B2D6B2D6B2D6B2D6B2D6B2DF0
:104010006B2D6B2D6B2D6B2D6B2D6B2D6B2D6B2DE0
:104020006B2D6B2D6B2D6B2D6B2D6B2D6B2D6B2DD0
:104030006B2D6B2D6B2D6B2D6B2D6B2D6B2D6B2DC0
:104040006B2D6B2D6B2D6B2D6B2D6B2D6B2D6B2DB0
:104050006B2D6B2D6B2D632C4A494A696B2D6B2D93
:104060006B2D6B2D6B2D6B2D6B2D6B2D6B2D6B2D90
:104070006B2D6B2D6B2D6B2D6B2D6B2D6B2D6B2D80
:104080006B2D6B2D6B2D6B2D6B2D6B2D6B2D6B2D70
:104090006B2D6B2D6B2D6B2D6B2D6B2D6B2D6B2D60
:1040A0006B2D6B2D6B2D6B2D6B2D6B2D6B2D6B2D50
:1040B0006B2D6B2D6B2D6B2D6B2D6B2D6B2D6B2D40
:1040C0006B2D6B2D6B2D6B2D6B2D6B2D632C18C3F6
:1040D00000000000000000000000000000000000E0
:1040E00000000000000000000000000000000000D0
:1040F00000000000000000000000000000000000C0
:1041000000000000000000000000000000000000AF
:10411000000000000000000000000000000000009F
:10412000000000000000000000000000000000008F
:104130000000000000000000000031666B2D6B2DB8
:104140006B2D6B2D6B2D6B2D6B2D6B2D6B2D6B2DAF
:104150006B2D6B2D6B2D6B2D6B2D6B2D6B2D6B2D9F
:104160006B2D6B2D6B2D6B2D6B2D6B2D6B2D6B2D8F
:104170006B2D6B2D6B2D6B2D6B2D6B2D6B2D6B2D7F
:104180006B2D6B2D6B2D6B2D6B2D6B2D6B2D6B2D6F
:104190006B2D6B2D6B2D6B2D6B2D6B2D6B2D6B2D5F
:1041A0006B2D6B2D6B2D6B2D6B2D6B2D4A694A4939
:1041B000632C6B2D6B2D6B2D6B2D6B2D6B2D6B2D48
:1041C0006B2D6B2D6B2D6B2D6B2D6B2D6B2D6B2D2F
:1041D0006B2D6B2D6B2D6B2D6B2D6B2D6B2D6B2D1F
:1041E0006B2D6B2D6B2D6B2D6B2D6B2D6B2D6B2D0F
:1041F0006B2D6B2D6B2D6B2D6B2D6B2D6B2D6B2DFF
:104200006B2D6B2D6B2D6B2D6B2D6B2D6B2D6B2DEE
:104210006B2D6B2D6B2D6B2D6B2D6B2D6B2D6B2DDE
:104220006B2D6B2D6B2D6B2D6B2D6B2D6B2D6B2DCE
:104230006B2D6B2D6B2D632C4A494A696B2D6B2DB1
:104240006B2D6B2D6B2D6B2D6B2D6B2D6B2D6B2DAE
:104250006B2D6B2D6B2D6B2D6B2D6B2D6B2D6B2D9E
:104260006B2D6B2D6B2D6B2D6B2D6B2D6B2D6B2D8E
:104270006B2D6B2D6B2D6B2D6B2D6B2D6B2D6B2D7E
:104280006B2D6B2D6B2D6B2D6B2D6B2D6B2D6B2D6E
:104290006B2D6B2D6B2D6B2D6B2D6B2D6B2D6B2D5E
:1042A0006B2D6B2D6B2D6B2D6B2D6B2D29650000F0
:1042B00000000000000000000000000000000000FE
:1042C00000000000000000000000000000000000EE
:1042D00000000000000000000000000000000000DE
:1042E00000000000000000000000000000000000CE
:1042F00000000000000000000000000000000000BE
:1043000000000000000000000000000000000000AD
:1043100000000000000000000000000039E76B2DE5
:104320006B2D6B2D6B2D6B2D6B2D6B2D6B2D6B2DCD
:104330006B2D6B2D6B2D6B2D6B2D6B2D6B2D6B2DBD
:104340006B2D6B2D6B2D6B2D6B2D6B2D6B2D6B2DAD
:104350006B2D6B2D6B2D6B2D6B2D6B2D6B2D6B2D9D
:104360006B2D6B2D6B2D6B2D6B2D6B2D6B2D6B2D8D
:104370006B2D6B2D6B2D6B2D6B2D6B2D6B2D6B2D7D
:104380006B2D6B2D6B2D6B2D6B2D6B2D4A694A4957
:10439000630C6B2D6B2D6B2D6B2D6B2D6B2D6B2D86
:1043A0006B2D6B2D6B2D6B2D6B2D6B2D6B2D6B2D4D
:1043B0006B2D6B2D6B2D6B2D6B2D6B2D6B2D6B2D3D
:1043C0006B2D6B2D6B2D6B2D6B2D6B2D6B2D6B2D2D
:1043D0006B2D6B2D6B2D6B2D6B2D6B2D6B2D6B2D1D
:1043E0006B2D6B2D6B2D6B2D6B2D6B2D6B2D6B2D0D
:1043F0006B2D6B2D6B2D6B2D6B2D6B2D6B2D6B2DFD
:104400006B2D6B2D6B2D6B2D6B2D6B2D6B2D6B2DEC
:104410006B2D6B2D6B2D630C4A494A696B2D6B2DEF
:104420006B2D6B2D6B2D6B2D6B2D6B2D6B2D6B2DCC
:104430006B2D6B2D6B2D6B2D6B2D6B2D6B2D6B2DBC
:104440006B2D6B2D6B2D6B2D6B2D6B2D6B2D6B2DAC
:104450006B2D6B2D6B2D6B2D6B2D6B2D6B2D6B2D9C
:104460006B2D6B2D6B2D6B2D6B2D6B2D6B2D6B2D8C
:104470006B2D6B2D6B2D6B2D6B2D6B2D6B2D6B2D7C
:104480006B2D6B2D6B2D6B2D6B2D39E70000000014
:10449000000000000000000000000000000000001C
:1044A000000000000000000000000000000000000C
:1044B00000000000000000000000000000000000FC
:1044C00000000000000000000000000000000000EC
:1044D00000000000000000000000000000000000DC
:1044E00000000000000000000000000000000000CC
:1044F00000000000000000000000000000004A4929
:104500006B2D6B2D6B2D6B2D6B2D6B2D6B2D6B2DEB
:104510006B2D6B2D6B2D6B2D6B2D6B2D6B2D6B2DDB
:104520006B2D6B2D6B2D6B2D6B2D6B2D6B2D6B2DCB
:104530006B2D6B2D6B2D6B2D6B2D6B2D6B2D6B2DBB
:104540006B2D6B2D6B2D6B2D6B2D6B2D6B2D6B2DAB
:104550006B2D6B2D6B2D6B2D6B2D6B2D6B2D6B2D9B
:104560006B2D6B2D6B2D6B2D6B2D6B2D528A4A494C
:10457000630C6B2D6B2D6B2D6B2D6B2D6B2D6B2DA4
:104580006B2D6B2D6B2D6B2D6B2D6B2D6B2D6B2D6B
:104590006B2D6B2D6B2D6B2D6B2D6B2D6B2D6B2D5B
:1045A0006B2D6B2D6B2D6B2D6B2D6B2D6B2D6B2D4B
:1045B0006B2D6B2D6B2D6B2D6B2D6B2D6B2D6B2D3B
:1045C0006B2D6B2D6B2D6B2D6B2D6B2D6B2D6B2D2B
:1045D0006B2D6B2D6B2D6B2D6B2D6B2D6B2D6B2D1B
:1045E0006B2D6B2D6B2D6B2D6B2D6B2D6B2D6B2D0B
:1045F0006B2D6B2D6B2D630C4A49528A6B2D6B2DE5
:104600006B2D6B2D6B2D6B2D6B2D6B2D6B2D6B2DEA
:104610006B2D6B2D6B2D6B2D6B2D6B2D6B2D6B2DDA
:104620006B2D6B2D6B2D6B2D6B2D6B2D6B2D6B2DCA
:104630006B2D6B2D6B2D6B2D6B2D6B2D6B2D6B2DBA
:104640006B2D6B2D6B2D6B2D6B2D6B2D6B2D6B2DAA
:104650006B2D6B2D6B2D6B2D6B2D6B2D6B2D6B2D9A
:104660006B2D6B2D6B2D6B2D4A4900000000000057
:10467000000000000000000000000000000000003A
:10468000000000000000000000000000000000002A
:10469000000000000000000000000000000000001A
:1046A000000000000000000000000000000000000A
:1046B00000000000000000000000000000000000FA
:1046C00000000000000000000000000000000000EA
:1046D00000000000000000000000000000000020BA
:1046E000528A6B2D6B2D6B2D6B2D6B2D6B2D6B2DC6
:1046F0006B2D6B2D6B2D6B2D6B2D6B2D6B2D6B2DFA
:104700006B2D6B2D6B2D6B2D6B2D6B2D6B2D6B2DE9
:104710006B2D6B2D6B2D6B2D6B2D6B2D6B2D6B2DD9
:104720006B2D6B2D6B2D6B2D6B2D6B2D6B2D6B2DC9
:104730006B2D6B2D6B2D6B2D6B2D6B2D6B2D6B2DB9
:104740006B2D6B2D6B2D6B2D6B2D6B2D52AA4A494A
:104750005AEB6B2D6B2D6B2D6B2D6B2D6B2D6B2DEC
:104760006B2D6B2D6B2D6B2D6B2D6B2D6B2D6B2D89
:104770006B2D6B2D6B2D6B2D6B2D6B2D6B2D6B2D79
:104780006B2D6B2D6B2D6B2D6B2D6B2D6B2D6B2D69
:104790006B2D6B2D6B2D6B2D6B2D6B2D6B2D6B2D59
:1047A0006B2D6B2D6B2D6B2D6B2D6B2D6B2D6B2D49
:1047B0006B2D6B2D6B2D6B2D6B2D6B2D6B2D6B2D39
:1047C0006B2D6B2D6B2D6B2D6B2D6B2D6B2D6B2D29
:1047D0006B2D6B2D6B2D5AEB4A4952AA6B2D6B2D0D
:1047E0006B2D6B2D6B2D6B2D6B2D6B2D6B2D6B2D09
:1047F0006B2D6B2D6B2D6B2D6B2D6B2D6B2D6B2DF9
:104800006B2D6B2D6B2D6B2D6B2D6B2D6B2D6B2DE8
:104810006B2D6B2D6B2D6B2D6B2D6B2D6B2D6B2DD8
:104820006B2D6B2D6B2D6B2D6B2D6B2D6B2D6B2DC8
:104830006B2D6B2D6B2D6B2D6B2D6B2D6B2D6B2DB8
:104840006B2D6B2D6B2D528A0020000000000000A4
:104850000000000000000000000000000000000058
:104860000000000000000000000000000000000048
:104870000000000000000000000000000000000038
:104880000000000000000000000000000000000028
:104890000000000000000000000000000000000018
:1048A0000000000000000000000000000000000008
:1048B00000000000000000000000000000000000F8
:1048C00008415ACB6B2D6B2D6B2D6B2D6B2D6B2DEA
:1048D0006B2D6B2D6B2D6B2D6B2D6B2D6B2D6B2D18
:1048E0006B2D6B2D6B2D6B2D6B2D6B2D6B2D6B2D08
:1048F0006B2D6B2D6B2D6B2D6B2D6B2D6B2D6B2DF8
:104900006B2D6B2D6B2D6B2D6B2D6B2D6B2D6B2DE7
:104910006B2D6B2D6B2D6B2D6B2D6B2D6B2D6B2DD7
:104920006B2D6B2D6B2D6B2D6B2D6B2D5AAB4A495F
:104930005ACB6B2D6B2D6B2D6B2D6B2D6B2D6B2D2A
:104940006B2D6B2D6B2D6B2D6B2D6B2D6B2D6B2DA7
:104950006B2D6B2D6B2D6B2D6B2D6B2D6B2D6B2D97
:104960006B2D6B2D6B2D6B2D6B2D6B2D6B2D6B2D87
:104970006B2D6B2D6B2D6B2D6B2D6B2D6B2D6B2D77
:104980006B2D6B2D6B2D6B2D6B2D6B2D6B2D6B2D67
:104990006B2D6B2D6B2D6B2D6B2D6B2D6B2D6B2D57
:1049A0006B2D6B2D6B2D6B2D6B2D6B2D6B2D6B2D47
:1049B0006B2D6B2D6B2D5ACB4A495ACB6B2D6B2D22
:1049C0006B2D6B2D6B2D6B2D6B2D6B2D6B2D6B2D27
:1049D0006B2D6B2D6B2D6B2D6B2D6B2D6B2D6B2D17
:1049E0006B2D6B2D6B2D6B2D6B2D6B2D6B2D6B2D07
:1049F0006B2D6B2D6B2D6B2D6B2D6B2D6B2D6B2DF7
:104A00006B2D6B2D6B2D6B2D6B2D6B2D6B2D6B2DE6
:104A10006B2D6B2D6B2D6B2D6B2D6B2D6B2D6B2DD6
:104A20006B2D6B2D5ACB08410000000000000000E8
:104A30000000000000000000000000000000000076
:104A40000000000000000000000000000000000066
:104A50000000000000000000000000000000000056
:104A60000000000000000000000000000000000046
:104A70000000000000000000000000000000000036
:104A80000000000000000000000000000000000026
:104A90000000000000000000000000000000000016
:104AA000000010825AEB6B2D6B2D6B2D6B2D6B2D37
:104AB0006B2D6B2D6B2D6B2D6B2D6B2D6B2D6B2D36
:104AC0006B2D6B2D6B2D6B2D6B2D6B2D6B2D6B2D26
:104AD0006B2D6B2D6B2D6B2D6B2D6B2D6B2D6B2D16
:104AE0006B2D6B2D6B2D6B2D6B2D6B2D6B2D6B2D06
:104AF0006B2D6B2D6B2D6B2D6B2D6B2D6B2D6B2DF6
:104B00006B2D6B2D6B2D6B2D6B2D6B2D5AEB4A493D
:104B100052AA6B2D6B2D6B2D6B2D6B2D6B2D6B2D71
:104B20006B2D6B2D6B2D6B2D6B2D6B2D6B2D6B2DC5
:104B30006B2D6B2D6B2D6B2D6B2D6B2D6B2D6B2DB5
:104B40006B2D6B2D6B2D6B2D6B2D6B2D6B2D6B2DA5
:104B50006B2D6B2D6B2D6B2D6B2D6B2D6B2D6B2D95
:104B60006B2D6B2D6B2D6B2D6B2D6B2D6B2D6B2D85
:104B70006B2D6B2D6B2D6B2D6B2D6B2D6B2D6B2D75
:104B80006B2D6B2D6B2D6B2D6B2D6B2D6B2D6B2D65
:104B90006B2D6B2D6B2D52AA4A495AEB6B2D6B2D49
:104BA0006B2D6B2D6B2D6B2D6B2D6B2D6B2D6B2D45
:104BB0006B2D6B2D6B2D6B2D6B2D6B2D6B2D6B2D35
:104BC0006B2D6B2D6B2D6B2D6B2D6B2D6B2D6B2D25
:104BD0006B2D6B2D6B2D6B2D6B2D6B2D6B2D6B2D15
:104BE0006B2D6B2D6B2D6B2D6B2D6B2D6B2D6B2D05
:104BF0006B2D6B2D6B2D6B2D6B2D6B2D6B2D6B2DF5
:104C00006B2D5AEB10820000000000000000000035
:104C10000000000000000000000000000000000094
:104C20000000000000000000000000000000000084
:104C30000000000000000000000000000000000074
:104C40000000000000000000000000000000000064
:104C50000000000000000000000000000000000054
:104C60000000000000000000000000000000000044
:104C70000000000000000000000000000000000034
:104C800000000000108262EC6B2D6B2D6B2D6B2DE4
:104C90006B2D6B2D6B2D6B2D6B2D6B2D6B2D6B2D54
:104CA0006B2D6B2D6B2D6B2D6B2D6B2D6B2D6B2D44
:104CB0006B2D6B2D6B2D6B2D6B2D6B2D6B2D6B2D34
:104CC0006B2D6B2D6B2D6B2D6B2D6B2D6B2D6B2D24
:104CD0006B2D6B2D6B2D6B2D6B2D6B2D6B2D6B2D14
:104CE0006B2D6B2D6B2D6B2D6B2D6B2D630C4A4932
:104CF0004A696B2D6B2D6B2D6B2D6B2D6B2D6B2DD9
:104D00006B2D6B2D6B2D6B2D6B2D6B2D6B2D6B2DE3
:104D10006B2D6B2D6B2D6B2D6B2D6B2D6B2D6B2DD3
:104D20006B2D6B2D6B2D6B2D6B2D6B2D6B2D6B2DC3
:104D30006B2D6B2D6B2D6B2D6B2D6B2D6B2D6B2DB3
:104D40006B2D6B2D6B2D6B2D6B2D6B2D6B2D6B2DA3
:104D50006B2D6B2D6B2D6B2D6B2D6B2D6B2D6B2D93
:104D60006B2D6B2D6B2D6B2D6B2D6B2D6B2D6B2D83
:104D70006B2D6B2D6B2D4A694A49630C6B2D6B2D86
:104D80006B2D6B2D6B2D6B2D6B2D6B2D6B2D6B2D63
:104D90006B2D6B2D6B2D6B2D6B2D6B2D6B2D6B2D53
:104DA0006B2D6B2D6B2D6B2D6B2D6B2D6B2D6B2D43
:104DB0006B2D6B2D6B2D6B2D6B2D6B2D6B2D6B2D33
:104DC0006B2D6B2D6B2D6B2D6B2D6B2D6B2D6B2D23
:104DD0006B2D6B2D6B2D6B2D6B2D6B2D6B2D6B2D13
:104DE00062EC1082000000000000000000000000E3
:104DF00000000000000000000000000000000000B3
:104E000000000000000000000000000000000000A2
:104E10000000000000000000000000000000000092
:104E20000000000000000000000000000000000082
:104E30000000000000000000000000000000000072
:104E40000000000000000000000000000000000062
:104E50000000000000000000000000000000000052
:104E600000000000000010A2630C6B2D6B2D6B2D59
:104E70006B2D6B2D6B2D6B2D6B2D6B2D6B2D6B2D72
:104E80006B2D6B2D6B2D6B2D6B2D6B2D6B2D6B2D62
:104E90006B2D6B2D6B2D6B2D6B2D6B2D6B2D6B2D52
:104EA0006B2D6B2D6B2D6B2D6B2D6B2D6B2D6B2D42
:104EB0006B2D6B2D6B2D6B2D6B2D6B2D6B2D6B2D32
:104EC0006B2D6B2D6B2D6B2D6B2D6B2D6B2D4A6907
:104ED0004A49632C6B2D6B2D6B2D6B2D6B2D6B2D20
:104EE0006B2D6B2D6B2D6B2D6B2D6B2D6B2D6B2D02
:104EF0006B2D6B2D6B2D6B2D6B2D6B2D6B2D6B2DF2
:104F00006B2D6B2D6B2D6B2D6B2D6B2D6B2D6B2DE1
:104F10006B2D6B2D6B2D6B2D6B2D6B2D6B2D6B2DD1
:104F20006B2D6B2D6B2D6B2D6B2D6B2D6B2D6B2DC1
:104F30006B2D6B2D6B2D6B2D6B2D6B2D6B2D6B2DB1
:104F40006B2D6B2D6B2D6B2D6B2D6B2D6B2D6B2DA1
:104F50006B2D6B2D632C4A494A696B2D6B2D6B2D84
:104F60006B2D6B2D6B2D6B2D6B2D6B2D6B2D6B2D81
:104F70006B2D6B2D6B2D6B2D6B2D6B2D6B2D6B2D71
:104F80006B2D6B2D6B2D6B2D6B2D6B2D6B2D6B2D61
:104F90006B2D6B2D6B2D6B2D6B2D6B2D6B2D6B2D51
:104FA0006B2D6B2D6B2D6B2D6B2D6B2D6B2D6B2D41
:104FB0006B2D6B2D6B2D6B2D6B2D6B2D6B2D630C5A
:104FC00018A3000000000000000000000000000026
:104FD00000000000000000000000000000000000D1
:104FE00000000000000000000000000000000000C1
:104FF00000000000000000000000000000000000B1
:1050000000000000000000000000000000000000A0
:105010000000000000000000000000000000000090
:105020000000000000000000000000000000000080
:105030000000000000000000000000000000000070
:10504000000000000000000018C3630C6B2D6B2DE6
:105050006B2D6B2D6B2D6B2D6B2D6B2D6B2D6B2D90
:105060006B2D6B2D6B2D6B2D6B2D6B2D6B2D6B2D80
:105070006B2D6B2D6B2D6B2D6B2D6B2D6B2D6B2D70
:105080006B2D6B2D6B2D6B2D6B2D6B2D6B2D6B2D60
:105090006B2D6B2D6B2D6B2D6B2D6B2D6B2D6B2D50
:1050A0006B2D6B2D6B2D6B2D6B2D6B2D6B2D52AADC
:1050B0004A495AEB6B2D6B2D6B2D6B2D6B2D6B2D88
:1050C0006B2D6B2D6B2D6B2D6B2D6B2D6B2D6B2D20
:1050D0006B2D6B2D6B2D6B2D6B2D6B2D6B2D6B2D10
:1050E0006B2D6B2D6B2D6B2D6B2D6B2D6B2D6B2D00
:1050F0006B2D6B2D6B2D6B2D6B2D6B2D6B2D6B2DF0
:105100006B2D6B2D6B2D6B2D6B2D6B2D6B2D6B2DDF
:105110006B2D6B2D6B2D6B2D6B2D6B2D6B2D6B2DCF
:105120006B2D6B2D6B2D6B2D6B2D6B2D6B2D6B2DBF
:105130006B2D6B2D5AEB4A4952AA6B2D6B2D6B2DA3
:105140006B2D6B2D6B2D6B2D6B2D6B2D6B2D6B2D9F
:105150006B2D6B2D6B2D6B2D6B2D6B2D6B2D6B2D8F
:105160006B2D6B2D6B2D6B2D6B2D6B2D6B2D6B2D7F
:105170006B2D6B2D6B2D6B2D6B2D6B2D6B2D6B2D6F
:105180006B2D6B2D6B2D6B2D6B2D6B2D6B2D6B2D5F
:105190006B2D6B2D6B2D6B2D6B2D6B2D630C18C335
:1051A00000000000000000000000000000000000FF
:1051B00000000000000000000000000000000000EF
:1051C00000000000000000000000000000000000DF
:1051D00000000000000000000000000000000000CF
:1051E00000000000000000000000000000000000BF
:1051F00000000000000000000000000000000000AF
:10520000000000000000000000000000000000009E
:10521000000000000000000000000000000000008E
:105220000000000000000000000018A3630C6B2DBC
:105230006B2D6B2D6B2D6B2D6B2D6B2D6B2D6B2DAE
:105240006B2D6B2D6B2D6B2D6B2D6B2D6B2D6B2D9E
:105250006B2D6B2D6B2D6B2D6B2D6B2D6B2D6B2D8E
:105260006B2D6B2D6B2D6B2D6B2D6B2D6B2D6B2D7E
:105270006B2D6B2D6B2D6B2D6B2D6B2D6B2D6B2D6E
:105280006B2D6B2D6B2D6B2D6B2D6B2D6B2D5ACBD1
:105290004A4952AA6B2D6B2D6B2D6B2D6B2D6B2DEF
:1052A0006B2D6B2D6B2D6B2D6B2D6B2D6B2D6B2D3E
:1052B0006B2D6B2D6B2D6B2D6B2D6B2D6B2D6B2D2E
:1052C0006B2D6B2D6B2D6B2D6B2D6B2D6B2D6B2D1E
:1052D0006B2D6B2D6B2D6B2D6B2D6B2D6B2D6B2D0E
:1052E0006B2D6B2D6B2D6B2D6B2D6B2D6B2D6B2DFE
:1052F0006B2D6B2D6B2D6B2D6B2D6B2D6B2D6B2DEE
:105300006B2D6B2D6B2D6B2D6B2D6B2D6B2D6B2DDD
:105310006B2D6B2D52AA4A495ACB6B2D6B2D6B2DE1
:105320006B2D6B2D6B2D6B2D6B2D6B2D6B2D6B2DBD
:105330006B2D6B2D6B2D6B2D6B2D6B2D6B2D6B2DAD
:105340006B2D6B2D6B2D6B2D6B2D6B2D6B2D6B2D9D
:105350006B2D6B2D6B2D6B2D6B2D6B2D6B2D6B2D8D
:105360006B2D6B2D6B2D6B2D6B2D6B2D6B2D6B2D7D
:105370006B2D6B2D6B2D6B2D6B2D630C18C30000EB
:10538000000000000000000000000000000000001D
:10539000000000000000000000000000000000000D
:1053A00000000000000000000000000000000000FD
:1053B00000000000000000000000000000000000ED
:1053C00000000000000000000000000000000000DD
:1053D00000000000000000000000000000000000CD
:1053E00000000000000000000000000000000000BD
:1053F00000000000000000000000000000000000AD
:1054000000000000000000000000000010A262EC9C
:105410006B2D6B2D6B2D6B2D6B2D6B2D6B2D6B2DCC
:105420006B2D6B2D6B2D6B2D6B2D6B2D6B2D6B2DBC
:105430006B2D6B2D6B2D6B2D6B2D6B2D6B2D6B2DAC
:105440006B2D6B2D6B2D6B2D6B2D6B2D6B2D6B2D9C
:105450006B2D6B2D6B2D6B2D6B2D6B2D6B2D6B2D8C
:105460006B2D6B2D6B2D6B2D6B2D6B2D6B2D632C85
:105470004A494A69632C6B2D6B2D6B2D6B2D6B2D5F
:105480006B2D6B2D6B2D6B2D6B2D6B2D6B2D6B2D5C
:105490006B2D6B2D6B2D6B2D6B2D6B2D6B2D6B2D4C
:1054A0006B2D6B2D6B2D6B2D6B2D6B2D6B2D6B2D3C
:1054B0006B2D6B2D6B2D6B2D6B2D6B2D6B2D6B2D2C
:1054C0006B2D6B2D6B2D6B2D6B2D6B2D6B2D6B2D1C
:1054D0006B2D6B2D6B2D6B2D6B2D6B2D6B2D6B2D0C
:1054E0006B2D6B2D6B2D6B2D6B2D6B2D6B2D6B2DFC
:1054F0006B2D632C4A694A49632C6B2D6B2D6B2DE8
:105500006B2D6B2D6B2D6B2D6B2D6B2D6B2D6B2DDB
:105510006B2D6B2D6B2D6B2D6B2D6B2D6B2D6B2DCB
:105520006B2D6B2D6B2D6B2D6B2D6B2D6B2D6B2DBB
:105530006B2D6B2D6B2D6B2D6B2D6B2D6B2D6B2DAB
:105540006B2D6B2D6B2D6B2D6B2D6B2D6B2D6B2D9B
:105550006B2D6B2D6B2D6B2D630C18A300000000C1
:10556000000000000000000000000000000000003B
:10557000000000000000000000000000000000002B
:10558000000000000000000000000000000000001B
:10559000000000000000000000000000000000000B
:1055A00000000000000000000000000000000000FB
:1055B00000000000000000000000000000000000EB
:1055C00000000000000000000000000000000000DB
:1055D00000000000000000000000000000000000CB
:1055E0000000000000000000000000000000108229
:1055F0005AEB6B2D6B2D6B2D6B2D6B2D6B2D6B2D3E
:105600006B2D6B2D6B2D6B2D6B2D6B2D6B2D6B2DDA
:105610006B2D6B2D6B2D6B2D6B2D6B2D6B2D6B2DCA
:105620006B2D6B2D6B2D6B2D6B2D6B2D6B2D6B2DBA
:105630006B2D6B2D6B2D6B2D6B2D6B2D6B2D6B2DAA
:105640006B2D6B2D6B2D6B2D6B2D6B2D6B2D6B2D9A
:10565000528A4A495ACB6B2D6B2D6B2D6B2D6B2DBE
:105660006B2D6B2D6B2D6B2D6B2D6B2D6B2D6B2D7A
:105670006B2D6B2D6B2D6B2D6B2D6B2D6B2D6B2D6A
:105680006B2D6B2D6B2D6B2D6B2D6B2D6B2D6B2D5A
:105690006B2D6B2D6B2D6B2D6B2D6B2D6B2D6B2D4A
:1056A0006B2D6B2D6B2D6B2D6B2D6B2D6B2D6B2D3A
:1056B0006B2D6B2D6B2D6B2D6B2D6B2D6B2D6B2D2A
:1056C0006B2D6B2D6B2D6B2D6B2D6B2D6B2D6B2D1A
:1056D0006B2D5ACB4A49528A6B2D6B2D6B2D6B2D3E
:1056E0006B2D6B2D6B2D6B2D6B2D6B2D6B2D6B2DFA
:1056F0006B2D6B2D6B2D6B2D6B2D6B2D6B2D6B2DEA
:105700006B2D6B2D6B2D6B2D6B2D6B2D6B2D6B2DD9
:105710006B2D6B2D6B2D6B2D6B2D6B2D6B2D6B2DC9
:105720006B2D6B2D6B2D6B2D6B2D6B2D6B2D6B2DB9
:105730006B2D6B2D6B2D5AEB1082000000000000CA
:105740000000000000000000000000000000000059
:105750000000000000000000000000000000000049
:105760000000000000000000000000000000000039
:105770000000000000000000000000000000000029
:105780000000000000000000000000000000000019
:105790000000000000000000000000000000000009
:1057A00000000000000000000000000000000000F9
:1057B00000000000000000000000000000000000E9
:1057C00000000000000000000000000000000000D9
:1057D00010825ACB6B2D6B2D6B2D6B2D6B2D6B2D82
:1057E0006B2D6B2D6B2D6B2D6B2D6B2D6B2D6B2DF9
:1057F0006B2D6B2D6B2D6B2D6B2D6B2D6B2D6B2DE9
:105800006B2D6B2D6B2D6B2D6B2D6B2D6B2D6B2DD8
:105810006B2D6B2D6B2D6B2D6B2D6B2D6B2D6B2DC8
:105820006B2D6B2D6B2D6B2D6B2D6B2D6B2D6B2DB8
:105830005AEB4A49528A6B2D6B2D6B2D6B2D6B2DBC
:105840006B2D6B2D6B2D6B2D6B2D6B2D6B2D6B2D98
:105850006B2D6B2D6B2D6B2D6B2D6B2D6B2D6B2D88
:105860006B2D6B2D6B2D6B2D6B2D6B2D6B2D6B2D78
:105870006B2D6B2D6B2D6B2D6B2D6B2D6B2D6B2D68
:105880006B2D6B2D6B2D6B2D6B2D6B2D6B2D6B2D58
:105890006B2D6B2D6B2D6B2D6B2D6B2D6B2D6B2D48
:1058A0006B2D6B2D6B2D6B2D6B2D6B2D6B2D6B2D38
:1058B0006B2D528A4A495AEB6B2D6B2D6B2D6B2D3C
:1058C0006B2D6B2D6B2D6B2D6B2D6B2D6B2D6B2D18
:1058D0006B2D6B2D6B2D6B2D6B2D6B2D6B2D6B2D08
:1058E0006B2D6B2D6B2D6B2D6B2D6B2D6B2D6B2DF8
:1058F0006B2D6B2D6B2D6B2D6B2D6B2D6B2D6B2DE8
:105900006B2D6B2D6B2D6B2D6B2D6B2D6B2D6B2DD7
:105910006B2D6B2D5ACB10620000000000000000C0
:105920000000000000000000000000000000000077
:105930000000000000000000000000000000000067
:105940000000000000000000000000000000000057
:105950000000000000000000000000000000000047
:105960000000000000000000000000000000000037
:105970000000000000000000000000000000000027
:105980000000000000000000000000000000000017
:105990000000000000000000000000000000000007
:1059A00000000000000000000000000000000000F7
:1059B00000000841528A6B2D6B2D6B2D6B2D6B2DCA
:1059C0006B2D6B2D6B2D6B2D6B2D6B2D6B2D6B2D17
:1059D0006B2D6B2D6B2D6B2D6B2D6B2D6B2D6B2D07
:1059E0006B2D6B2D6B2D6B2D6B2D6B2D6B2D6B2DF7
:1059F0006B2D6B2D6B2D6B2D6B2D6B2D6B2D6B2DE7
:105A00006B2D6B2D6B2D6B2D6B2D6B2D6B2D6B2DD6
:105A1000632C4A694A4962EC6B2D6B2D6B2D6B2D03
:105A20006B2D6B2D6B2D6B2D6B2D6B2D6B2D6B2DB6
:105A30006B2D6B2D6B2D6B2D6B2D6B2D6B2D6B2DA6
:105A40006B2D6B2D6B2D6B2D6B2D6B2D6B2D6B2D96
:105A50006B2D6B2D6B2D6B2D6B2D6B2D6B2D6B2D86
:105A60006B2D6B2D6B2D6B2D6B2D6B2D6B2D6B2D76
:105A70006B2D6B2D6B2D6B2D6B2D6B2D6B2D6B2D66
:105A80006B2D6B2D6B2D6B2D6B2D6B2D6B2D6B2D56
:105A900062EC4A494A69632C6B2D6B2D6B2D6B2D83
:105AA0006B2D6B2D6B2D6B2D6B2D6B2D6B2D6B2D36
:105AB0006B2D6B2D6B2D6B2D6B2D6B2D6B2D6B2D26
:105AC0006B2D6B2D6B2D6B2D6B2D6B2D6B2D6B2D16
:105AD0006B2D6B2D6B2D6B2D6B2D6B2D6B2D6B2D06
:105AE0006B2D6B2D6B2D6B2D6B2D6B2D6B2D6B2DF6
:105AF0006B2D52AA086100000000000000000000A9
:105B00000000000000000000000000000000000095
:105B10000000000000000000000000000000000085
:105B20000000000000000000000000000000000075
:105B30000000000000000000000000000000000065
:105B40000000000000000000000000000000000055
:105B50000000000000000000000000000000000045
:105B60000000000000000000000000000000000035
:105B70000000000000000000000000000000000025
:105B80000000000000000000000000000000000015
:105B90000000000000204A496B2D6B2D6B2D6B2DF2
:105BA0006B2D6B2D6B2D6B2D6B2D6B2D6B2D6B2D35
:105BB0006B2D6B2D6B2D6B2D6B2D6B2D6B2D6B2D25
:105BC0006B2D6B2D6B2D6B2D6B2D6B2D6B2D6B2D15
:105BD0006B2D6B2D6B2D6B2D6B2D6B2D6B2D6B2D05
:105BE0006B2D6B2D6B2D6B2D6B2D6B2D6B2D6B2DF5
:105BF0006B2D5ACB4A49528A6B2D6B2D6B2D6B2D19
:105C00006B2D6B2D6B2D6B2D6B2D6B2D6B2D6B2DD4
:105C10006B2D6B2D6B2D6B2D6B2D6B2D6B2D6B2DC4
:105C20006B2D6B2D6B2D6B2D6B2D6B2D6B2D6B2DB4
:105C30006B2D6B2D6B2D6B2D6B2D6B2D6B2D6B2DA4
:105C40006B2D6B2D6B2D6B2D6B2D6B2D6B2D6B2D94
:105C50006B2D6B2D6B2D6B2D6B2D6B2D6B2D6B2D84
:105C60006B2D6B2D6B2D6B2D6B2D6B2D6B2D6B2D74
:105C7000528A4A495ACB6B2D6B2D6B2D6B2D6B2D98
:105C80006B2D6B2D6B2D6B2D6B2D6B2D6B2D6B2D54
:105C90006B2D6B2D6B2D6B2D6B2D6B2D6B2D6B2D44
:105CA0006B2D6B2D6B2D6B2D6B2D6B2D6B2D6B2D34
:105CB0006B2D6B2D6B2D6B2D6B2D6B2D6B2D6B2D24
:105CC0006B2D6B2D6B2D6B2D6B2D6B2D6B2D6B2D14
:105CD0004A49082100000000000000000000000008
:105CE00000000000000000000000000000000000B4
:105CF00000000000000000000000000000000000A4
:105D00000000000000000000000000000000000093
:105D10000000000000000000000000000000000083
:105D20000000000000000000000000000000000073
:105D30000000000000000000000000000000000063
:105D40000000000000000000000000000000000053
:105D50000000000000000000000000000000000043
:105D60000000000000000000000000000000000033
:105D7000000000000000000039E76B2D6B2D6B2D3B
:105D80006B2D6B2D6B2D6B2D6B2D6B2D6B2D6B2D53
:105D90006B2D6B2D6B2D6B2D6B2D6B2D6B2D6B2D43
:105DA0006B2D6B2D6B2D6B2D6B2D6B2D6B2D6B2D33
:105DB0006B2D6B2D6B2D6B2D6B2D6B2D6B2D6B2D23
:105DC0006B2D6B2D6B2D6B2D6B2D6B2D6B2D6B2D13
:105DD0006B2D632C4A694A4962EC6B2D6B2D6B2D40
:105DE0006B2D6B2D6B2D6B2D6B2D6B2D6B2D6B2DF3
:105DF0006B2D6B2D6B2D6B2D6B2D6B2D6B2D6B2DE3
:105E00006B2D6B2D6B2D6B2D6B2D6B2D6B2D6B2DD2
:105E10006B2D6B2D6B2D6B2D6B2D6B2D6B2D6B2DC2
:105E20006B2D6B2D6B2D6B2D6B2D6B2D6B2D6B2DB2
:105E30006B2D6B2D6B2D6B2D6B2D6B2D6B2D6B2DA2
:105E40006B2D6B2D6B2D6B2D6B2D6B2D6B2D62ECDC
:105E50004A494A69632C6B2D6B2D6B2D6B2D6B2D75
:105E60006B2D6B2D6B2D6B2D6B2D6B2D6B2D6B2D72
:105E70006B2D6B2D6B2D6B2D6B2D6B2D6B2D6B2D62
:105E80006B2D6B2D6B2D6B2D6B2D6B2D6B2D6B2D52
:105E90006B2D6B2D6B2D6B2D6B2D6B2D6B2D6B2D42
:105EA0006B2D6B2D6B2D6B2D6B2D6B2D6B2D41E8A1
:105EB00000000000000000000000000000000000E2
:105EC00000000000000000000000000000000000D2
:105ED00000000000000000000000000000000000C2
:105EE00000000000000000000000000000000000B2
:105EF00000000000000000000000000000000000A2
:105F00000000000000000000000000000000000091
:105F10000000000000000000000000000000000081
:105F20000000000000000000000000000000000071
:105F30000000000000000000000000000000000061
:105F40000000000000000000000000000000000051
:105F5000000000000000000000003166632C6B2D83
:105F60006B2D6B2D6B2D6B2D6B2D6B2D6B2D6B2D71
:105F70006B2D6B2D6B2D6B2D6B2D6B2D6B2D6B2D61
:105F80006B2D6B2D6B2D6B2D6B2D6B2D6B2D6B2D51
:105F90006B2D6B2D6B2D6B2D6B2D6B2D6B2D6B2D41
:105FA0006B2D6B2D6B2D6B2D6B2D6B2D6B2D6B2D31
:105FB0006B2D6B2D5ACB4A494A69632C6B2D6B2D87
:105FC0006B2D6B2D6B2D6B2D6B2D6B2D6B2D6B2D11
:105FD0006B2D6B2D6B2D6B2D6B2D6B2D6B2D6B2D01
:105FE0006B2D6B2D6B2D6B2D6B2D6B2D6B2D6B2DF1
:105FF0006B2D6B2D6B2D6B2D6B2D6B2D6B2D6B2DE1
:106000006B2D6B2D6B2D6B2D6B2D6B2D6B2D6B2DD0
:106010006B2D6B2D6B2D6B2D6B2D6B2D6B2D6B2DC0
:106020006B2D6B2D6B2D6B2D6B2D6B2D632C4A699E
:106030004A495ACB6B2D6B2D6B2D6B2D6B2D6B2D18
:106040006B2D6B2D6B2D6B2D6B2D6B2D6B2D6B2D90
:106050006B2D6B2D6B2D6B2D6B2D6B2D6B2D6B2D80
:106060006B2D6B2D6B2D6B2D6B2D6B2D6B2D6B2D70
:106070006B2D6B2D6B2D6B2D6B2D6B2D6B2D6B2D60
:106080006B2D6B2D6B2D6B2D6B2D632C29650000FB
:106090000000000000000000000000000000000000
:1060A00000000000000000000000000000000000F0
:1060B00000000000000000000000000000000000E0
:1060C00000000000000000000000000000000000D0
:1060D00000000000000000000000000000000000C0
:1060E00000000000000000000000000000000000B0
:1060F00000000000000000000000000000000000A0
:10610000000000000000000000000000000000008F
:10611000000000000000000000000000000000007F
:10612000000000000000000000000000000000006F
:1061300000000000000000000000000018C35AEB3F
:106140006B2D6B2D6B2D6B2D6B2D6B2D6B2D6B2D8F
:106150006B2D6B2D6B2D6B2D6B2D6B2D6B2D6B2D7F
:106160006B2D6B2D6B2D6B2D6B2D6B2D6B2D6B2D6F
:106170006B2D6B2D6B2D6B2D6B2D6B2D6B2D6B2D5F
:106180006B2D6B2D6B2D6B2D6B2D6B2D6B2D6B2D4F
:106190006B2D6B2D6B2D528A4A495ACB6B2D6B2D73
:1061A0006B2D6B2D6B2D6B2D6B2D6B2D6B2D6B2D2F
:1061B0006B2D6B2D6B2D6B2D6B2D6B2D6B2D6B2D1F
:1061C0006B2D6B2D6B2D6B2D6B2D6B2D6B2D6B2D0F
:1061D0006B2D6B2D6B2D6B2D6B2D6B2D6B2D6B2DFF
:1061E0006B2D6B2D6B2D6B2D6B2D6B2D6B2D6B2DEF
:1061F0006B2D6B2D6B2D6B2D6B2D6B2D6B2D6B2DDF
:106200006B2D6B2D6B2D6B2D6B2D6B2D5ACB4A4946
:10621000528A6B2D6B2D6B2D6B2D6B2D6B2D6B2D7A
:106220006B2D6B2D6B2D6B2D6B2D6B2D6B2D6B2DAE
:106230006B2D6B2D6B2D6B2D6B2D6B2D6B2D6B2D9E
:106240006B2D6B2D6B2D6B2D6B2D6B2D6B2D6B2D8E
:106250006B2D6B2D6B2D6B2D6B2D6B2D6B2D6B2D7E
:106260006B2D6B2D6B2D6B2D62EC18E30000000085
:10627000000000000000000000000000000000001E
:10628000000000000000000000000000000000000E
:1062900000000000000000000000000000000000FE
:1062A00000000000000000000000000000000000EE
:1062B00000000000000000000000000000000000DE
:1062C00000000000000000000000000000000000CE
:1062D00000000000000000000000000000000000BE
:1062E00000000000000000000000000000000000AE
:1062F000000000000000000000000000000000009E
:10630000000000000000000000000000000000008D
:106310000000000000000000000000000000086114
:10632000528A6B2D6B2D6B2D6B2D6B2D6B2D6B2D69
:106330006B2D6B2D6B2D6B2D6B2D6B2D6B2D6B2D9D
:106340006B2D6B2D6B2D6B2D6B2D6B2D6B2D6B2D8D
:106350006B2D6B2D6B2D6B2D6B2D6B2D6B2D6B2D7D
:106360006B2D6B2D6B2D6B2D6B2D6B2D6B2D6B2D6D
:106370006B2D6B2D6B2D630C4A494A69630C6B2D99
:106380006B2D6B2D6B2D6B2D6B2D6B2D6B2D6B2D4D
:106390006B2D6B2D6B2D6B2D6B2D6B2D6B2D6B2D3D
:1063A0006B2D6B2D6B2D6B2D6B2D6B2D6B2D6B2D2D
:1063B0006B2D6B2D6B2D6B2D6B2D6B2D6B2D6B2D1D
:1063C0006B2D6B2D6B2D6B2D6B2D6B2D6B2D6B2D0D
:1063D0006B2D6B2D6B2D6B2D6B2D6B2D6B2D6B2DFD
:1063E0006B2D6B2D6B2D6B2D6B2D630C4A694A4900
:1063F000630C6B2D6B2D6B2D6B2D6B2D6B2D6B2D06
:106400006B2D6B2D6B2D6B2D6B2D6B2D6B2D6B2DCC
:106410006B2D6B2D6B2D6B2D6B2D6B2D6B2D6B2DBC
:106420006B2D6B2D6B2D6B2D6B2D6B2D6B2D6B2DAC
:106430006B2D6B2D6B2D6B2D6B2D6B2D6B2D6B2D9C
:106440006B2D6B2D6B2D528A106200000000000036
:10645000000000000000000000000000000000003C
:10646000000000000000000000000000000000002C
:10647000000000000000000000000000000000001C
:10648000000000000000000000000000000000000C
:1064900000000000000000000000000000000000FC
:1064A00000000000000000000000000000000000EC
:1064B00000000000000000000000000000000000DC
:1064C00000000000000000000000000000000000CC
:1064D00000000000000000000000000000000000BC
:1064E00000000000000000000000000000000000AC
:1064F000000000000000000000000000000000009C
:10650000002039E76B2D6B2D6B2D6B2D6B2D6B2DBB
:106510006B2D6B2D6B2D6B2D6B2D6B2D6B2D6B2DBB
:106520006B2D6B2D6B2D6B2D6B2D6B2D6B2D6B2DAB
:106530006B2D6B2D6B2D6B2D6B2D6B2D6B2D6B2D9B
:106540006B2D6B2D6B2D6B2D6B2D6B2D6B2D6B2D8B
:106550006B2D6B2D6B2D6B2D52AA4A494A69632C0A
:106560006B2D6B2D6B2D6B2D6B2D6B2D6B2D6B2D6B
:106570006B2D6B2D6B2D6B2D6B2D6B2D6B2D6B2D5B
:106580006B2D6B2D6B2D6B2D6B2D6B2D6B2D6B2D4B
:106590006B2D6B2D6B2D6B2D6B2D6B2D6B2D6B2D3B
:1065A0006B2D6B2D6B2D6B2D6B2D6B2D6B2D6B2D2B
:1065B0006B2D6B2D6B2D6B2D6B2D6B2D6B2D6B2D1B
:1065C0006B2D6B2D6B2D6B2D632C4A694A495AAB91
:1065D0006B2D6B2D6B2D6B2D6B2D6B2D6B2D6B2DFB
:1065E0006B2D6B2D6B2D6B2D6B2D6B2D6B2D6B2DEB
:1065F0006B2D6B2D6B2D6B2D6B2D6B2D6B2D6B2DDB
:106600006B2D6B2D6B2D6B2D6B2D6B2D6B2D6B2DCA
:106610006B2D6B2D6B2D6B2D6B2D6B2D6B2D6B2DBA
:106620006B2D6B2D41E80000000000000000000011
:10663000000000000000000000000000000000005A
:10664000000000000000000000000000000000004A
:10665000000000000000000000000000000000003A
:10666000000000000000000000000000000000002A
:10667000000000000000000000000000000000001A
:10668000000000000000000000000000000000000A
:1066900000000000000000000000000000000000FA
:1066A00000000000000000000000000000000000EA
:1066B00000000000000000000000000000000000DA
:1066C00000000000000000000000000000000000CA
:1066D00000000000000000000000000000000000BA
:1066E000000000002925630C6B2D6B2D6B2D6B2D8D
:1066F0006B2D6B2D6B2D6B2D6B2D6B2D6B2D6B2DDA
:106700006B2D6B2D6B2D6B2D6B2D6B2D6B2D6B2DC9
:106710006B2D6B2D6B2D6B2D6B2D6B2D6B2D6B2DB9
:106720006B2D6B2D6B2D6B2D6B2D6B2D6B2D6B2DA9
:106730006B2D6B2D6B2D6B2D632C528A4A4952AAFF
:106740006B2D6B2D6B2D6B2D6B2D6B2D6B2D6B2D89
:106750006B2D6B2D6B2D6B2D6B2D6B2D6B2D6B2D79
:106760006B2D6B2D6B2D6B2D6B2D6B2D6B2D6B2D69
:106770006B2D6B2D6B2D6B2D6B2D6B2D6B2D6B2D59
:106780006B2D6B2D6B2D6B2D6B2D6B2D6B2D6B2D49
:106790006B2D6B2D6B2D6B2D6B2D6B2D6B2D6B2D39
:1067A0006B2D6B2D6B2D6B2D52AA4A49528A632C8F
:1067B0006B2D6B2D6B2D6B2D6B2D6B2D6B2D6B2D19
:1067C0006B2D6B2D6B2D6B2D6B2D6B2D6B2D6B2D09
:1067D0006B2D6B2D6B2D6B2D6B2D6B2D6B2D6B2DF9
:1067E0006B2D6B2D6B2D6B2D6B2D6B2D6B2D6B2DE9
:1067F0006B2D6B2D6B2D6B2D6B2D6B2D6B2D6B2DD9
:10680000630C2124000000000000000000000000D4
:106810000000000000000000000000000000000078
:106820000000000000000000000000000000000068
:106830000000000000000000000000000000000058
:106840000000000000000000000000000000000048
:106850000000000000000000000000000000000038
:106860000000000000000000000000000000000028
:106870000000000000000000000000000000000018
:106880000000000000000000000000000000000008
:1068900000000000000000000000000000000000F8
:1068A00000000000000000000000000000000000E8
:1068B00000000000000000000000000000000000D8
:1068C00000000000000010624A696B2D6B2D6B2DDB
:1068D0006B2D6B2D6B2D6B2D6B2D6B2D6B2D6B2DF8
:1068E0006B2D6B2D6B2D6B2D6B2D6B2D6B2D6B2DE8
:1068F0006B2D6B2D6B2D6B2D6B2D6B2D6B2D6B2DD8
:106900006B2D6B2D6B2D6B2D6B2D6B2D6B2D6B2DC7
:106910006B2D6B2D6B2D6B2D6B2D630C4A694A49CA
:106920005AAB6B2D6B2D6B2D6B2D6B2D6B2D6B2D3A
:106930006B2D6B2D6B2D6B2D6B2D6B2D6B2D6B2D97
:106940006B2D6B2D6B2D6B2D6B2D6B2D6B2D6B2D87
:106950006B2D6B2D6B2D6B2D6B2D6B2D6B2D6B2D77
:106960006B2D6B2D6B2D6B2D6B2D6B2D6B2D6B2D67
:106970006B2D6B2D6B2D6B2D6B2D6B2D6B2D6B2D57
:106980006B2D6B2D6B2D52AA4A494A69630C6B2DF6
:106990006B2D6B2D6B2D6B2D6B2D6B2D6B2D6B2D37
:1069A0006B2D6B2D6B2D6B2D6B2D6B2D6B2D6B2D27
:1069B0006B2D6B2D6B2D6B2D6B2D6B2D6B2D6B2D17
:1069C0006B2D6B2D6B2D6B2D6B2D6B2D6B2D6B2D07
:1069D0006B2D6B2D6B2D6B2D6B2D6B2D6B2D528AB3
:1069E0001062000000000000000000000000000035
:1069F0000000000000000000000000000000000097
:106A00000000000000000000000000000000000086
:106A10000000000000000000000000000000000076
:106A20000000000000000000000000000000000066
:106A30000000000000000000000000000000000056
:106A40000000000000000000000000000000000046
:106A50000000000000000000000000000000000036
:106A60000000000000000000000000000000000026
:106A70000000000000000000000000000000000016
:106A80000000000000000000000000000000000006
:106A900000000000000000000000000000000000F6
:106AA000000000000000000000003186632C6B2D08
:106AB0006B2D6B2D6B2D6B2D6B2D6B2D6B2D6B2D16
:106AC0006B2D6B2D6B2D6B2D6B2D6B2D6B2D6B2D06
:106AD0006B2D6B2D6B2D6B2D6B2D6B2D6B2D6B2DF6
:106AE0006B2D6B2D6B2D6B2D6B2D6B2D6B2D6B2DE6
:106AF0006B2D6B2D6B2D6B2D6B2D6B2D630C4A69E4
:106B00004A495ACB6B2D6B2D6B2D6B2D6B2D6B2D3D
:106B10006B2D6B2D6B2D6B2D6B2D6B2D6B2D6B2DB5
:106B20006B2D6B2D6B2D6B2D6B2D6B2D6B2D6B2DA5
:106B30006B2D6B2D6B2D6B2D6B2D6B2D6B2D6B2D95
:106B40006B2D6B2D6B2D6B2D6B2D6B2D6B2D6B2D85
:106B50006B2D6B2D6B2D6B2D6B2D6B2D6B2D6B2D75
:106B60006B2D6B2D5ACB4A494A6962EC6B2D6B2D0C
:106B70006B2D6B2D6B2D6B2D6B2D6B2D6B2D6B2D55
:106B80006B2D6B2D6B2D6B2D6B2D6B2D6B2D6B2D45
:106B90006B2D6B2D6B2D6B2D6B2D6B2D6B2D6B2D35
:106BA0006B2D6B2D6B2D6B2D6B2D6B2D6B2D6B2D25
:106BB0006B2D6B2D6B2D6B2D6B2D632C39C700004E
:106BC00000000000000000000000000000000000C5
:106BD00000000000000000000000000000000000B5
:106BE00000000000000000000000000000000000A5
:106BF0000000000000000000000000000000000095
:106C00000000000000000000000000000000000084
:106C10000000000000000000000000000000000074
:106C20000000000000000000000000000000000064
:106C30000000000000000000000000000000000054
:106C40000000000000000000000000000000000044
:106C50000000000000000000000000000000000034
:106C60000000000000000000000000000000000024
:106C70000000000000000000000000000000000014
:106C800000000000000000000000000018C35ACB04
:106C90006B2D6B2D6B2D6B2D6B2D6B2D6B2D6B2D34
:106CA0006B2D6B2D6B2D6B2D6B2D6B2D6B2D6B2D24
:106CB0006B2D6B2D6B2D6B2D6B2D6B2D6B2D6B2D14
:106CC0006B2D6B2D6B2D6B2D6B2D6B2D6B2D6B2D04
:106CD0006B2D6B2D6B2D6B2D6B2D6B2D6B2D5AEB47
:106CE0004A494A495ACB6B2D6B2D6B2D6B2D6B2D61
:106CF0006B2D6B2D6B2D6B2D6B2D6B2D6B2D6B2DD4
:106D00006B2D6B2D6B2D6B2D6B2D6B2D6B2D6B2DC3
:106D10006B2D6B2D6B2D6B2D6B2D6B2D6B2D6B2DB3
:106D20006B2D6B2D6B2D6B2D6B2D6B2D6B2D6B2DA3
:106D30006B2D6B2D6B2D6B2D6B2D6B2D6B2D6B2D93
:106D40006B2D5ACB4A494A495AEB6B2D6B2D6B2D53
:106D50006B2D6B2D6B2D6B2D6B2D6B2D6B2D6B2D73
:106D60006B2D6B2D6B2D6B2D6B2D6B2D6B2D6B2D63
:106D70006B2D6B2D6B2D6B2D6B2D6B2D6B2D6B2D53
:106D80006B2D6B2D6B2D6B2D6B2D6B2D6B2D6B2D43
:106D90006B2D6B2D6B2D6B2D5AAB18C300000000B3
:106DA00000000000000000000000000000000000E3
:106DB00000000000000000000000000000000000D3
:106DC00000000000000000000000000000000000C3
:106DD00000000000000000000000000000000000B3
:106DE00000000000000000000000000000000000A3
:106DF0000000000000000000000000000000000093
:106E00000000000000000000000000000000000082
:106E10000000000000000000000000000000000072
:106E20000000000000000000000000000000000062
:106E30000000000000000000000000000000000052
:106E40000000000000000000000000000000000042
:106E50000000000000000000000000000000000032
:106E60000000000000000000000000000000002002
:106E700031A6632C6B2D6B2D6B2D6B2D6B2D6B2D1C
:106E80006B2D6B2D6B2D6B2D6B2D6B2D6B2D6B2D42
:106E90006B2D6B2D6B2D6B2D6B2D6B2D6B2D6B2D32
:106EA0006B2D6B2D6B2D6B2D6B2D6B2D6B2D6B2D22
:106EB0006B2D6B2D6B2D6B2D6B2D6B2D6B2D6B2D12
:106EC0005ACB4A494A495AAB6B2D6B2D6B2D6B2D12
:106ED0006B2D6B2D6B2D6B2D6B2D6B2D6B2D6B2DF2
:106EE0006B2D6B2D6B2D6B2D6B2D6B2D6B2D6B2DE2
:106EF0006B2D6B2D6B2D6B2D6B2D6B2D6B2D6B2DD2
:106F00006B2D6B2D6B2D6B2D6B2D6B2D6B2D6B2DC1
:106F10006B2D6B2D6B2D6B2D6B2D6B2D6B2D6B2DB1
:106F200052AA4A494A495AEB6B2D6B2D6B2D6B2D9A
:106F30006B2D6B2D6B2D6B2D6B2D6B2D6B2D6B2D91
:106F40006B2D6B2D6B2D6B2D6B2D6B2D6B2D6B2D81
:106F50006B2D6B2D6B2D6B2D6B2D6B2D6B2D6B2D71
:106F60006B2D6B2D6B2D6B2D6B2D6B2D6B2D6B2D61
:106F70006B2D6B2D632C39C7002000000000000032
:106F80000000000000000000000000000000000001
:106F900000000000000000000000000000000000F1
:106FA00000000000000000000000000000000000E1
:106FB00000000000000000000000000000000000D1
:106FC00000000000000000000000000000000000C1
:106FD00000000000000000000000000000000000B1
:106FE00000000000000000000000000000000000A1
:106FF0000000000000000000000000000000000091
:107000000000000000000000000000000000000080
:107010000000000000000000000000000000000070
:107020000000000000000000000000000000000060
:107030000000000000000000000000000000000050
:107040000000000000000000000000000000000040
:1070500000001082528A6B2D6B2D6B2D6B2D6B2DCA
:107060006B2D6B2D6B2D6B2D6B2D6B2D6B2D6B2D60
:107070006B2D6B2D6B2D6B2D6B2D6B2D6B2D6B2D50
:107080006B2D6B2D6B2D6B2D6B2D6B2D6B2D6B2D40
:107090006B2D6B2D6B2D6B2D6B2D6B2D6B2D6B2D30
:1070A0006B2D5AEB4A694A4952AA632C6B2D6B2D02
:1070B0006B2D6B2D6B2D6B2D6B2D6B2D6B2D6B2D10
:1070C0006B2D6B2D6B2D6B2D6B2D6B2D6B2D6B2D00
:1070D0006B2D6B2D6B2D6B2D6B2D6B2D6B2D6B2DF0
:1070E0006B2D6B2D6B2D6B2D6B2D6B2D6B2D6B2DE0
:1070F0006B2D6B2D6B2D6B2D6B2D6B2D632C52AA75
:107100004A494A695AEB6B2D6B2D6B2D6B2D6B2DFC
:107110006B2D6B2D6B2D6B2D6B2D6B2D6B2D6B2DAF
:107120006B2D6B2D6B2D6B2D6B2D6B2D6B2D6B2D9F
:107130006B2D6B2D6B2D6B2D6B2D6B2D6B2D6B2D8F
:107140006B2D6B2D6B2D6B2D6B2D6B2D6B2D6B2D7F
:107150006B2D52AA10A200000000000000000000E9
:10716000000000000000000000000000000000001F
:10717000000000000000000000000000000000000F
:1071800000000000000000000000000000000000FF
:1071900000000000000000000000000000000000EF
:1071A00000000000000000000000000000000000DF
:1071B00000000000000000000000000000000000CF
:1071C00000000000000000000000000000000000BF
:1071D00000000000000000000000000000000000AF
:1071E000000000000000000000000000000000009F
:1071F000000000000000000000000000000000008F
:10720000000000000000000000000000000000007E
:10721000000000000000000000000000000000006E
:10722000000000000000000000000000000000005E
:107230000000000000003166630C6B2D6B2D6B2D80
:107240006B2D6B2D6B2D6B2D6B2D6B2D6B2D6B2D7E
:107250006B2D6B2D6B2D6B2D6B2D6B2D6B2D6B2D6E
:107260006B2D6B2D6B2D6B2D6B2D6B2D6B2D6B2D5E
:107270006B2D6B2D6B2D6B2D6B2D6B2D6B2D6B2D4E
:107280006B2D6B2D62EC4A694A494A69630C6B2D80
:107290006B2D6B2D6B2D6B2D6B2D6B2D6B2D6B2D2E
:1072A0006B2D6B2D6B2D6B2D6B2D6B2D6B2D6B2D1E
:1072B0006B2D6B2D6B2D6B2D6B2D6B2D6B2D6B2D0E
:1072C0006B2D6B2D6B2D6B2D6B2D6B2D6B2D6B2DFE
:1072D0006B2D6B2D6B2D6B2D6B2D630C4A694A4901
:1072E0004A69630C6B2D6B2D6B2D6B2D6B2D6B2DEC
:1072F0006B2D6B2D6B2D6B2D6B2D6B2D6B2D6B2DCE
:107300006B2D6B2D6B2D6B2D6B2D6B2D6B2D6B2DBD
:107310006B2D6B2D6B2D6B2D6B2D6B2D6B2D6B2DAD
:107320006B2D6B2D6B2D6B2D6B2D6B2D6B2D630CC6
:1073300029650000000000000000000000000000BF
:10734000000000000000000000000000000000003D
:10735000000000000000000000000000000000002D
:10736000000000000000000000000000000000001D
:10737000000000000000000000000000000000000D
:1073800000000000000000000000000000000000FD
:1073900000000000000000000000000000000000ED
:1073A00000000000000000000000000000000000DD
:1073B00000000000000000000000000000000000CD
:1073C00000000000000000000000000000000000BD
:1073D00000000000000000000000000000000000AD
:1073E000000000000000000000000000000000009D
:1073F000000000000000000000000000000000008D
:10740000000000000000000000000000000000007C
:107410000000000000000000084139E7632C6B2DDC
:107420006B2D6B2D6B2D6B2D6B2D6B2D6B2D6B2D9C
:107430006B2D6B2D6B2D6B2D6B2D6B2D6B2D6B2D8C
:107440006B2D6B2D6B2D6B2D6B2D6B2D6B2D6B2D7C
:107450006B2D6B2D6B2D6B2D6B2D6B2D6B2D6B2D6C
:107460006B2D6B2D6B2D630C528A4A494A695ACB9E
:10747000632C6B2D6B2D6B2D6B2D6B2D6B2D6B2D55
:107480006B2D6B2D6B2D6B2D6B2D6B2D6B2D6B2D3C
:107490006B2D6B2D6B2D6B2D6B2D6B2D6B2D6B2D2C
:1074A0006B2D6B2D6B2D6B2D6B2D6B2D6B2D6B2D1C
:1074B0006B2D6B2D6B2D632C5ACB4A694A49528A2E
:1074C000630C6B2D6B2D6B2D6B2D6B2D6B2D6B2D25
:1074D0006B2D6B2D6B2D6B2D6B2D6B2D6B2D6B2DEC
:1074E0006B2D6B2D6B2D6B2D6B2D6B2D6B2D6B2DDC
:1074F0006B2D6B2D6B2D6B2D6B2D6B2D6B2D6B2DCC
:107500006B2D6B2D6B2D6B2D6B2D632C4208084161
:10751000000000000000000000000000000000006B
:10752000000000000000000000000000000000005B
:10753000000000000000000000000000000000004B
:10754000000000000000000000000000000000003B
:10755000000000000000000000000000000000002B
:10756000000000000000000000000000000000001B
:10757000000000000000000000000000000000000B
:1075800000000000000000000000000000000000FB
:1075900000000000000000000000000000000000EB
:1075A00000000000000000000000000000000000DB
:1075B00000000000000000000000000000000000CB
:1075C00000000000000000000000000000000000BB
:1075D00000000000000000000000000000000000AB
:1075E000000000000000000000000000000000009B
:1075F00000000000000000000000000010A24A6926
:107600006B2D6B2D6B2D6B2D6B2D6B2D6B2D6B2DBA
:107610006B2D6B2D6B2D6B2D6B2D6B2D6B2D6B2DAA
:107620006B2D6B2D6B2D6B2D6B2D6B2D6B2D6B2D9A
:107630006B2D6B2D6B2D6B2D6B2D6B2D6B2D6B2D8A
:107640006B2D6B2D6B2D6B2D632C52AA4A494A4929
:107650004A6962EC6B2D6B2D6B2D6B2D6B2D6B2D99
:107660006B2D6B2D6B2D6B2D6B2D6B2D6B2D6B2D5A
:107670006B2D6B2D6B2D6B2D6B2D6B2D6B2D6B2D4A
:107680006B2D6B2D6B2D6B2D6B2D6B2D6B2D6B2D3A
:107690006B2D6B2D62EC4A694A494A495AAB632CFF
:1076A0006B2D6B2D6B2D6B2D6B2D6B2D6B2D6B2D1A
:1076B0006B2D6B2D6B2D6B2D6B2D6B2D6B2D6B2D0A
:1076C0006B2D6B2D6B2D6B2D6B2D6B2D6B2D6B2DFA
:1076D0006B2D6B2D6B2D6B2D6B2D6B2D6B2D6B2DEA
:1076E0006B2D6B2D6B2D6B2D4A6910A200000000D5
:1076F000000000000000000000000000000000008A
:107700000000000000000000000000000000000079
:107710000000000000000000000000000000000069
:107720000000000000000000000000000000000059
:107730000000000000000000000000000000000049
:107740000000000000000000000000000000000039
:107750000000000000000000000000000000000029
:107760000000000000000000000000000000000019
:107770000000000000000000000000000000000009
:1077800000000000000000000000000000000000F9
:1077900000000000000000000000000000000000E9
:1077A00000000000000000000000000000000000D9
:1077B00000000000000000000000000000000000C9
:1077C00000000000000000000000000000000000B9
:1077D00000000000000000000000000000000000A9
:1077E00021245ACB6B2D6B2D6B2D6B2D6B2D6B2D9F
:1077F0006B2D6B2D6B2D6B2D6B2D6B2D6B2D6B2DC9
:107800006B2D6B2D6B2D6B2D6B2D6B2D6B2D6B2DB8
:107810006B2D6B2D6B2D6B2D6B2D6B2D6B2D6B2DA8
:107820006B2D6B2D6B2D6B2D6B2D6B2D630C528A7D
:107830004A494A49528A5AEB6B2D6B2D6B2D6B2DA1
:107840006B2D6B2D6B2D6B2D6B2D6B2D6B2D6B2D78
:107850006B2D6B2D6B2D6B2D6B2D6B2D6B2D6B2D68
:107860006B2D6B2D6B2D6B2D6B2D6B2D6B2D6B2D58
:10787000630C528A4A494A49528A630C6B2D6B2D1C
:107880006B2D6B2D6B2D6B2D6B2D6B2D6B2D6B2D38
:107890006B2D6B2D6B2D6B2D6B2D6B2D6B2D6B2D28
:1078A0006B2D6B2D6B2D6B2D6B2D6B2D6B2D6B2D18
:1078B0006B2D6B2D6B2D6B2D6B2D6B2D6B2D6B2D08
:1078C0006B2D6B2D5AAB210400000000000000005E
:1078D00000000000000000000000000000000000A8
:1078E0000000000000000000000000000000000098
:1078F0000000000000000000000000000000000088
:107900000000000000000000000000000000000077
:107910000000000000000000000000000000000067
:107920000000000000000000000000000000000057
:107930000000000000000000000000000000000047
:107940000000000000000000000000000000000037
:107950000000000000000000000000000000000027
:107960000000000000000000000000000000000017
:107970000000000000000000000000000000000007
:1079800000000000000000000000000000000000F7
:1079900000000000000000000000000000000000E7
:1079A00000000000000000000000000000000000D7
:1079B00000000000000000000000000000000000C7
:1079C0000000000021045ACB6B2D6B2D6B2D6B2D0D
:1079D0006B2D6B2D6B2D6B2D6B2D6B2D6B2D6B2DE7
:1079E0006B2D6B2D6B2D6B2D6B2D6B2D6B2D6B2DD7
:1079F0006B2D6B2D6B2D6B2D6B2D6B2D6B2D6B2DC7
:107A00006B2D6B2D6B2D6B2D6B2D6B2D6B2D6B2DB6
:107A10005ACB4A694A494A49528A5ACB632C6B2D40
:107A20006B2D6B2D6B2D6B2D6B2D6B2D6B2D6B2D96
:107A30006B2D6B2D6B2D6B2D6B2D6B2D6B2D6B2D86
:107A40006B2D6B2D6B2D6B2D6B2D632C5ACB528AAE
:107A50004A494A494A695ACB6B2D6B2D6B2D6B2DC8
:107A60006B2D6B2D6B2D6B2D6B2D6B2D6B2D6B2D56
:107A70006B2D6B2D6B2D6B2D6B2D6B2D6B2D6B2D46
:107A80006B2D6B2D6B2D6B2D6B2D6B2D6B2D6B2D36
:107A90006B2D6B2D6B2D6B2D6B2D6B2D6B2D6B2D26
:107AA0005ACB294500000000000000000000000043
:107AB00000000000000000000000000000000000C6
:107AC00000000000000000000000000000000000B6
:107AD00000000000000000000000000000000000A6
:107AE0000000000000000000000000000000000096
:107AF0000000000000000000000000000000000086
:107B00000000000000000000000000000000000075
:107B10000000000000000000000000000000000065
:107B20000000000000000000000000000000000055
:107B30000000000000000000000000000000000045
:107B40000000000000000000000000000000000035
:107B50000000000000000000000000000000000025
:107B60000000000000000000000000000000000015
:107B70000000000000000000000000000000000005
:107B800000000000000000000000000000000000F5
:107B900000000000000000000000000000000000E5
:107BA000000000000000000029255ACB6B2D6B2D32
:107BB0006B2D6B2D6B2D6B2D6B2D6B2D6B2D6B2D05
:107BC0006B2D6B2D6B2D6B2D6B2D6B2D6B2D6B2DF5
:107BD0006B2D6B2D6B2D6B2D6B2D6B2D6B2D6B2DE5
:107BE0006B2D6B2D6B2D6B2D6B2D6B2D6B2D6B2DD5
:107BF0006B2D632C5ACB4A694A494A494A6952AAB1
:107C00005AEB632C6B2D6B2D6B2D6B2D6B2D6B2D10
:107C10006B2D6B2D6B2D6B2D6B2D6B2D6B2D6B2DA4
:107C20006B2D6B2D630C5AEB52AA4A694A494A499B
:107C30004A695ACB632C6B2D6B2D6B2D6B2D6B2DE5
:107C40006B2D6B2D6B2D6B2D6B2D6B2D6B2D6B2D74
:107C50006B2D6B2D6B2D6B2D6B2D6B2D6B2D6B2D64
:107C60006B2D6B2D6B2D6B2D6B2D6B2D6B2D6B2D54
:107C70006B2D6B2D6B2D6B2D6B2D6B2D5ACB2965C1
:107C800000200000000000000000000000000000D4
:107C900000000000000000000000000000000000E4
:107CA00000000000000000000000000000000000D4
:107CB00000000000000000000000000000000000C4
:107CC00000000000000000000000000000000000B4
:107CD00000000000000000000000000000000000A4
:107CE0000000000000000000000000000000000094
:107CF0000000000000000000000000000000000084
:107D00000000000000000000000000000000000073
:107D10000000000000000000000000000000000063
:107D20000000000000000000000000000000000053
:107D30000000000000000000000000000000000043
:107D40000000000000000000000000000000000033
:107D50000000000000000000000000000000000023
:107D60000000000000000000000000000000000013
:107D70000000000000000000000000000000000003
:107D800000000000000000000000002029455AAB60
:107D90006B2D6B2D6B2D6B2D6B2D6B2D6B2D6B2D23
:107DA0006B2D6B2D6B2D6B2D6B2D6B2D6B2D6B2D13
:107DB0006B2D6B2D6B2D6B2D6B2D6B2D6B2D6B2D03
:107DC0006B2D6B2D6B2D6B2D6B2D6B2D6B2D6B2DF3
:107DD0006B2D6B2D6B2D632C5AEB528A4A494A4905
:107DE0004A494A494A6952AA5ACB5AEB630C630C76
:107DF000632C632C632C632C630C630C5AEB5ACBFF
:107E000052AA4A694A494A494A494A49528A5AEB56
:107E1000632C6B2D6B2D6B2D6B2D6B2D6B2D6B2DAB
:107E20006B2D6B2D6B2D6B2D6B2D6B2D6B2D6B2D92
:107E30006B2D6B2D6B2D6B2D6B2D6B2D6B2D6B2D82
:107E40006B2D6B2D6B2D6B2D6B2D6B2D6B2D6B2D72
:107E50006B2D6B2D6B2D6B2D52AA29450000000058
:107E60000000000000000000000000000000000012
:107E70000000000000000000000000000000000002
:107E800000000000000000000000000000000000F2
:107E900000000000000000000000000000000000E2
:107EA00000000000000000000000000000000000D2
:107EB00000000000000000000000000000000000C2
:107EC00000000000000000000000000000000000B2
:107ED00000000000000000000000000000000000A2
:107EE0000000000000000000000000000000000092
:107EF0000000000000000000000000000000000082
:107F00000000000000000000000000000000000071
:107F10000000000000000000000000000000000061
:107F20000000000000000000000000000000000051
:107F30000000000000000000000000000000000041
:107F40000000000000000000000000000000000031
:107F50000000000000000000000000000000000021
:107F60000000000000000000000000000000000011
:107F700018E34A496B2D6B2D6B2D6B2D6B2D6B2DE3
:107F80006B2D6B2D6B2D6B2D6B2D6B2D6B2D6B2D31
:107F90006B2D6B2D6B2D6B2D6B2D6B2D6B2D6B2D21
:107FA0006B2D6B2D6B2D6B2D6B2D6B2D6B2D6B2D11
:107FB0006B2D6B2D6B2D6B2D6B2D6B2D632C5ACB7D
:107FC00052AA4A694A494A494A494A494A494A4990
:107FD0004A494A494A494A494A494A494A494A4909
:107FE0004A494A494A6952AA5ACB632C6B2D6B2DD8
:107FF0006B2D6B2D6B2D6B2D6B2D6B2D6B2D6B2DC1
:108000006B2D6B2D6B2D6B2D6B2D6B2D6B2D6B2DB0
:108010006B2D6B2D6B2D6B2D6B2D6B2D6B2D6B2DA0
:108020006B2D6B2D6B2D6B2D6B2D6B2D6B2D6B2D90
:108030006B2D6B2D528A210400000000000000000F
:108040000000000000000000000000000000000030
:108050000000000000000000000000000000000020
:108060000000000000000000000000000000000010
:108070000000000000000000000000000000000000
:1080800000000000000000000000000000000000F0
:1080900000000000000000000000000000000000E0
:1080A00000000000000000000000000000000000D0
:1080B00000000000000000000000000000000000C0
:1080C00000000000000000000000000000000000B0
:1080D00000000000000000000000000000000000A0
:1080E0000000000000000000000000000000000090
:1080F0000000000000000000000000000000000080
:10810000000000000000000000000000000000006F
:10811000000000000000000000000000000000005F
:10812000000000000000000000000000000000004F
:10813000000000000000000000000000000000003F
:10814000000000000000000000000000000000002F
:108150000000000018A34228632C6B2D6B2D6B2DA3
:108160006B2D6B2D6B2D6B2D6B2D6B2D6B2D6B2D4F
:108170006B2D6B2D6B2D6B2D6B2D6B2D6B2D6B2D3F
:108180006B2D6B2D6B2D6B2D6B2D6B2D6B2D6B2D2F
:108190006B2D6B2D6B2D6B2D6B2D6B2D6B2D6B2D1F
:1081A0006B2D6B2D630C5AEB5ACB52AA528A4A693B
:1081B0004A694A694A694A694A69528A52AA5ACB43
:1081C0005AEB630C6B2D6B2D6B2D6B2D6B2D6B2D6B
:1081D0006B2D6B2D6B2D6B2D6B2D6B2D6B2D6B2DDF
:1081E0006B2D6B2D6B2D6B2D6B2D6B2D6B2D6B2DCF
:1081F0006B2D6B2D6B2D6B2D6B2D6B2D6B2D6B2DBF
:108200006B2D6B2D6B2D6B2D6B2D6B2D6B2D632CB7
:10821000422818A300000000000000000000000039
:10822000000000000000000000000000000000004E
:10823000000000000000000000000000000000003E
:10824000000000000000000000000000000000002E
:10825000000000000000000000000000000000001E
:10826000000000000000000000000000000000000E
:1082700000000000000000000000000000000000FE
:1082800000000000000000000000000000000000EE
:1082900000000000000000000000000000000000DE
:1082A00000000000000000000000000000000000CE
:1082B00000000000000000000000000000000000BE
:1082C00000000000000000000000000000000000AE
:1082D000000000000000000000000000000000009E
:1082E000000000000000000000000000000000008E
:1082F000000000000000000000000000000000007E
:10830000000000000000000000000000000000006D
:10831000000000000000000000000000000000005D
:10832000000000000000000000000000000000004D
:1083300000000000000000000821294552AA6B2D12
:108340006B2D6B2D6B2D6B2D6B2D6B2D6B2D6B2D6D
:108350006B2D6B2D6B2D6B2D6B2D6B2D6B2D6B2D5D
:108360006B2D6B2D6B2D6B2D6B2D6B2D6B2D6B2D4D
:108370006B2D6B2D6B2D6B2D6B2D6B2D6B2D6B2D3D
:108380006B2D6B2D6B2D6B2D6B2D6B2D6B2D6B2D2D
:108390006B2D6B2D6B2D6B2D6B2D6B2D6B2D6B2D1D
:1083A0006B2D6B2D6B2D6B2D6B2D6B2D6B2D6B2D0D
:1083B0006B2D6B2D6B2D6B2D6B2D6B2D6B2D6B2DFD
:1083C0006B2D6B2D6B2D6B2D6B2D6B2D6B2D6B2DED
:1083D0006B2D6B2D6B2D6B2D6B2D6B2D6B2D6B2DDD
:1083E0006B2D6B2D6B2D6B2D6B2D5AAB3186084190
:1083F000000000000000000000000000000000007D
:10840000000000000000000000000000000000006C
:10841000000000000000000000000000000000005C
:10842000000000000000000000000000000000004C
:10843000000000000000000000000000000000003C
:10844000000000000000000000000000000000002C
:10845000000000000000000000000000000000001C
:10846000000000000000000000000000000000000C
:1084700000000000000000000000000000000000FC
:1084800000000000000000000000000000000000EC
:1084900000000000000000000000000000000000DC
:1084A00000000000000000000000000000000000CC
:1084B00000000000000000000000000000000000BC
:1084C00000000000000000000000000000000000AC
:1084D000000000000000000000000000000000009C
:1084E000000000000000000000000000000000008C
:1084F000000000000000000000000000000000007C
:10850000000000000000000000000000000000006B
:10851000000000000000000000000000000018C380
:108520004208630C6B2D6B2D6B2D6B2D6B2D6B2D02
:108530006B2D6B2D6B2D6B2D6B2D6B2D6B2D6B2D7B
:108540006B2D6B2D6B2D6B2D6B2D6B2D6B2D6B2D6B
:108550006B2D6B2D6B2D6B2D6B2D6B2D6B2D6B2D5B
:108560006B2D6B2D6B2D6B2D6B2D6B2D6B2D6B2D4B
:108570006B2D6B2D6B2D6B2D6B2D6B2D6B2D6B2D3B
:108580006B2D6B2D6B2D6B2D6B2D6B2D6B2D6B2D2B
:108590006B2D6B2D6B2D6B2D6B2D6B2D6B2D6B2D1B
:1085A0006B2D6B2D6B2D6B2D6B2D6B2D6B2D6B2D0B
:1085B0006B2D6B2D6B2D6B2D6B2D6B2D6B2D6B2DFB
:1085C0006B2D6B2D630C420818C3000000000000E7
:1085D000000000000000000000000000000000009B
:1085E000000000000000000000000000000000008B
:1085F000000000000000000000000000000000007B
:10860000000000000000000000000000000000006A
:10861000000000000000000000000000000000005A
:10862000000000000000000000000000000000004A
:10863000000000000000000000000000000000003A
:10864000000000000000000000000000000000002A
:10865000000000000000000000000000000000001A
:10866000000000000000000000000000000000000A
:1086700000000000000000000000000000000000FA
:1086800000000000000000000000000000000000EA
:1086900000000000000000000000000000000000DA
:1086A00000000000000000000000000000000000CA
:1086B00000000000000000000000000000000000BA
:1086C00000000000000000000000000000000000AA
:1086D000000000000000000000000000000000009A
:1086E000000000000000000000000000000000008A
:1086F000000000000000000000000000000000007A
:108700000000002021044208630C6B2D6B2D6B2DA3
:108710006B2D6B2D6B2D6B2D6B2D6B2D6B2D6B2D99
:108720006B2D6B2D6B2D6B2D6B2D6B2D6B2D6B2D89
:108730006B2D6B2D6B2D6B2D6B2D6B2D6B2D6B2D79
:108740006B2D6B2D6B2D6B2D6B2D6B2D6B2D6B2D69
:108750006B2D6B2D6B2D6B2D6B2D6B2D6B2D6B2D59
:108760006B2D6B2D6B2D6B2D6B2D6B2D6B2D6B2D49
:108770006B2D6B2D6B2D6B2D6B2D6B2D6B2D6B2D39
:108780006B2D6B2D6B2D6B2D6B2D6B2D6B2D6B2D29
:108790006B2D6B2D6B2D6B2D6B2D6B2D6B2D630C42
:1087A0004A492925002000000000000000000000C8
:1087B00000000000000000000000000000000000B9
:1087C00000000000000000000000000000000000A9
:1087D0000000000000000000000000000000000099
:1087E0000000000000000000000000000000000089
:1087F0000000000000000000000000000000000079
:108800000000000000000000000000000000000068
:108810000000000000000000000000000000000058
:108820000000000000000000000000000000000048
:108830000000000000000000000000000000000038
:108840000000000000000000000000000000000028
:108850000000000000000000000000000000000018
:108860000000000000000000000000000000000008
:1088700000000000000000000000000000000000F8
:1088800000000000000000000000000000000000E8
:1088900000000000000000000000000000000000D8
:1088A00000000000000000000000000000000000C8
:1088B00000000000000000000000000000000000B8
:1088C00000000000000000000000000000000000A8
:1088D0000000000000000000000000000000000098
:1088E000000000000000000000202104422862EC8B
:1088F0006B2D6B2D6B2D6B2D6B2D6B2D6B2D6B2DB8
:108900006B2D6B2D6B2D6B2D6B2D6B2D6B2D6B2DA7
:108910006B2D6B2D6B2D6B2D6B2D6B2D6B2D6B2D97
:108920006B2D6B2D6B2D6B2D6B2D6B2D6B2D6B2D87
:108930006B2D6B2D6B2D6B2D6B2D6B2D6B2D6B2D77
:108940006B2D6B2D6B2D6B2D6B2D6B2D6B2D6B2D67
:108950006B2D6B2D6B2D6B2D6B2D6B2D6B2D6B2D57
:108960006B2D6B2D6B2D6B2D6B2D6B2D6B2D6B2D47
:108970006B2D6B2D6B2D6B2D62EC4228210400209A
:1089800000000000000000000000000000000000E7
:1089900000000000000000000000000000000000D7
:1089A00000000000000000000000000000000000C7
:1089B00000000000000000000000000000000000B7
:1089C00000000000000000000000000000000000A7
:1089D0000000000000000000000000000000000097
:1089E0000000000000000000000000000000000087
:1089F0000000000000000000000000000000000077
:108A00000000000000000000000000000000000066
:108A10000000000000000000000000000000000056
:108A20000000000000000000000000000000000046
:108A30000000000000000000000000000000000036
:108A40000000000000000000000000000000000026
:108A50000000000000000000000000000000000016
:108A60000000000000000000000000000000000006
:108A700000000000000000000000000000000000F6
:108A800000000000000000000000000000000000E6
:108A900000000000000000000000000000000000D6
:108AA00000000000000000000000000000000000C6
:108AB00000000000000000000000000000000000B6
:108AC00000000000000000000000000000000000A6
:108AD00018A331864A69632C6B2D6B2D6B2D6B2D82
:108AE0006B2D6B2D6B2D6B2D6B2D6B2D6B2D6B2DC6
:108AF0006B2D6B2D6B2D6B2D6B2D6B2D6B2D6B2DB6
:108B00006B2D6B2D6B2D6B2D6B2D6B2D6B2D6B2DA5
:108B10006B2D6B2D6B2D6B2D6B2D6B2D6B2D6B2D95
:108B20006B2D6B2D6B2D6B2D6B2D6B2D6B2D6B2D85
:108B30006B2D6B2D6B2D6B2D6B2D6B2D6B2D6B2D75
:108B40006B2D6B2D6B2D6B2D6B2D6B2D6B2D6B2D65
:108B5000632C528A39C718E30000000000000000AF
:108B60000000000000000000000000000000000005
:108B700000000000000000000000000000000000F5
:108B800000000000000000000000000000000000E5
:108B900000000000000000000000000000000000D5
:108BA00000000000000000000000000000000000C5
:108BB00000000000000000000000000000000000B5
:108BC00000000000000000000000000000000000A5
:108BD0000000000000000000000000000000000095
:108BE0000000000000000000000000000000000085
:108BF0000000000000000000000000000000000075
:108C00000000000000000000000000000000000064
:108C10000000000000000000000000000000000054
:108C20000000000000000000000000000000000044
:108C30000000000000000000000000000000000034
:108C40000000000000000000000000000000000024
:108C50000000000000000000000000000000000014
:108C60000000000000000000000000000000000004
:108C700000000000000000000000000000000000F4
:108C800000000000000000000000000000000000E4
:108C900000000000000000000000000000000000D4
:108CA00000000000000000000000000000000000C4
:108CB0000000000000000841210439C7528A632CDB
:108CC0006B2D6B2D6B2D6B2D6B2D6B2D6B2D6B2DE4
:108CD0006B2D6B2D6B2D6B2D6B2D6B2D6B2D6B2DD4
:108CE0006B2D6B2D6B2D6B2D6B2D6B2D6B2D6B2DC4
:108CF0006B2D6B2D6B2D6B2D6B2D6B2D6B2D6B2DB4
:108D00006B2D6B2D6B2D6B2D6B2D6B2D6B2D6B2DA3
:108D10006B2D6B2D6B2D6B2D6B2D6B2D6B2D6B2D93
:108D20006B2D6B2D6B2D6B2D632C528A39C7210453
:108D300008410000000000000000000000000000EA
:108D40000000000000000000000000000000000023
:108D50000000000000000000000000000000000013
:108D60000000000000000000000000000000000003
:108D700000000000000000000000000000000000F3
:108D800000000000000000000000000000000000E3
:108D900000000000000000000000000000000000D3
:108DA00000000000000000000000000000000000C3
:108DB00000000000000000000000000000000000B3
:108DC00000000000000000000000000000000000A3
:108DD0000000000000000000000000000000000093
:108DE0000000000000000000000000000000000083
:108DF0000000000000000000000000000000000073
:108E00000000000000000000000000000000000062
:108E10000000000000000000000000000000000052
:108E20000000000000000000000000000000000042
:108E30000000000000000000000000000000000032
:108E40000000000000000000000000000000000022
:108E50000000000000000000000000000000000012
:108E60000000000000000000000000000000000002
:108E700000000000000000000000000000000000F2
:108E800000000000000000000000000000000000E2
:108E900000000000000000000000000000000020B2
:108EA00018C331864A295ACB632C6B2D6B2D6B2D41
:108EB0006B2D6B2D6B2D6B2D6B2D6B2D6B2D6B2DF2
:108EC0006B2D6B2D6B2D6B2D6B2D6B2D6B2D6B2DE2
:108ED0006B2D6B2D6B2D6B2D6B2D6B2D6B2D6B2DD2
:108EE0006B2D6B2D6B2D6B2D6B2D6B2D6B2D6B2DC2
:108EF0006B2D6B2D6B2D6B2D6B2D6B2D6B2D632CBB
:108F00005ACB4A29318618C3002000000000000017
:108F10000000000000000000000000000000000051
:108F20000000000000000000000000000000000041
:108F30000000000000000000000000000000000031
:108F40000000000000000000000000000000000021
:108F50000000000000000000000000000000000011
:108F60000000000000000000000000000000000001
:108F700000000000000000000000000000000000F1
:108F800000000000000000000000000000000000E1
:108F900000000000000000000000000000000000D1
:108FA00000000000000000000000000000000000C1
:108FB00000000000000000000000000000000000B1
:108FC00000000000000000000000000000000000A1
:108FD0000000000000000000000000000000000091
:108FE0000000000000000000000000000000000081
:108FF0000000000000000000000000000000000071
:109000000000000000000000000000000000000060
:109010000000000000000000000000000000000050
:109020000000000000000000000000000000000040
:109030000000000000000000000000000000000030
:109040000000000000000000000000000000000020
:109050000000000000000000000000000000000010
:109060000000000000000000000000000000000000
:1090700000000000000000000000000000000000F0
:109080000000000000000000082118A3294539E76E
:109090004A4952AA632C6B2D6B2D6B2D6B2D6B2DBA
:1090A0006B2D6B2D6B2D6B2D6B2D6B2D6B2D6B2D00
:1090B0006B2D6B2D6B2D6B2D6B2D6B2D6B2D6B2DF0
:1090C0006B2D6B2D6B2D6B2D6B2D6B2D6B2D6B2DE0
:1090D0006B2D630C52AA4A4939E7294518A3002091
:1090E0000000000000000000000000000000000080
:1090F0000000000000000000000000000000000070
:10910000000000000000000000000000000000005F
:10911000000000000000000000000000000000004F
:10912000000000000000000000000000000000003F
:10913000000000000000000000000000000000002F
:10914000000000000000000000000000000000001F
:10915000000000000000000000000000000000000F
:1091600000000000000000000000000000000000FF
:1091700000000000000000000000000000000000EF
:1091800000000000000000000000000000000000DF
:1091900000000000000000000000000000000000CF
:1091A00000000000000000000000000000000000BF
:1091B00000000000000000000000000000000000AF
:1091C000000000000000000000000000000000009F
:1091D000000000000000000000000000000000008F
:1091E000000000000000000000000000000000007F
:1091F000000000000000000000000000000000006F
:10920000000000000000000000000000000000005E
:10921000000000000000000000000000000000004E
:10922000000000000000000000000000000000003E
:10923000000000000000000000000000000000002E
:10924000000000000000000000000000000000001E
:10925000000000000000000000000000000000000E
:1092600000000000000000000000000000000000FE
:10927000000000000000084118C32124296531A620
:1092800039E742284A6952AA5ACB5ACB62EC630C9E
:10929000630C6B2D6B2D630C630C62EC5ACB5ACBB9
:1092A00052AA4A69422839E731A62965212418C300
:1092B0000841000000000000000000000000000065
:1092C000000000000000000000000000000000009E
:1092D000000000000000000000000000000000008E
:1092E000000000000000000000000000000000007E
:1092F000000000000000000000000000000000006E
:10930000000000000000000000000000000000005D
:10931000000000000000000000000000000000004D
:10932000000000000000000000000000000000003D
:10933000000000000000000000000000000000002D
:10934000000000000000000000000000000000001D
:10935000000000000000000000000000000000000D
:1093600000000000000000000000000000000000FD
:1093700000000000000000000000000000000000ED
:1093800000000000000000000000000000000000DD
:1093900000000000000000000000000000000000CD
:1093A00000000000000000000000000000000000BD
:1093B00000000000000000000000000000000000AD
:1093C000000000000000000000000000000000009D
:1093D000000000000000000000000000000000008D
:1093E000000000000000000000000000000000007D
:1093F000000000000000000000000000000000006D
:10940000000000000000000000000000000000005C
:10941000000000000000000000000000000000004C
:10942000000000000000000000000000000000003C
:10943000000000000000000000000000000000002C
:10944000000000000000000000000000000000001C
:10945000000000000000000000000000000000000C
:1094600000000000000000000000000000000000FC
:1094700000000000000000000000000000000000EC
:1094800000000000000000000000000000000000DC
:1094900000000000000000000000000000000000CC
:1094A00000000000000000000000000000000000BC
:1094B00000000000000000000000000000000000AC
:1094C000000000000000000000000000000000009C
:1094D000000000000000000000000000000000008C
:1094E000000000000000000000000000000000007C
:1094F000000000000000000000000000000000006C
:10950000000000000000000000000000000000005B
:10951000000000000000000000000000000000004B
:10952000000000000000000000000000000000003B
:10953000000000000000000000000000000000002B
:10954000000000000000000000000000000000001B
:10955000000000000000000000000000000000000B
:1095600000000000000000000000000000000000FB
:1095700000000000000000000000000000000000EB
:1095800000000000000000000000000000000000DB
:1095900000000000000000000000000000000000CB
:1095A00000000000000000000000000000000000BB
:1095B00000000000000000000000000000000000AB
:1095C000000000000000000000000000000000009B
:1095D000000000000000000000000000000000008B
:1095E000000000000000000000000000000000007B
:1095F000000000000000000000000000000000006B
:10960000000000000000000000000000000000005A
:10961000000000000000000000000000000000004A
:10962000000000000000000000000000000000003A
:10963000000000000000000000000000000000002A
:10964000000000000000000000000000000000001A
:10965000000000000000000000000000000000000A
:1096600000000000000000000000000000000000FA
:1096700000000000000000000000000000000000EA
:1096800000000000000000000000000000000000DA
:1096900000000000000000000000000000000000CA
:1096A00000000000000000000000000000000000BA
:1096B00000000000000000000000000000000000AA
:1096C000000000000000000000000000000000009A
:1096D000000000000000000000000000000000008A
:1096E000000000000000000000000000000000007A
:1096F000000000000000000000000000000000006A
:109700000000000000000000000000000000000059
:109710000000000000000000000000000000000049
:109720000000000000000000000000000000000039
:109730000000000000000000000000000000000029
:109740000000000000000000000000000000000019
:109750000000000000000000000000000000000009
:1097600000000000000000000000000000000000F9
:1097700000000000000000000000000000000000E9
:1097800000000000000000000000000000000000D9
:1097900000000000000000000000000000000000C9
:1097A00000000000000000000000000000000000B9
:1097B00000000000000000000000000000000000A9
:1097C0000000000000000000000000000000000099
:1097D0000000000000000000000000000000000089
:1097E0000000000000000000000000000000000079
:1097F0000000000000000000000000000000000069
:109800000000000000000000000000000000000058
:109810000000000000000000000000000000000048
:109820000000000000000000000000000000000038
:109830000000000000000000000000000000000028
:109840000000000000000000000000000000000018
:109850000000000000000000000000000000000008
:1098600000000000000000000000000000000000F8
:1098700000000000000000000000000000000000E8
:1098800000000000000000000000000000000000D8
:1098900000000000000000000000000000000000C8
:1098A00000000000000000000000000000000000B8
:1098B00000000000000000000000000000000000A8
:1098C0000000000000000000000000000000000098
:1098D0000000000000000000000000000000000088
:1098E0000000000000000000000000000000000078
:1098F0000000000000000000000000000000000068
:109900000000000000000000000000000000000057
:109910000000000000000000000000000000000047
:109920000000000000000000000000000000000037
:109930000000000000000000000000000000000027
:109940000000000000000000000000000000000017
:109950000000000000000000000000000000000007
:1099600000000000000000000000000000000000F7
:1099700000000000000000000000000000000000E7
:1099800000000000000000000000000000000000D7
:1099900000000000000000000000000000000000C7
:1099A00000000000000000000000000000000000B7
:1099B00000000000000000000000000000000000A7
:1099C0000000000000000000000000000000000097
:1099D0000000000000000000000000000000000087
:1099E0000000000000000000000000000000000077
:1099F0000000000000000000000000000000000067
:109A00000000000000000000000000000000000056
:109A10000000000000000000000000000000000046
:109A20000000000000000000000000000000000036
:109A30000000000000000000000000000000000026
:109A40000000000000000000000000000000000016
:109A50000000000000000000000000000000000006
:109A600000000000000000000000000000000000F6
:109A700000000000000000000000000000000000E6
:109A800000000000000000000000000000000000D6
:109A900000000000000000000000000000000000C6
:109AA00000000000000000000000000000000000B6
:109AB00000000000000000000000000000000000A6
:109AC0000000000000000000000000000000000096
:109AD0000000000000000000000000000000000086
:109AE0000000000000000000000000000000000076
:109AF0000000000000000000000000000000000066
:109B00000000000000000000000000000000000055
:109B10000000000000000000000000000000000045
:109B20000000000000000000000000000000000035
:109B30000000000000000000000000000000000025
:109B40000000000000000000000000000000000015
:109B50000000000000000000000000000000000005
:109B600000000000000000000000000000000000F5
:109B700000000000000000000000000000000000E5
:109B800000000000000000000000000000000000D5
:109B900000000000000000000000000000000000C5
:109BA00000000000000000000000000000000000B5
:109BB00000000000000000000000000000000000A5
:109BC0000000000000000000000000000000000095
:109BD0000000000000000000000000000000000085
:109BE0000000000000000000000000000000000075
:109BF0000000000000000000000000000000000065
:109C00000000000000000000000000000000000054
:109C10000000000000000000000000000000000044
:109C20000000000000000000000000000000000034
:109C30000000000000000000000000000000000024
:109C40000000000000000000000000000000000014
:109C50000000000000000000000000000000000004
:109C600000000000000000000000000000000000F4
:109C700000000000000000000000000000000000E4
:109C800000000000000000000000000000000000D4
:109C900000000000000000000000000000000000C4
:109CA00000000000000000000000000000000000B4
:109CB00000000000000000000000000000000000A4
:109CC0000000000000000000000000000000000094
:109CD0000000000000000000000000000000000084
:109CE0000000000000000000000000000000000074
:109CF0000000000000000000000000000000000064
:109D00000000000000000000000000000000000053
:109D10000000000000000000000000000000000043
:109D20000000000000000000000000000000000033
:109D30000000000000000000000000000000000023
:109D40000000000000000000000000000000000013
:109D50000000000000000000000000000000000003
:109D600000000000000000000000000000000000F3
:109D700000000000000000000000000000000000E3
:109D800000000000000000000000000000000000D3
:109D900000000000000000000000000000000000C3
:109DA00000000000000000000000000000000000B3
:109DB00000000000000000000000000000000000A3
:109DC0000000000000000000000000000000000093
:109DD0000000000000000000000000000000000083
:109DE0000000000000000000000000000000000073
:109DF0000000000000000000000000000000000063
:109E00000000000000000000000000000000000052
:109E10000000000000000000000000000000000042
:109E20000000000000000000000000000000000032
:109E30000000000000000000000000000000000022
:109E40000000000000000000000000000000000012
:109E50000000000000000000000000000000000002
:109E600000000000000000000000000000000000F2
:109E700000000000000000000000000000000000E2
:109E800000000000000000000000000000000000D2
:109E900000000000000000000000000000000000C2
:109EA00000000000000000000000000000000000B2
:109EB00000000000000000000000000000000000A2
:109EC0000000000000000000000000000000000092
:109ED0000000000000000000000000000000000082
:109EE0000000000000000000000000000000000072
:109EF0000000000000000000000000000000000062
:109F00000000000000000000000000000000000051
:109F10000000000000000000000000000000000041
:109F20000000000000000000000000000000000031
:109F30000000000000000000000000000000000021
:109F40000000000000000000000000000000000011
:109F50000000000000000000000000000000000001
:109F600000000000000000000000000000000000F1
:109F700000000000000000000000000000000000E1
:109F800000000000000000000000000000000000D1
:109F900000000000000000000000000000000000C1
:109FA00000000000000000000000000000000000B1
:109FB00000000000000000000000000000000000A1
:109FC0000000000000000000000000000000000091
:109FD0000000000000000000000000000000000081
:109FE0000000000000000000000000000000000071
:109FF0000000000000000000000000000000000061
:10A000000000000000000000000000000000000050
:10A010000000000000000000000000000000000040
:10A020000000000000000000000000000000000030
:10A030000000000000000000000000000000000020
:10A040000000000000000000000000000000000010
:10A050000000000000000000000000000000000000
:10A0600000000000000000000000000000000000F0
:10A0700000000000000000000000000000000000E0
:10A0800000000000000000000000000000000000D0
:10A0900000000000000000000000000000000000C0
:10A0A00000000000000000000000000000000000B0
:10A0B00000000000000000000000000000000000A0
:10A0C0000000000000000000000000000000000090
:10A0D0000000000000000000000000000000000080
:10A0E0000000000000000000000000000000000070
:10A0F0000000000000000000000000000000000060
:10A10000000000000000000000000000000000004F
:10A11000000000000000000000000000000000003F
:10A12000000000000000000000000000000000002F
:10A13000000000000000000000000000000000001F
:10A14000000000000000000000000000000000000F
:10A1500000000000000000000000000000000000FF
:10A1600000000000000000000000000000000000EF
:10A1700000000000000000000000000000000000DF
:10A1800000000000000000000000000000000000CF
:10A1900000000000000000000000000000000000BF
:10A1A00000000000000000000000000000000000AF
:10A1B000000000000000000000000000000000009F
:10A1C000000000000000000000000000000000008F
:10A1D000000000000000000000000000000000007F
:10A1E000000000000000000000000000000000006F
:10A1F000000000000000000000000000000000005F
:10A20000000000000000000000000000000000004E
:10A21000000000000000000000000000000000003E
:10A22000000000000000000000000000000000002E
:10A23000000000000000000000000000000000001E
:10A24000000000000000000000000000000000000E
:10A2500000000000000000000000000000000000FE
:10A2600000000000000000000000000000000000EE
:10A2700000000000000000000000000000000000DE
:10A2800000000000000000000000000000000000CE
:10A2900000000000000000000000000000000000BE
:10A2A00000000000000000000000000000000000AE
:10A2B000000000000000000000000000000000009E
:10A2C000000000000000000000000000000000008E
:10A2D000000000000000000000000000000000007E
:10A2E000000000000000000000000000000000006E
:10A2F000000000000000000000000000000000005E
:10A30000000000000000000000000000000000004D
:10A31000000000000000000000000000000000003D
:10A32000000000000000000000000000000000002D
:10A33000000000000000000000000000000000001D
:10A34000000000000000000000000000000000000D
:10A3500000000000000000000000000000000000FD
:10A3600000000000000000000000000000000000ED
:10A3700000000000000000000000000000000000DD
:10A3800000000000000000000000000000000000CD
:10A3900000000000000000000000000000000000BD
:10A3A00000000000000000000000000000000000AD
:10A3B000000000000000000000000000000000009D
:10A3C000000000000000000000000000000000008D
:10A3D000000000000000000000000000000000007D
:10A3E000000000000000000000000000000000006D
:10A3F000000000000000000000000000000000005D
:10A40000000000000000000000000000000000004C
:10A41000000000000000000000000000000000003C
:10A42000000000000000000000000000000000002C
:10A43000000000000000000000000000000000001C
:10A44000000000000000000000000000000000000C
:10A4500000000000000000000000000000000000FC
:10A4600000000000000000000000000000000000EC
:10A4700000000000000000000000000000000000DC
:10A4800000000000000000000000000000000000CC
:10A4900000000000000000000000000000000000BC
:10A4A00000000000000000000000000000000000AC
:10A4B000000000000000000000000000000000009C
:10A4C000000000000000000000000000000000008C
:10A4D000000000000000000000000000000000007C
:10A4E000000000000000000000000000000000006C
:10A4F000000000000000000000000000000000005C
:10A50000000000000000000000000000000000004B
:10A51000000000000000000000000000000000003B
:10A52000000000000000000000000000000000002B
:10A53000000000000000000000000000000000001B
:10A54000000000000000000000000000000000000B
:10A5500000000000000000000000000000000000FB
:10A5600000000000000000000000000000000000EB
:10A5700000000000000000000000000000000000DB
:10A5800000000000000000000000000000000000CB
:10A5900000000000000000000000000000000000BB
:10A5A00000000000000000000000000000000000AB
:10A5B000000000000000000000000000000000009B
:10A5C000000000000000000000000000000000008B
:10A5D000000000000000000000000000000000007B
:10A5E000000000000000000000000000000000006B
:10A5F000000000000000000000000000000000005B
:10A60000000000000000000000000000000000004A
:10A61000000000000000000000000000000000003A
:10A62000000000000000000000000000000000002A
:10A63000000000000000000000000000000000001A
:10A64000000000000000000000000000000000000A
:10A6500000000000000000000000000000000000FA
:10A6600000000000000000000000000000000000EA
:10A6700000000000000000000000000000000000DA
:10A6800000000000000000000000000000000000CA
:10A6900000000000000000000000000000000000BA
:10A6A00000000000000000000000000000000000AA
:10A6B000000000000000000000000000000000009A
:10A6C000000000000000000000000000000000008A
:10A6D000000000000000000000000000000000007A
:10A6E000000000000000000000000000000000006A
:10A6F000000000000000000000000000000000005A
:10A700000000000000000000000000000000000049
:10A710000000000000000000000000000000000039
:10A720000000000000000000000000000000000029
:10A730000000000000000000000000000000000019
:10A740000000000000000000000000000000000009
:10A7500000000000000000000000000000000000F9
:10A7600000000000000000000000000000000000E9
:10A7700000000000000000000000000000000000D9
:10A7800000000000000000000000000000000000C9
:10A7900000000000000000000000000000000000B9
:10A7A00000000000000000000000000000000000A9
:10A7B0000000000000000000000000000000000099
:10A7C0000000000000000000000000000000000089
:10A7D0000000000000000000000000000000000079
:10A7E0000000000000000000000000000000000069
:10A7F0000000000000000000000000000000000059
:10A800000000000000000000000000000000000048
:10A810000000000000000000000000000000000038
:10A820000000000000000000000000000000000028
:10A830000000000000000000000000000000000018
:10A840000000000000000000000000000000000008
:10A8500000000000000000000000000000000000F8
:10A8600000000000000000000000000000000000E8
:10A8700000000000000000000000000000000000D8
:10A8800000000000000000000000000000000000C8
:10A8900000000000000000000000000000000000B8
:10A8A00000000000000000000000000000000000A8
:10A8B0000000000000000000000000000000000098
:10A8C0000000000000000000000000000000000088
:10A8D0000000000000000000000000000000000078
:10A8E0000000000000000000000000000000000068
:10A8F0000000000000000000000000000000000058
:10A900000000000000000000000000000000000047
:10A910000000000000000000000000000000000037
:10A920000000000000000000000000000000000027
:10A930000000000000000000000000000000000017
:10A940000000000000000000000000000000000007
:10A9500000000000000000000000000000000000F7
:10A9600000000000000000000000000000000000E7
:10A9700000000000000000000000000000000000D7
:10A9800000000000000000000000000000000000C7
:10A9900000000000000000000000000000000000B7
:10A9A00000000000000000000000000000000000A7
:10A9B0000000000000000000000000000000000097
:10A9C0000000000000000000000000000000000087
:10A9D0000000000000000000000000000000000077
:10A9E0000000000000000000000000000000000067
:10A9F0000000000000000000000000000000000057
:10AA00000000000000000000000000000000000046
:10AA10000000000000000000000000000000000036
:10AA20000000000000000000000000000000000026
:10AA30000000000000000000000000000000000016
:10AA40000000000000000000000000000000000006
:10AA500000000000000000000000000000000000F6
:10AA600000000000000000000000000000000000E6
:10AA700000000000000000000000000000000000D6
:10AA800000000000000000000000000000000000C6
:10AA900000000000000000000000000000000000B6
:10AAA00000000000000000000000000000000000A6
:10AAB0000000000000000000000000000000000096
:10AAC0000000000000000000000000000000000086
:10AAD0000000000000000000000000000000000076
:10AAE0000000000000000000000000000000000066
:10AAF0000000000000000000000000000000000056
:10AB00000000000000000000000000000000000045
:10AB10000000000000000000000000000000000035
:10AB20000000000000000000000000000000000025
:10AB30000000000000000000000000000000000015
:10AB40000000000000000000000000000000000005
:10AB500000000000000000000000000000000000F5
:10AB600000000000000000000000000000000000E5
:10AB700000000000000000000000000000000000D5
:10AB800000000000000000000000000000000000C5
:10AB900000000000000000000000000000000000B5
:10ABA00000000000000000000000000000000000A5
:10ABB0000000000000000000000000000000000095
:10ABC0000000000000000000000000000000000085
:10ABD0000000000000000000000000000000000075
:10ABE0000000000000000000000000000000000065
:10ABF0000000000000000000000000000000000055
:10AC00000000000000000000000000000000000044
:10AC10000000000000000000000000000000000034
:10AC20000000000000000000000000000000000024
:10AC30000000000000000000000000000000000014
:10AC40000000000000000000000000000000000004
:10AC500000000000000000000000000000000000F4
:10AC600000000000000000000000000000000000E4
:10AC700000000000000000000000000000000000D4
:10AC800000000000000000000000000000000000C4
:10AC900000000000000000000000000000000000B4
:10ACA00000000000000000000000000000000000A4
:10ACB0000000000000000000000000000000000094
:10ACC0000000000000000000000000000000000084
:10ACD0000000000000000000000000000000000074
:10ACE0000000000000000000000000000000000064
:10ACF0000000000000000000000000000000000054
:10AD00000000000000000000000000000000000043
:10AD10000000000000000000000000000000000033
:10AD20000000000000000000000000000000000023
:10AD30000000000000000000000000000000000013
:10AD40000000000000000000000000000000000003
:10AD500000000000000000000000000000000000F3
:10AD600000000000000000000000000000000000E3
:10AD700000000000000000000000000000000000D3
:10AD800000000000000000000000000000000000C3
:10AD900000000000000000000000000000000000B3
:10ADA00000000000000000000000000000000000A3
:10ADB0000000000000000000000000000000000093
:10ADC0000000000000000000000000000000000083
:10ADD0000000000000000000000000000000000073
:10ADE0000000000000000000000000000000000063
:10ADF0000000000000000000000000000000000053
:10AE00000000000000000000000000000000000042
:10AE10000000000000000000000000000000000032
:10AE20000000000000000000000000000000000022
:10AE30000000000000000000000000000000000012
:10AE40000000000000000000000000000000000002
:10AE500000000000000000000000000000000000F2
:10AE600000000000000000000000000000000000E2
:10AE700000000000000000000000000000000000D2
:10AE800000000000000000000000000000000000C2
:10AE900000000000000000000000000000000000B2
:10AEA00000000000000000000000000000000000A2
:10AEB0000000000000000000000000000000000092
:10AEC0000000000000000000000000000000000082
:10AED0000000000000000000000000000000000072
:10AEE0000000000000000000000000000000000062
:10AEF0000000000000000000000000000000000052
:10AF00000000000000000000000000000000000041
:10AF10000000000000000000000000000000000031
:10AF20000000000000000000000000000000000021
:10AF30000000000000000000000000000000000011
:10AF40000000000000000000000000000000000001
:10AF500000000000000000000000000000000000F1
:10AF600000000000000000000000000000000000E1
:10AF700000000000000000000000000000000000D1
:10AF800000000000000000000000000000000000C1
:10AF900000000000000000000000000000000000B1
:10AFA00000000000000000000000000000000000A1
:10AFB0000000000000000000000000000000000091
:10AFC0000000000000000000000000000000000081
:10AFD0000000000000000000000000000000000071
:10AFE0000000000000000000000000000000000061
:10AFF0000000000000000000000000000000000051
:10B000000000000000000000000000000000000040
:10B010000000000000000000000000000000000030
:10B020000000000000000000000000000000000020
:10B030000000000000000000000000000000000010
:10B040000000000000000000000000000000000000
:10B0500000000000000000000000000000000000F0
:10B0600000000000000000000000000000000000E0
:10B0700000000000000000000000000000000000D0
:10B0800000000000000000000000000000000000C0
:10B0900000000000000000000000000000000000B0
:10B0A00000000000000000000000000000000000A0
:10B0B0000000000000000000000000000000000090
:10B0C0000000000000000000000000000000000080
:10B0D0000000000000000000000000000000000070
:10B0E0000000000000000000000000000000000060
:10B0F0000000000000000000000000000000000050
:10B10000000000000000000000000000000000003F
:10B11000000000000000000000000000000000002F
:10B12000000000000000000000000000000000001F
:10B13000000000000000000000000000000000000F
:10B1400000000000000000000000000000000000FF
:10B1500000000000000000000000000000000000EF
:10B1600000000000000000000000000000000000DF
:10B1700000000000000000000000000000000000CF
:10B1800000000000000000000000000000000000BF
:10B1900000000000000000000000000000000000AF
:10B1A000000000000000000000000000000000009F
:10B1B000000000000000000000000000000000008F
:10B1C000000000000000000000000000000000007F
:10B1D000000000000000000000000000000000006F
:10B1E000000000000000000000000000000000005F
:10B1F000000000000000000000000000000000004F
:10B20000000000000000000000000000000000003E
:10B21000000000000000000000000000000000002E
:10B22000000000000000000000000000000000001E
:10B23000000000000000000000000000000000000E
:10B2400000000000000000000000000000000000FE
:10B2500000000000000000000000000000000000EE
:10B2600000000000000000000000000000000000DE
:10B2700000000000000000000000000000000000CE
:10B2800000000000000000000000000000000000BE
:10B2900000000000000000000000000000000000AE
:10B2A000000000000000000000000000000000009E
:10B2B000000000000000000000000000000000008E
:10B2C000000000000000000000000000000000007E
:10B2D000000000000000000000000000000000006E
:10B2E000000000000000000000000000000000005E
:10B2F000000000000000000000000000000000004E
:10B30000000000000000000000000000000000003D
:10B31000000000000000000000000000000000002D
:10B32000000000000000000000000000000000001D
:10B33000000000000000000000000000000000000D
:10B3400000000000000000000000000000000000FD
:10B3500000000000000000000000000000000000ED
:10B3600000000000000000000000000000000000DD
:10B3700000000000000000000000000000000000CD
:10B3800000000000000000000000000000000000BD
:10B3900000000000000000000000000000000000AD
:10B3A000000000000000000000000000000000009D
:10B3B000000000000000000000000000000000008D
:10B3C000000000000000000000000000000000007D
:10B3D000000000000000000000000000000000006D
:10B3E000000000000000000000000000000000005D
:10B3F000000000000000000000000000000000004D
:10B40000000000000000000000000000000000003C
:10B41000000000000000000000000000000000002C
:10B42000000000000000000000000000000000001C
:10B43000000000000000000000000000000000000C
:10B4400000000000000000000000000000000000FC
:10B4500000000000000000000000000000000000EC
:10B4600000000000000000000000000000000000DC
:10B4700000000000000000000000000000000000CC
:10B4800000000000000000000000000000000000BC
:10B4900000000000000000000000000000000000AC
:10B4A000000000000000000000000000000000009C
:10B4B000000000000000000000000000000000008C
:10B4C000000000000000000000000000000000007C
:10B4D000000000000000000000000000000000006C
:10B4E000000000000000000000000000000000005C
:10B4F000000000000000000000000000000000004C
:10B50000000000000000000000000000000000003B
:10B51000000000000000000000000000000000002B
:10B52000000000000000000000000000000000001B
:10B53000000000000000000000000000000000000B
:10B5400000000000000000000000000000000000FB
:10B5500000000000000000000000000000000000EB
:10B5600000000000000000000000000000000000DB
:10B5700000000000000000000000000000000000CB
:10B5800000000000000000000000000000000000BB
:10B5900000000000000000000000000000000000AB
:10B5A000000000000000000000000000000000009B
:10B5B000000000000000000000000000000000008B
:10B5C000000000000000000000000000000000007B
:10B5D000000000000000000000000000000000006B
:10B5E000000000000000000000000000000000005B
:10B5F000000000000000000000000000000000004B
:10B60000000000000000000000000000000000003A
:10B61000000000000000000000000000000000002A
:10B62000000000000000000000000000000000001A
:10B63000000000000000000000000000000000000A
:10B6400000000000000000000000000000000000FA
:10B6500000000000000000000000000000000000EA
:10B6600000000000000000000000000000000000DA
:10B6700000000000000000000000000000000000CA
:10B6800000000000000000000000000000000000BA
:10B6900000000000000000000000000000000000AA
:10B6A000000000000000000000000000000000009A
:10B6B000000000000000000000000000000000008A
:10B6C000000000000000000000000000000000007A
:10B6D000000000000000000000000000000000006A
:10B6E000000000000000000000000000000000005A
:10B6F000000000000000000000000000000000004A
:10B700000000000000000000000000000000000039
:10B710000000000000000000000000000000000029
:10B720000000000000000000000000000000000019
:10B730000000000000000000000000000000000009
:10B7400000000000000000000000000000000000F9
:10B7500000000000000000000000000000000000E9
:10B7600000000000000000000000000000000000D9
:10B7700000000000000000000000000000000000C9
:10B7800000000000000000000000000000000000B9
:10B7900000000000000000000000000000000000A9
:10B7A0000000000000000000000000000000000099
:10B7B0000000000000000000000000000000000089
:10B7C0000000000000000000000000000000000079
:10B7D0000000000000000000000000000000000069
:10B7E0000000000000000000000000000000000059
:10B7F0000000000000000000000000000000000049
:10B800000000000000000000000000000000000038
:10B810000000000000000000000000000000000028
:10B820000000000000000000000000000000000018
:10B830000000000000000000000000000000000008
:10B8400000000000000000000000000000000000F8
:10B8500000000000000000000000000000000000E8
:10B8600000000000000000000000000000000000D8
:10B8700000000000000000000000000000000000C8
:10B8800000000000000000000000000000000000B8
:10B8900000000000000000000000000000000000A8
:10B8A0000000000000000000000000000000000098
:10B8B0000000000000000000000000000000000088
:10B8C0000000000000000000000000000000000078
:10B8D0000000000000000000000000000000000068
:10B8E0000000000000000000000000000000000058
:10B8F0000000000000000000000000000000000048
:10B900000000000000000000000000000000000037
:10B910000000000000000000000000000000000027
:10B920000000000000000000000000000000000017
:10B930000000000000000000000000000000000007
:10B9400000000000000000000000000000000000F7
:10B9500000000000000000000000000000000000E7
:10B9600000000000000000000000000000000000D7
:10B9700000000000000000000000000000000000C7
:10B9800000000000000000000000000000000000B7
:10B9900000000000000000000000000000000000A7
:10B9A0000000000000000000000000000000000097
:10B9B0000000000000000000000000000000000087
:10B9C0000000000000000000000000000000000077
:10B9D0000000000000000000000000000000000067
:10B9E0000000000000000000000000000000000057
:10B9F0000000000000000000000000000000000047
:10BA00000000000000000000000000000000000036
:10BA10000000000000000000000000000000000026
:10BA20000000000000000000000000000000000016
:10BA30000000000000000000000000000000000006
:10BA400000000000000000000000000000000000F6
:10BA500000000000000000000000000000000000E6
:10BA600000000000000000000000000000000000D6
:10BA700000000000000000000000000000000000C6
:10BA800000000000000000000000000000000000B6
:10BA900000000000000000000000000000000000A6
:10BAA0000000000000000000000000000000000096
:10BAB0000000000000000000000000000000000086
:10BAC0000000000000000000000000000000000076
:10BAD0000000000000000000000000000000000066
:10BAE0000000000000000000000000000000000056
:10BAF0000000000000000000000000000000000046
:10BB00000000000000000000000000000000000035
:10BB10000000000000000000000000000000000025
:10BB20000000000000000000000000000000000015
:10BB30000000000000000000000000000000000005
:10BB400000000000000000000000000000000000F5
:10BB500000000000000000000000000000000000E5
:10BB600000000000000000000000000000000000D5
:10BB700000000000000000000000000000000000C5
:10BB800000000000000000000000000000000000B5
:10BB900000000000000000000000000000000000A5
:10BBA0000000000000000000000000000000000095
:10BBB0000000000000000000000000000000000085
:10BBC0000000000000000000000000000000000075
:10BBD0000000000000000000000000000000000065
:10BBE0000000000000000000000000000000000055
:10BBF0000000000000000000000000000000000045
:10BC00000000000000000000000000000000000034
:10BC10000000000000000000000000000000000024
:10BC20000000000000000000000000000000000014
:10BC30000000000000000000000000000000000004
:10BC400000000000000000000000000000000000F4
:10BC500000000000000000000000000000000000E4
:10BC600000000000000000000000000000000000D4
:10BC700000000000000000000000000000000000C4
:10BC800000000000000000000000000000000000B4
:10BC900000000000000000000000000000000000A4
:10BCA0000000000000000000000000000000000094
:10BCB0000000000000000000000000000000000084
:10BCC0000000000000000000000000000000000074
:10BCD0000000000000000000000000000000000064
:10BCE0000000000000000000000000000000000054
:10BCF0000000000000000000000000000000000044
:10BD00000000000000000000000000000000000033
:10BD10000000000000000000000000000000000023
:10BD20000000000000000000000000000000000013
:10BD30000000000000000000000000000000000003
:10BD400000000000000000000000000000000000F3
:10BD500000000000000000000000000000000000E3
:10BD600000000000000000000000000000000000D3
:10BD700000000000000000000000000000000000C3
:10BD800000000000000000000000000000000000B3
:10BD900000000000000000000000000000000000A3
:10BDA0000000000000000000000000000000000093
:10BDB0000000000000000000000000000000000083
:10BDC0000000000000000000000000000000000073
:10BDD0000000000000000000000000000000000063
:10BDE0000000000000000000000000000000000053
:10BDF0000000000000000000000000000000000043
:10BE00000000000000000000000000000000000032
:10BE10000000000000000000000000000000000022
:10BE20000000000000000000000000000000000012
:10BE30000000000000000000000000000000000002
:10BE400000000000000000000000000000000000F2
:10BE500000000000000000000000000000000000E2
:10BE600000000000000000000000000000000000D2
:10BE700000000000000000000000000000000000C2
:10BE800000000000000000000000000000000000B2
:10BE900000000000000000000000000000000000A2
:10BEA0000000000000000000000000000000000092
:10BEB0000000000000000000000000000000000082
:10BEC0000000000000000000000000000000000072
:10BED0000000000000000000000000000000000062
:10BEE0000000000000000000000000000000000052
:10BEF0000000000000000000000000000000000042
:10BF00000000000000000000000000000000000031
:10BF10000000000000000000000000000000000021
:10BF20000000000000000000000000000000000011
:10BF30000000000000000000000000000000000001
:10BF400000000000000000000000000000000000F1
:10BF500000000000000000000000000000000000E1
:10BF600000000000000000000000000000000000D1
:10BF700000000000000000000000000000000000C1
:10BF800000000000000000000000000000000000B1
:10BF900000000000000000000000000000000000A1
:10BFA0000000000000000000000000000000000091
:10BFB0000000000000000000000000000000000081
:10BFC0000000000000000000000000000000000071
:10BFD0000000000000000000000000000000000061
:10BFE0000000000000000000000000000000000051
:10BFF0000000000000000000000000000000000041
:10C000000000000000000000000000000000000030
:10C010000000000000000000000000000000000020
:10C020000000000000000000000000000000000010
:10C030000000000000000000000000000000000000
:10C0400000000000000000000000000000000000F0
:10C0500000000000000000000000000000000000E0
:10C0600000000000000000000000000000000000D0
:10C0700000000000000000000000000000000000C0
:10C0800000000000000000000000000000000000B0
:10C0900000000000000000000000000000000000A0
:10C0A0000000000000000000000000000000000090
:10C0B0000000000000000000000000000000000080
:10C0C0000000000000000000000000000000000070
:10C0D0000000000000000000000000000000000060
:10C0E0000000000000000000000000000000000050
:10C0F0000000000000000000000000000000000040
:10C10000000000000000000000000000000000002F
:10C11000000000000000000000000000000000001F
:10C12000000000000000000000000000000000000F
:10C1300000000000000000000000000000000000FF
:10C1400000000000000000000000000000000000EF
:10C1500000000000000000000000000000000000DF
:10C1600000000000000000000000000000000000CF
:10C1700000000000000000000000000000000000BF
:10C1800000000000000000000000000000000000AF
:10C19000000000000000000000000000000000009F
:10C1A000000000000000000000000000000000008F
:10C1B000000000000000000000000000000000007F
:10C1C000000000000000000000000000000000006F
:10C1D000000000000000000000000000000000005F
:10C1E000000000000000000000000000000000004F
:10C1F000000000000000000000000000000000003F
:10C20000000000000000000000000000000000002E
:10C21000000000000000000000000000000000001E
:10C22000000000000000000000000000000000000E
:10C2300000000000000000000000000000000000FE
:10C2400000000000000000000000000000000000EE
:10C2500000000000000000000000000000000000DE
:10C2600000000000000000000000000000000000CE
:10C2700000000000000000000000000000000000BE
:10C2800000000000000000000000000000000000AE
:10C29000000000000000000000000000000000009E
:10C2A000000000000000000000000000000000008E
:10C2B000000000000000000000000000000000007E
:10C2C000000000000000000000000000000000006E
:10C2D000000000000000000000000000000000005E
:10C2E000000000000000000000000000000000004E
:10C2F000000000000000000000000000000000003E
:10C30000000000000000000000000000000000002D
:10C31000000000000000000000000000000000001D
:10C32000000000000000000000000000000000000D
:10C3300000000000000000000000000000000000FD
:10C3400000000000000000000000000000000000ED
:10C3500000000000000000000000000000000000DD
:10C3600000000000000000000000000000000000CD
:10C3700000000000000000000000000000000000BD
:10C3800000000000000000000000000000000000AD
:10C39000000000000000000000000000000000009D
:10C3A000000000000000000000000000000000008D
:10C3B000000000000000000000000000000000007D
:10C3C000000000000000000000000000000000006D
:10C3D000000000000000000000000000000000005D
:10C3E000000000000000000000000000000000004D
:10C3F000000000000000000000000000000000003D
:10C40000000000000000000000000000000000002C
:10C41000000000000000000000000000000000001C
:10C42000000000000000000000000000000000000C
:10C4300000000000000000000000000000000000FC
:10C4400000000000000000000000000000000000EC
:10C4500000000000000000000000000000000000DC
:10C4600000000000000000000000000000000000CC
:10C4700000000000000000000000000000000000BC
:10C4800000000000000000000000000000000000AC
:10C49000000000000000000000000000000000009C
:10C4A000000000000000000000000000000000008C
:10C4B000000000000000000000000000000000007C
:10C4C000000000000000000000000000000000006C
:10C4D000000000000000000000000000000000005C
:10C4E000000000000000000000000000000000004C
:10C4F000000000000000000000000000000000003C
:10C50000000000000000000000000000000000002B
:10C51000000000000000000000000000000000001B
:10C52000000000000000000000000000000000000B
:10C5300000000000000000000000000000000000FB
:10C5400000000000000000000000000000000000EB
:10C5500000000000000000000000000000000000DB
:10C5600000000000000000000000000000000000CB
:10C5700000000000000000000000000000000000BB
:10C5800000000000000000000000000000000000AB
:10C59000000000000000000000000000000000009B
:10C5A000000000000000000000000000000000008B
:10C5B000000000000000000000000000000000007B
:10C5C000000000000000000000000000000000006B
:10C5D000000000000000000000000000000000005B
:10C5E000000000000000000000000000000000004B
:10C5F000000000000000000000000000000000003B
:10C60000000000000000000000000000000000002A
:10C61000000000000000000000000000000000001A
:10C62000000000000000000000000000000000000A
:10C6300000000000000000000000000000000000FA
:10C6400000000000000000000000000000000000EA
:10C6500000000000000000000000000000000000DA
:10C6600000000000000000000000000000000000CA
:10C6700000000000000000000000000000000000BA
:10C6800000000000000000000000000000000000AA
:10C69000000000000000000000000000000000009A
:10C6A000000000000000000000000000000000008A
:10C6B000000000000000000000000000000000007A
:10C6C000000000000000000000000000000000006A
:10C6D000000000000000000000000000000000005A
:10C6E000000000000000000000000000000000004A
:10C6F000000000000000000000000000000000003A
:10C700000000000000000000000000000000000029
:10C710000000000000000000000000000000000019
:10C720000000000000000000000000000000000009
:10C7300000000000000000000000000000000000F9
:10C7400000000000000000000000000000000000E9
:10C7500000000000000000000000000000000000D9
:10C7600000000000000000000000000000000000C9
:10C7700000000000000000000000000000000000B9
:10C7800000000000000000000000000000000000A9
:10C790000000000000000000000000000000000099
:10C7A0000000000000000000000000000000000089
:10C7B0000000000000000000000000000000000079
:10C7C0000000000000000000000000000000000069
:10C7D0000000000000000000000000000000000059
:10C7E0000000000000000000000000000000000049
:10C7F0000000000000000000000000000000000039
:10C800000000000000000000000000000000000028
:10C810000000000000000000000000000000000018
:10C820000000000000000000000000000000000008
:10C8300000000000000000000000000000000000F8
:10C8400000000000000000000000000000000000E8
:10C8500000000000000000000000000000000000D8
:10C8600000000000000000000000000000000000C8
:10C8700000000000000000000000000000000000B8
:10C8800000000000000000000000000000000000A8
:10C890000000000000000000000000000000000098
:10C8A0000000000000000000000000000000000088
:10C8B0000000000000000000000000000000000078
:10C8C0000000000000000000000000000000000068
:10C8D0000000000000000000000000000000000058
:10C8E0000000000000000000000000000000000048
:10C8F0000000000000000000000000000000000038
:10C900000000000000000000000000000000000027
:10C910000000000000000000000000000000000017
:10C920000000000000000000000000000000000007
:10C9300000000000000000000000000000000000F7
:10C9400000000000000000000000000000000000E7
:10C9500000000000000000000000000000000000D7
:10C9600000000000000000000000000000000000C7
:10C9700000000000000000000000000000000000B7
:10C9800000000000000000000000000000000000A7
:10C990000000000000000000000000000000000097
:10C9A0000000000000000000000000000000000087
:10C9B0000000000000000000000000000000000077
:10C9C0000000000000000000000000000000000067
:10C9D0000000000000000000000000000000000057
:10C9E0000000000000000000000000000000000047
:10C9F0000000000000000000000000000000000037
:10CA00000000000000000000000000000000000026
:10CA10000000000000000000000000000000000016
:10CA20000000000000000000000000000000000006
:10CA300000000000000000000000000000000000F6
:10CA400000000000000000000000000000000000E6
:10CA500000000000000000000000000000000000D6
:10CA600000000000000000000000000000000000C6
:10CA700000000000000000000000000000000000B6
:10CA800000000000000000000000000000000000A6
:10CA90000000000000000000000000000000000096
:10CAA0000000000000000000000000000000000086
:10CAB0000000000000000000000000000000000076
:10CAC0000000000000000000000000000000000066
:10CAD0000000000000000000000000000000000056
:10CAE0000000000000000000000000000000000046
:10CAF0000000000000000000000000000000000036
:10CB00000000000000000000000000000000000025
:10CB10000000000000000000000000000000000015
:10CB20000000000000000000000000000000000005
:10CB300000000000000000000000000000000000F5
:10CB400000000000000000000000000000000000E5
:10CB500000000000000000000000000000000000D5
:10CB600000000000000000000000000000000000C5
:10CB700000000000000000000000000000000000B5
:10CB800000000000000000000000000000000000A5
:10CB90000000000000000000000000000000000095
:10CBA0000000000000000000000000000000000085
:10CBB0000000000000000000000000000000000075
:10CBC0000000000000000000000000000000000065
:10CBD0000000000000000000000000000000000055
:10CBE0000000000000000000000000000000000045
:10CBF0000000000000000000000000000000000035
:10CC00000000000000000000000000000000000024
:10CC10000000000000000000000000000000000014
:10CC20000000000000000000000000000000000004
:10CC300000000000000000000000000000000000F4
:10CC400000000000000000000000000000000000E4
:10CC500000000000000000000000000000000000D4
:10CC600000000000000000000000000000000000C4
:10CC700000000000000000000000000000000000B4
:10CC800000000000000000000000000000000000A4
:10CC90000000000000000000000000000000000094
:10CCA0000000000000000000000000000000000084
:10CCB0000000000000000000000000000000000074
:10CCC0000000000000000000000000000000000064
:10CCD0000000000000000000000000000000000054
:10CCE0000000000000000000000000000000000044
:10CCF0000000000000000000000000000000000034
:10CD00000000000000000000000000000000000023
:10CD10000000000000000000000000000000000013
:10CD20000000000000000000000000000000000003
:10CD300000000000000000000000000000000000F3
:10CD400000000000000000000000000000000000E3
:10CD500000000000000000000000000000000000D3
:10CD600000000000000000000000000000000000C3
:10CD700000000000000000000000000000000000B3
:10CD800000000000000000000000000000000000A3
:10CD90000000000000000000000000000000000093
:10CDA0000000000000000000000000000000000083
:10CDB0000000000000000000000000000000000073
:10CDC0000000000000000000000000000000000063
:10CDD0000000000000000000000000000000000053
:10CDE0000000000000000000000000000000000043
:10CDF0000000000000000000000000000000000033
:10CE00000000000000000000000000000000000022
:10CE10000000000000000000000000000000000012
:10CE20000000000000000000000000000000000002
:10CE300000000000000000000000000000000000F2
:10CE400000000000000000000000000000000000E2
:10CE500000000000000000000000000000000000D2
:10CE600000000000000000000000000000000000C2
:10CE700000000000000000000000000000000000B2
:10CE800000000000000000000000000000000000A2
:10CE90000000000000000000000000000000000092
:10CEA0000000000000000000000000000000000082
:10CEB0000000000000000000000000000000000072
:10CEC0000000000000000000000000000000000062
:10CED0000000000000000000000000000000000052
:10CEE0000000000000000000000000000000000042
:10CEF0000000000000000000000000000000000032
:10CF00000000000000000000000000000000000021
:10CF10000000000000000000000000000000000011
:10CF20000000000000000000000000000000000001
:10CF300000000000000000000000000000000000F1
:10CF400000000000000000000000000000000000E1
:10CF500000000000000000000000000000000000D1
:10CF600000000000000000000000000000000000C1
:10CF700000000000000000000000000000000000B1
:10CF800000000000000000000000000000000000A1
:10CF90000000000000000000000000000000000091
:10CFA0000000000000000000000000000000000081
:10CFB0000000000000000000000000000000000071
:10CFC0000000000000000000000000000000000061
:10CFD0000000000000000000000000000000000051
:10CFE0000000000000000000000000000000000041
:10CFF0000000000000000000000000000000000031
:10D000000000000000000000000000000000000020
:10D010000000000000000000000000000000000010
:10D020000000000000000000000000000000000000
:10D0300000000000000000000000000000000000F0
:10D0400000000000000000000000000000000000E0
:10D0500000000000000000000000000000000000D0
:10D0600000000000000000000000000000000000C0
:10D0700000000000000000000000000000000000B0
:10D0800000000000000000000000000000000000A0
:10D090000000000000000000000000000000000090
:10D0A0000000000000000000000000000000000080
:10D0B0000000000000000000000000000000000070
:10D0C0000000000000000000000000000000000060
:10D0D0000000000000000000000000000000000050
:10D0E0000000000000000000000000000000000040
:10D0F0000000000000000000000000000000000030
:10D10000000000000000000000000000000000001F
:10D11000000000000000000000000000000000000F
:10D1200000000000000000000000000000000000FF
:10D1300000000000000000000000000000000000EF
:10D1400000000000000000000000000000000000DF
:10D1500000000000000000000000000000000000CF
:10D1600000000000000000000000000000000000BF
:10D1700000000000000000000000000000000000AF
:10D18000000000000000000000000000000000009F
:10D19000000000000000000000000000000000008F
:10D1A000000000000000000000000000000000007F
:10D1B000000000000000000000000000000000006F
:10D1C000000000000000000000000000000000005F
:10D1D000000000000000000000000000000000004F
:10D1E000000000000000000000000000000000003F
:10D1F000000000000000000000000000000000002F
:10D20000000000000000000000000000000000001E
:10D21000000000000000000000000000000000000E
:10D2200000000000000000000000000000000000FE
:10D2300000000000000000000000000000000000EE
:10D2400000000000000000000000000000000000DE
:10D2500000000000000000000000000000000000CE
:10D2600000000000000000000000000000000000BE
:10D2700000000000000000000000000000000000AE
:10D28000000000000000000000000000000000009E
:10D29000000000000000000000000000000000008E
:10D2A000000000000000000000000000000000007E
:10D2B000000000000000000000000000000000006E
:10D2C000000000000000000000000000000000005E
:10D2D000000000000000000000000000000000004E
:10D2E000000000000000000000000000000000003E
:10D2F000000000000000000000000000000000002E
:10D30000000000000000000000000000000000001D
:10D31000000000000000000000000000000000000D
:10D3200000000000000000000000000000000000FD
:10D3300000000000000000000000000000000000ED
:10D3400000000000000000000000000000000000DD
:10D3500000000000000000000000000000000000CD
:10D3600000000000000000000000000000000000BD
:10D3700000000000000000000000000000000000AD
:10D38000000000000000000000000000000000009D
:10D39000000000000000000000000000000000008D
:10D3A000000000000000000000000000000000007D
:10D3B000000000000000000000000000000000006D
:10D3C000000000000000000000000000000000005D
:10D3D000000000000000000000000000000000004D
:10D3E000000000000000000000000000000000003D
:10D3F000000000000000000000000000000000002D
:10D40000000000000000000000000000000000001C
:10D41000000000000000000000000000000000000C
:10D420000000000042266BAA6BAA6BAA6BAA6BAA2B
:10D430006BAA6BAA6BAA636952C8318400200000F2
:10D4400000000000000000000000000000000000DC
:10D4500000000000000000000000000000000000CC
:10D4600000000000000000000000000000000000BC
:10D4700000000000000000000000000000000000AC
:10D48000000000000000000000000000000000009C
:10D49000000000000000000000000000000000008C
:10D4A000000000000000000000000000000000007C
:10D4B000000000000000000000000000000000006C
:10D4C000000000000000000000000000000000005C
:10D4D000000000000000000000000000000000004C
:10D4E000000000000000000000000000000000003C
:10D4F000000000000000000000000000000000002C
:10D50000000000000000000000000000000000001B
:10D51000000000000000000000000000000000000B
:10D5200000000000000000000000000000000000FB
:10D5300000000000000000000000000000000000EB
:10D5400000000000000000000000000000000000DB
:10D5500000000000000000000000000000000000CB
:10D5600000000000000000000000000000000000BB
:10D5700000000000000000000000000000000000AB
:10D58000000000000000000000000000000000009B
:10D59000000000000000000000000000000000008B
:10D5A000000000000000000000000000000000007B
:10D5B000000000000000000000000000000000006B
:10D5C000000000000000000000000000000000005B
:10D5D000000000000000000000000000000000004B
:10D5E000000000000000000000000000000000003B
:10D5F000000000000000000000000000000000002B
:10D60000000000006329A56EA56EA56EA56EA56E2F
:10D61000A56EA56EA56EA56EA56EA56E8C8C18C2A6
:10D6200000000000000000000000000000000000FA
:10D6300000000000000000000000000000000000EA
:10D6400000000000000000000000000000000000DA
:10D6500000000000000000000000000000000000CA
:10D6600000000000000000000000000000000000BA
:10D6700000000000000000000000000000000000AA
:10D68000000000000000000000000000000000009A
:10D69000000000000000000000000000000000008A
:10D6A000000000000000000000000000000000007A
:10D6B000000000000000000000000000000000006A
:10D6C000000000000000000000000000000000005A
:10D6D000000000000000000000000000000000004A
:10D6E000000000000000000000000000000000003A
:10D6F000000000000000000000000000000000002A
:10D700000000000000000000000000000000000019
:10D710000000000000000000000000000000000009
:10D7200000000000000000000000000000000000F9
:10D7300000000000000000000000000000000000E9
:10D7400000000000000000000000000000000000D9
:10D7500000000000000000000000000000000000C9
:10D7600000000000000000000000000000000000B9
:10D7700000000000000000000000000000000000A9
:10D780000000000000000000000000000000000099
:10D790000000000000000000000000000000000089
:10D7A0000000000000000000000000000000000079
:10D7B0000000000000000000000000000000000069
:10D7C0000000000000000000000000000000000059
:10D7D0000000000000000000000000000000000049
:10D7E000000000006329A56EA56EA56EA56EA56E4E
:10D7F000A56EA56EA56EA56EA56EA56EA56E846CB4
:10D800000000000000000000000000000000000018
:10D810000000000000000000000000000000000008
:10D8200000000000000000000000000000000000F8
:10D8300000000000000000000000000000000000E8
:10D8400000000000000000000000000000000000D8
:10D8500000000000000000000000000000000000C8
:10D8600000000000000000000000000000000000B8
:10D8700000000000000000000000000000000000A8
:10D880000000000000000000000000000000000098
:10D890000000000000000000000000000000000088
:10D8A0000000000000000000000000000000000078
:10D8B0000000000000000000000000000000000068
:10D8C0000000000000000000000000000000000058
:10D8D0000000000000000000000000000000000048
:10D8E0000000000000000000000000000000000038
:10D8F0000000000000000000000000000000000028
:10D900000000000000000000000000000000000017
:10D910000000000000000000000000000000000007
:10D9200000000000000000000000000000000000F7
:10D9300000000000000000000000000000000000E7
:10D9400000000000000000000000000000000000D7
:10D9500000000000000000000000000000000000C7
:10D9600000000000000000000000000000000000B7
:10D9700000000000000000000000000000000000A7
:10D980000000000000000000000000000000000097
:10D990000000000000000000000000000000000087
:10D9A0000000000000000000000000000000000077
:10D9B0000000000000000000000000000000000067
:10D9C0000000000018E2296429642964296429649C
:10D9D000296431844226846CA56EA56EA56EA56E61
:10D9E0002103000000000000000000000000000013
:10D9F0000000000000000000000000000000000027
:10DA00000000000000000000000000000000000016
:10DA1000000000000000086108610861086108203A
:10DA200000000000000000000000000000000000F6
:10DA300000000000000000000000000000000000E6
:10DA400000000000000000000000000000000000D6
:10DA500000000000000000000000000000000000C6
:10DA600000000000000000000000000000000000B6
:10DA700000000000000000000000000000000000A6
:10DA80000000000000000000000000000000000096
:10DA90000000000000000000000000000000000086
:10DAA0000000000000000000000000000000000076
:10DAB0000000000000000000000000000000000066
:10DAC0000000000000000000000000000000000056
:10DAD0000000000000000000000000000000000046
:10DAE0000000000000000000000000000000000036
:10DAF0000000000000000000000000000000000026
:10DB00000000000000000000000000000000000015
:10DB10000000000000000000000000000000000005
:10DB200000000000000000000000000000000000F5
:10DB300000000000000000000000000000000000E5
:10DB400000000000000000000000000000000000D5
:10DB500000000000000000000000000000000000C5
:10DB600000006B89A56EA56EA56EA56EA56EA56E4F
:10DB7000A56EA56EA56E9D2E94ED73EA2964000036
:10DB80000000000000000000000000000000000095
:10DB90000000000000000000000000000000000085
:10DBA0000000000000000000000000000000000075
:10DBB00000000000000008419D2EA56EA56EA56E18
:10DBC00039E5000000000000000000000000000037
:10DBD0000000000000000000000000000000000045
:10DBE0000000000000000000000000000000000035
:10DBF000000000006329A56EA56EA56EA56E52C734
:10DC00000000000000000000000000000000000014
:10DC10000000000000000000000000000000000004
:10DC200000000000000000000000000000000000F4
:10DC300000000000000000000000000000000000E4
:10DC400000000000000000000000000000000000D4
:10DC500000000000000000000000000000000000C4
:10DC600000000000000000000000000000000000B4
:10DC700000000000000000000000000000000000A4
:10DC80000000000000000000000000000000000094
:10DC90000000000000000000000000000000000084
:10DCA0000000000000000000000000000000000074
:10DCB0000000000000000000000000000000000064
:10DCC0000000000000000000000000000000000054
:10DCD0000000000000000000000000000000000044
:10DCE0000000000000000000000000000000000034
:10DCF0000000000000000000000000000000000024
:10DD00000000000000000000000000000000000013
:10DD10000000000000000000000000000000000003
:10DD200000000000000000000000000000000000F3
:10DD300000000000000000000000000000000000E3
:10DD400000006B89A56EA56EA56EA56EA56EA56E6D
:10DD5000A56EA56EA56EA56EA56EA56EA56E3A05FF
:10DD600000000000000000000000000000000000B3
:10DD700000000000000000000000000000000000A3
:10DD80000000000000000000000000000000000093
:10DD900000000000000000008C8CA56EA56EA56E32
:10DDA00031A400000000000000000000000000009E
:10DDB0000000000000000000000000000000000063
:10DDC0000000000000000000000000000000000053
:10DDD00000005AE8A56EA56EA56EA56EA56E52C789
:10DDE0000000000000000000000000000000000033
:10DDF0000000000000000000000000000000000023
:10DE00000000000000000000000000000000000012
:10DE10000000000000000000000000000000000002
:10DE200000000000000000000000000000000000F2
:10DE300000000000000000000000000000000000E2
:10DE400000000000000000000000000000000000D2
:10DE500000000000000000000000000000000000C2
:10DE600000000000000000000000000000000000B2
:10DE700000000000000000000000000000000000A2
:10DE80000000000000000000000000000000000092
:10DE90000000000000000000000000000000000082
:10DEA0000000000000000000000000000000000072
:10DEB0000000000000000000000000000000000062
:10DEC0000000000000000000000000000000000052
:10DED0000000000000000000000000000000000042
:10DEE0000000000000000000000000000000000032
:10DEF0000000000000000000000000000000000022
:10DF00000000000000000000000000000000000011
:10DF10000000000000000000000000000000000001
:10DF200000006B89A56EA56EA56EA56EA56EA56E8B
:10DF3000A56EA56EA56EA56EA56EA56EA56E9D2E91
:10DF40000841000000000000000000000000000088
:10DF500000000000000000000000000000000000C1
:10DF600000000000000000000000000000000000B1
:10DF700000000000000021039D4EA56EA56E9D4E81
:10DF80000861000000000000000000000000000028
:10DF90000000000000000000000000000000000081
:10DFA0000000000000000000000000000000000071
:10DFB0004AA7A56EA56EA56EA56EA56EA56E52C7E5
:10DFC0000000000000000000000000000000000051
:10DFD0000000000000000000000000000000000041
:10DFE0000000000000000000000000000000000031
:10DFF0000000000000000000000000000000000021
:10E000000000000000000000000000000000000010
:10E010000000000000000000000000000000000000
:10E0200000000000000000000000000000000000F0
:10E0300000000000000000000000000000000000E0
:10E0400000000000000000000000000000000000D0
:10E0500000000000000000000000000000000000C0
:10E0600000000000000000000000000000000000B0
:10E0700000000000000000000000000000000000A0
:10E080000000000000000000000000000000000090
:10E090000000000000000000000000000000000080
:10E0A0000000000000000000000000000000000070
:10E0B0000000000000000000000000000000000060
:10E0C0000000000000000000000000000000000050
:10E0D0000000000000000000000000000000000040
:10E0E0000000000000000000000000000000000030
:10E0F0000000000000000000000000000000000020
:10E10000000000000000000000000000000000000F
:10E1100000000000084131C49D2EA56EA56EA56EBD
:10E1200031C50000000000000000000000000000F9
:10E1300000000000000000000000000000000000DF
:10E1400000000000000010A25AE85AE85AE85AE815
:10E150005AE85B2873CA9D4EA56EA56EA56E52A7A0
:10E1600000000000000000000000000000000000AF
:10E17000000000000000000000000000000000009F
:10E180000000000000000000000000000000424607
:10E19000A56EA56EA56E9D0DA56EA56EA56E52C74A
:10E1A000000000000000000000000000000000006F
:10E1B000000000000000000000000000000000005F
:10E1C000000000000000000000000000000000004F
:10E1D000000000000000000000000000000000003F
:10E1E000000000000000000000000000000000002F
:10E1F000000000000000000000000000000000001F
:10E20000000000000000000000000000000000000E
:10E2100000000000000000000000000000000000FE
:10E2200000000000000000000000000000000000EE
:10E2300000000000000000000000000000000000DE
:10E2400000000000000000000000000000000000CE
:10E2500000000000000000000000000000000000BE
:10E2600000000000000000000000000000000000AE
:10E27000000000000000000000000000000000009E
:10E28000000000000000000000000000000000008E
:10E29000000000000000000000000000000000007E
:10E2A000000000000000000000000000000000006E
:10E2B000000000000000000000000000000000005E
:10E2C000000000000000000000000000000000004E
:10E2D000000000000000000000000000000000003E
:10E2E000000000000000000000000000000000002E
:10E2F00000000000000000006B69A56EA56EA56E11
:10E300004A6600000000000000000000000000005D
:10E3100000000000000000000000000000000000FD
:10E320000000000000002943A56EA56EA56EA56E35
:10E33000A56EA56EA56EA56EA56EA56E5AE8000029
:10E3400000000000000000000000000000000000CD
:10E3500000000000000000000000000000000000BD
:10E360000000000000000000000000003A05A56E5B
:10E37000A56EA56E950D2964A56EA56EA56E52C7F6
:10E38000000000000000000000000000000000008D
:10E39000000000000000000000000000000000007D
:10E3A000000000000000000000000000000000006D
:10E3B000000000000000000000000000000000005D
:10E3C000000000000000000000000000000000004D
:10E3D000000000000000000000000000000000003D
:10E3E000000000000000000000000000000000002D
:10E3F000000000000000000000000000000000001D
:10E40000000000000000000000000000000000000C
:10E4100000000000000000000000000000000000FC
:10E4200000000000000000000000000000000000EC
:10E4300000000000000000000000000000000000DC
:10E4400000000000000000000000000000000000CC
:10E4500000000000000000000000000000000000BC
:10E4600000000000000000000000000000000000AC
:10E47000000000000000000000000000000000009C
:10E48000000000000000000000000000000000008C
:10E49000000000000000000000000000000000007C
:10E4A000000000000000000000000000000000006C
:10E4B000000000000000000000000000000000005C
:10E4C000000000000000000000000000000000004C
:10E4D00000000000000000006B69A56EA56EA56E2F
:10E4E0004A8700000000000000000000000000005B
:10E4F000000000000000000000000000000000001C
:10E500000000000000002943A56EA56EA56EA56E53
:10E51000A56EA56EA56EA56EA56EA56E7C2B108151
:10E5200000000000000000000000000000000000EB
:10E5300000000000000000000000000000000000DB
:10E540000000000000000000000031A49D4EA56EF8
:10E55000A56E9D2E21431081A56EA56EA56E52C796
:10E5600000000000000000000000000000000000AB
:10E57000000000000000000000000000000000009B
:10E58000000000000000000000000000000000008B
:10E59000000000000000000000000000000000007B
:10E5A000000000000000000000000000000000006B
:10E5B000000000000000000000000000000000005B
:10E5C000000000000000000000000000000000004B
:10E5D000000000000000000000000000000000003B
:10E5E000000000000000000000000000000000002B
:10E5F000000000000000000000000000000000001B
:10E60000000000000000000000000000000000000A
:10E6100000000000000000000000000000000000FA
:10E6200000000000000000000000000000000000EA
:10E6300000000000000000000000000000000000DA
:10E6400000000000000000000000000000000000CA
:10E6500000000000000000000000000000000000BA
:10E6600000000000000000000000000000000000AA
:10E67000000000000000000000000000000000009A
:10E68000000000000000000000000000000000008A
:10E69000000000000000000000000000000000007A
:10E6A000000000000000000000000000000000006A
:10E6B00000000000084131C59D2EA56EA56EA56E17
:10E6C00039E500000000000000000000000000002C
:10E6D000000000000000000000000000000000003A
:10E6E00000000000000010814226422642264226F9
:10E6F0004226422652A78CACA56EA56EA56E7C0B59
:10E700000000000000000000000000000000000009
:10E7100000000000000000000000000000000000F9
:10E72000000000000000000029649D4EA56EA56E4B
:10E730009D4E298400001081A56EA56EA56E52C75E
:10E7400000000000000000000000000000000000C9
:10E7500000000000000000000000000000000000B9
:10E7600000000000000000000000000000000000A9
:10E770000000000000000000000000000000000099
:10E780000000000000000000000000000000000089
:10E790000000000000000000000000000000000079
:10E7A0000000000000000000000000000000000069
:10E7B0000000000000000000000000000000000059
:10E7C0000000000000000000000000000000000049
:10E7D0000000000000000000000000000000000039
:10E7E0000000000000000000000000000000000029
:10E7F0000000000000000000000000000000000019
:10E800000000000000000000000000000000000008
:10E8100000000000000000000000000000000000F8
:10E8200000000000000000000000000000000000E8
:10E8300000000000000000000000000000000000D8
:10E8400000000000000000000000000000000000C8
:10E8500000000000000000000000000000000000B8
:10E8600000000000000000000000000000000000A8
:10E870000000000000000000000000000000000098
:10E8800000000000000029846B898CAC950DA54E1A
:10E89000A56EA56EA56EA56EA56EA56EA56E9D2E28
:10E8A00010610000000000000000000000000000F7
:10E8B0000000000000000000000000000000000058
:10E8C0000000000000000000000000000000000048
:10E8D000000000000000084194EDA56EA56EA56E35
:10E8E0002103000000000000000000000000000004
:10E8F0000000000000000000000000000000000018
:10E9000000000000000021239D2EA56EA56EA54EDF
:10E9100039C5000000001081A56EA56EA56E52C716
:10E9200000000000000000000000000000000000E7
:10E9300000000000000000000000000000000000D7
:10E9400000000000000000000000000000000000C7
:10E9500000000000000000000000000000000000B7
:10E9600000000000000000000000000000000000A7
:10E970000000000000000000000000000000000097
:10E980000000000000000000000000000000000087
:10E990000000000000000000000000000000000077
:10E9A0000000000000000000000000000000000067
:10E9B0000000000000000000000000000000000057
:10E9C0000000000000000000000000000000000047
:10E9D0000000000000000000000000000000000037
:10E9E0000000000000000000000000000000000027
:10E9F0000000000000000000000000000000000017
:10EA00000000000000000000000000000000000006
:10EA100000000000000000000000000000000000F6
:10EA200000000000000000000000000000000000E6
:10EA300000000000000000000000000000000000D6
:10EA400000000000000000000000000000000000C6
:10EA500000000000000000000000000000000000B6
:10EA60000000000052E8A56EA56EA56EA56EA56E0D
:10EA7000A56EA56EA56EA56EA56EA56EA56E4A4681
:10EA80000000000000000000000000000000000086
:10EA90000000000000000000000000000000000076
:10EAA0000000000000000000000000000000000066
:10EAB00000000000000000007C0BA56EA56EA56E96
:10EAC00039E5000000000000000000000000000028
:10EAD0000000000000000000000000000000000036
:10EAE000000000002103950DA56EA56EA56E4225C0
:10EAF0000000000000001081A56EA56EA56E52C733
:10EB00000000000000000000000000000000000005
:10EB100000000000000000000000000000000000F5
:10EB200000000000000000000000000000000000E5
:10EB300000000000000000000000000000000000D5
:10EB400000000000000000000000000000000000C5
:10EB500000000000000000000000000000000000B5
:10EB600000000000000000000000000000000000A5
:10EB70000000000000000000000000000000000095
:10EB80000000000000000000000000000000000085
:10EB90000000000000000000000000000000000075
:10EBA0000000000000000000000000000000000065
:10EBB0000000000000000000000000000000000055
:10EBC0000000000000000000000000000000000045
:10EBD0000000000000000000000000000000000035
:10EBE0000000000000000000000000000000000025
:10EBF0000000000000000000000000000000000015
:10EC00000000000000000000000000000000000004
:10EC100000000000000000000000000000000000F4
:10EC200000000000000000000000000000000000E4
:10EC300000000000000000000000000000000000D4
:10EC400000002103A56EA56EA56EA56EA56EA56E2E
:10EC5000A56EA56EA56EA56E9D4E7C2B31A4000001
:10EC600000000000000000000000000000000000A4
:10EC70000000000000000000000000000000000094
:10EC80000000000000000000000000000000000084
:10EC9000000000000000084194EDA56EA56EA56E71
:10ECA00039E5000000000000000000000000000046
:10ECB0000000000000000000000000000000000054
:10ECC000000018C294EDA56EA56EA56E4A66000000
:10ECD0000000000000001081A56EA56EA56E52C751
:10ECE0000000000000000000000000000000000024
:10ECF0000000000000000000000000000000000014
:10ED00000000000000000000000000000000000003
:10ED100000000000000000000000000000000000F3
:10ED200000000000000000000000000000000000E3
:10ED300000000000000000000000000000000000D3
:10ED400000000000000000000000000000000000C3
:10ED500000000000000000000000000000000000B3
:10ED600000000000000000000000000000000000A3
:10ED70000000000000000000000000000000000093
:10ED80000000000000000000000000000000000083
:10ED90000000000000000000000000000000000073
:10EDA0000000000000000000000000000000000063
:10EDB0000000000000000000000000000000000053
:10EDC0000000000000000000000000000000000043
:10EDD0000000000000000000000000000000000033
:10EDE0000000000000000000000000000000000023
:10EDF0000000000000000000000000000000000013
:10EE00000000000000000000000000000000000002
:10EE100000000000000000000000000000000000F2
:10EE2000000052A7A56EA56EA56E950D3A0518E2D5
:10EE3000086108610861086100200000000000000E
:10EE400000000000000000000000000000000000C2
:10EE500000000000000000000000000000000000B2
:10EE6000000000002943422642264226422642262E
:10EE70004226424652C78C8CA56EA56EA56EA56E25
:10EE800018E2000000000000000000000000000088
:10EE90000000000000000000000000000000000072
:10EEA000106194CDA56EA56EA56E52A7000000005E
:10EEB0000000000000001081A56EA56EA56E52C76F
:10EEC0000000000000000000000000000000000042
:10EED0000000000000000000000000000000000032
:10EEE00000008C8C950D950D950D950D950D950D3E
:10EEF000950D950D950D950D950D950D950D42263C
:10EF00000000000000000000000000000000000001
:10EF100000000000000000000000000000000000F1
:10EF200000000000000000000000000000000000E1
:10EF300000000000000000000000000000000000D1
:10EF400000000000000000000000000000000000C1
:10EF500000000000000000000000000000000000B1
:10EF600000000000000000000000000000000000A1
:10EF70000000000000000000000000000000000091
:10EF80000000000000000000000000000000000081
:10EF90000000000000000000000000000000000071
:10EFA0000000000000000000000000000000000061
:10EFB0000000000000000000000000000000000051
:10EFC00000000000000000000000000000004226D9
:10EFD0009D2E9D2E9D2E39E50000000000000000B2
:10EFE0000000000000000000000000000000000021
:10EFF0000000000000000000000000000000000011
:10F0000000006349A56EA56EA56E4A46000000008B
:10F0100000000000000000000000000000000000F0
:10F0200000000000000000000000000000000000E0
:10F0300000000000000000000000000000000000D0
:10F04000000000006329A56EA56EA56EA56EA56ED5
:10F05000A56EA56EA56EA56EA56EA56EA56E73CAEE
:10F0600000000000000000000000000000000000A0
:10F070000000000000000000000000000000000090
:10F080002123A56EA56EA56EA56E8CAC8CAC8CAC48
:10F090008CAC8CAC8CAC8CCDA56EA56EA56E9D0D8C
:10F0A0008CAC7C2B00000000000000000000000081
:10F0B0000000000000000000000000000000000050
:10F0C000000094CDA56EA56EA56EA56EA56EA56E6D
:10F0D000A56EA56EA56EA56EA56EA56EA56E4A66FB
:10F0E0000000000000000000000000000000000020
:10F0F0000000000000000000000000000000000010
:10F1000000000000000000000000000000000000FF
:10F1100000000000000000000000000000000000EF
:10F1200000000000000000000000000000000000DF
:10F1300000000000000000000000000000000000CF
:10F1400000000000000000000000000000000000BF
:10F1500000000000000000000000000000000000AF
:10F16000000000000000000000000000000000009F
:10F17000000000000000000000000000000000008F
:10F18000000000000000000000000000000000007F
:10F19000000000000000000000000000000000006F
:10F1A00000000000000000000000000000004A46CF
:10F1B000A56EA56EA56E3A050000000000000000D7
:10F1C000000000000000000000000000000000003F
:10F1D000000000000000000000000000000000002F
:10F1E00000006B89A56EA56EA56E29640000000065
:10F1F000000000000000000000000000000000000F
:10F2000000000000000000000000000000000000FE
:10F2100000000000000000000000000000000000EE
:10F22000000000006329A56EA56EA56EA56EA56EF3
:10F23000A56EA56EA56EA56EA56EA56E73AA0841F6
:10F2400000000000000000000000000000000000BE
:10F2500000000000000000000000000000000000AE
:10F260002123A56EA56EA56EA56EA56EA56EA56ED5
:10F27000A56EA56EA56EA56EA56EA56EA56EA56EF6
:10F28000A56E8CCD00000000000000000000000012
:10F29000000000000000000000000000000000006E
:10F2A000000094CDA56EA56EA56EA56EA56EA56E8B
:10F2B000A56EA56EA56EA56EA56EA56EA56E4A6619
:10F2C000000000000000000000000000000000003E
:10F2D000000000000000000000000000000000002E
:10F2E000000000000000000000000000000000001E
:10F2F000000000000000000000000000000000000E
:10F3000000000000000000000000000000000000FD
:10F3100000000000000000000000000000000000ED
:10F3200000000000000000000000000000000000DD
:10F3300000000000000000000000000000000000CD
:10F3400000000000000000000000000000000000BD
:10F3500000000000000000000000000000000000AD
:10F36000000000000000000000000000000000009D
:10F37000000000000000000000000000000000008D
:10F3800000000000000000000000000000004A46ED
:10F39000A56EA56EA56E3A050000000000000000F5
:10F3A000000000000000000000000000000000005D
:10F3B000000000000000000000000000000000004D
:10F3C00000006B89A56EA56EA56E294400000000A3
:10F3D000000000000000000000000000000000002D
:10F3E000000000000000000000000000000000001D
:10F3F000000000000000000000000000000000000D
:10F400000000000031C45AE85AE85AE85AE85AE8BD
:10F410005AE85AE85AE852E8424618E2000000006A
:10F4200000000000000000000000000000000000DC
:10F4300000000000000000000000000000000000CC
:10F440002123A56EA56EA56EA56EA56EA56EA56EF3
:10F45000A56EA56EA56EA56EA56EA56EA56EA56E14
:10F46000A56E8CCD00000000000000000000000030
:10F47000000000000000000000000000000000008C
:10F48000000094CDA56EA56E950D08610861086118
:10F49000086108610861086108610861086100206D
:10F4A000000000000000000000000000000000005C
:10F4B000000000000000000000000000000000004C
:10F4C000000000000000000000000000000000003C
:10F4D000000000000000000000000000000000002C
:10F4E000000000000000000000000000000000001C
:10F4F000000000000000000000000000000000000C
:10F5000000000000000000000000000000000000FB
:10F5100000000000000000000000000000000000EB
:10F5200000000000000000000000000000000000DB
:10F5300000000000000000000000000000000000CB
:10F5400000000000000000000000000000000000BB
:10F5500000000000000000000000000000000000AB
:10F5600000000000000000000000000000004A460B
:10F57000A56EA56EA56E3A05000000000000000013
:10F58000000000000000000000000000000000007B
:10F59000000000000000000000000000000000006B
:10F5A00000006B89A56EA56EA56E844B7C0B7C0B51
:10F5B0007C0B7C0B7C0B7C0B7C0B7C0B7C0B7C0B13
:10F5C00031A4000000000000000000000000000066
:10F5D000000000000000000000000000000000002B
:10F5E000000000000000000000000000000000001B
:10F5F000000000000000000000000000000000000B
:10F6000000000000000000000000000000000000FA
:10F6100000000000000000000000000000000000EA
:10F6200000000861086108610861086108610861FB
:10F6300008610861086118E2A56EA56EA56E5B08F9
:10F640000861084100000000000000000000000008
:10F6500000000000000000000000000000000000AA
:10F66000000094CDA56EA56E950D00000000000071
:10F67000000000000000000000000000000000008A
:10F68000000000000000000000000000000000007A
:10F69000000000000000000000000000000000006A
:10F6A000000000000000000000000000000000005A
:10F6B000000000000000000000000000000000004A
:10F6C000000000000000000000000000000000003A
:10F6D000000000000000000000000000000000002A
:10F6E000000000000000000000000000000000001A
:10F6F000000000000000000000000000000000000A
:10F7000000000000000000000000000000000000F9
:10F7100000000000000000000000000000000000E9
:10F7200000000000000000000000000000000000D9
:10F7300000000000000000000000000000000000C9
:10F7400000000000000000000000000000004A4629
:10F75000A56EA56EA56E3A05000000000000000031
:10F760000000000000000000000000000000000099
:10F770000000000000000000000000000000000089
:10F7800000006B89A56EA56EA56EA56EA56EA56E13
:10F79000A56EA56EA56EA56EA56EA56EA56EA56ED1
:10F7A00042460000000000000000000000000000D1
:10F7B0000000000000000000000000000000000049
:10F7C0000000000000000000000000000000000039
:10F7D0000000000000000000000000000000000029
:10F7E0000000000000000000000000000000000019
:10F7F0000000000000000000000000000000000009
:10F8000000000000000000000000000000000000F8
:10F810000000000000001081A56EA56EA56E52C705
:10F8200000000000000000000000000000000000D8
:10F8300000000000000000000000000000000000C8
:10F84000000094CDA56EA56E950D0000000000008F
:10F8500000000000000000000000000000000000A8
:10F860000000000000000000000000000000000098
:10F870000000000000000000000000000000000088
:10F880000000000000000000000000000000000078
:10F890000000000000000000000000000000000068
:10F8A0000000000000000000000000000000000058
:10F8B0000000000000000000000000000000000048
:10F8C0000000000000000000000000000000000038
:10F8D0000000000000000000000000000000000028
:10F8E0000000000000000000000000000000000018
:10F8F0000000000000000000000000000000000008
:10F9000000000000000000000000000000000000F7
:10F9100000000000000000000000000000000000E7
:10F9200000000000000000000000000000004A4647
:10F93000A56EA56EA56E3A0500000000000000004F
:10F9400000000000000000000000000000000000B7
:10F9500000000000000000000000000000000000A7
:10F9600000006B89A56EA56EA56EA56EA56EA56E31
:10F97000A56EA56EA56EA56EA56EA56EA56EA56EEF
:10F9800042460000000000000000000000000000EF
:10F990000000000000000000000000000000000067
:10F9A0000000000000000000000000000000000057
:10F9B0000000000000000000000000000000000047
:10F9C0000000000000000000000000000000000037
:10F9D0000000000000000000000000000000000027
:10F9E0000000000000000000000000000000000017
:10F9F0000000000000001081A56EA56EA56E52C724
:10FA000000000000000000000000000000000000F6
:10FA100000000000000000000000000000000000E6
:10FA2000000094CDA56EA56E950D000000000000AD
:10FA300000000000000000000000000000000000C6
:10FA400000000000000000000000000000000000B6
:10FA500000000000000000000000000000000000A6
:10FA60000000000000000000000000000000000096
:10FA70000000000000000000000000000000000086
:10FA80000000000000000000000000000000000076
:10FA90000000000000000000000000000000000066
:10FAA0000000000000000000000000000000000056
:10FAB0000000000000000000000000000000000046
:10FAC0000000000000000000000000000000000036
:10FAD0000000000000000000000000000000000026
:10FAE0000000000000000000000000000000000016
:10FAF0000000000000000000000000000000000006
:10FB000000000000000000000000000000004A4665
:10FB1000A56EA56EA56E3A0500000000000000006D
:10FB200000000000000000000000000000000000D5
:10FB300000000000000000000000000000000000C5
:10FB4000000018E22964296429642964296429646D
:10FB5000296429642964296429642964296429643D
:10FB600010A20000000000000000000000000000E3
:10FB70000000000000000000000000000000000085
:10FB80000000000000000000000000000000000075
:10FB90000000000000000000000000000000000065
:10FBA0000000000000000000000000000000000055
:10FBB0000000000000000000000000000000000045
:10FBC0000000000000000000000000000000000035
:10FBD00000000000000000202123212321231081A8
:10FBE0000000000000000000000000000000000015
:10FBF0000000000000000000000000000000000005
:10FC0000000094CDA56EA56EA54E8CAC8CAC8CACD2
:10FC10008CAC8CAC8CAC8CAC7C0B4A870841000063
:10FC200000000000000000000000000000000000D4
:10FC300000000000000000000000000000000000C4
:10FC400000000000000000000000000000000000B4
:10FC500000000000000000000000000000000000A4
:10FC60000000000000000000000000000000000094
:10FC70000000000000000000000000000000000084
:10FC80000000000000000000000000000000000074
:10FC90000000000000000000000000000000000064
:10FCA0000000000000000000000000000000000054
:10FCB0000000000000000000000000000000000044
:10FCC0000000000000000000000000000000000034
:10FCD0000000000000000000000000000000000024
:10FCE00000000000000000000000000000004A4684
:10FCF000A56EA56EA56E3A0500000000000000008C
:10FD000000000000000000000000000000000000F3
:10FD100000000000000000000000000000000000E3
:10FD200000000000000000000000000000000000D3
:10FD300000000000000000000000000000000000C3
:10FD400000000000000000000000000000000000B3
:10FD500000000000000000000000000000000000A3
:10FD60000000000000000000000000000000000093
:10FD70000000000000000000000000000000000083
:10FD80000000000000000000000000000000000073
:10FD90000000000000000000000000000000000063
:10FDA0000000000000000000000000000000000053
:10FDB0000000000000000000000000000000000043
:10FDC0000000000000000000000000000000000033
:10FDD0000000000000000000000000000000000023
:10FDE000000094CDA56EA56EA56EA56EA56EA56E40
:10FDF000A56EA56EA56EA56EA56EA56E8CAC1081C8
:10FE000000000000000000000000000000000000F2
:10FE100000000000000000000000000000000000E2
:10FE200000000000000000000000000000000000D2
:10FE300000000000000000000000000000000000C2
:10FE400000000000000000000000000000000000B2
:10FE500000000000000000000000000000000000A2
:10FE60000000000000000000000000000000000092
:10FE70000000000000000000000000000000000082
:10FE80000000000000000000000000000000000072
:10FE90000000000000000000000000000000000062
:10FEA0000000000000000000000000000000000052
:10FEB0000000000000000000000000000000000042
:10FEC00000000000000000000000000000004A46A2
:10FED000A56EA56EA56E3A050000000000000000AA
:10FEE0000000000000000000000000000000000012
:10FEF0000000000000000000000000000000000002
:10FF000000000000000000000000000000000000F1
:10FF100000000000000000000000000000000000E1
:10FF200000000000000000000000000000000000D1
:10FF300000000000000000000000000000000000C1
:10FF400000000000000000000000000000000000B1
:10FF500000000000000000000000000000000000A1
:10FF60000000000000000000000000000000000091
:10FF70000000000000000000000000000000000081
:10FF80000000000000000000000000000000000071
:10FF90000000000000000000000000000000000061
:10FFA0000000000000000000000000000000000051
:10FFB0000000000000000000000000000000000041
:10FFC000000094CDA56EA56EA56EA56EA56EA56E5E
:10FFD000A56EA56EA56EA56EA56EA56EA56E73CA5F
:10FFE0000000000000000000000000000000000011
:10FFF0000000000000000000000000000000000001
:020000041003E7
:1000000000000000000000000000000000000000F0
:1000100000000000000000000000000000000000E0
:1000200000000000000000000000000000000000D0
:1000300000000000000000000000000000000000C0
:1000400000000000000000000000000000000000B0
:1000500000000000000000000000000000000000A0
:100060000000000000000000000000000000000090
:100070000000000000000000000000000000000080
:100080000000000000000000000000000000000070
:100090000000000000000000000000000000000060
:1000A00000000000000000000000000000004A46C0
:1000B000A56EA56EA56E3A050000000000000000C8
:1000C0000000000000000000000000000000000030
:1000D0000000000000000000000000000000000020
:1000E0000000000000000000000000000000000010
:1000F0000000000000000000000000000000000000
:1001000000000000000000000000000000000000EF
:1001100000000000000000000000000000000000DF
:1001200000000000000000000000000000000000CF
:1001300000000000000000000000000000000000BF
:1001400000000000000000000000000000000000AF
:10015000000000000000000000000000000000009F
:10016000000000000000000000000000000000008F
:10017000000000000000000000000000000000007F
:10018000000000000000000000000000000000006F
:10019000000000000000000000000000000000005F
:1001A0000000084108610861086108610861086190
:1001B0000861086121036BAAA56EA56EA56EA56EE8
:1001C000108100000000000000000000000000009E
:1001D000000000000000000000000000000000001F
:1001E000000000000000000000000000000000000F
:1001F00000000000000000000000000000000000FF
:1002000000000000000000000000000000000000EE
:1002100000000000000000000000000000000000DE
:1002200000000000000000000000000000000000CE
:1002300000000000000000000000000000000000BE
:1002400000000000000000000000000000000000AE
:10025000000000000000000000000000000000009E
:10026000000000000000000000000000000000008E
:10027000000000000000000000000000000000007E
:1002800000000000000000000000000000004A46DE
:10029000A56EA56EA56E3A050000000000000000E6
:1002A000000000000000000000000000000000004E
:1002B000000000000000000000000000000000003E
:1002C000000000000000000000000000000000002E
:1002D000000000000000000000000000000000001E
:1002E000000000000000000000000000000000000E
:1002F00000000000000000000000000000000000FE
:1003000000000000000000000000000000000000ED
:1003100000000000000000000000000000000000DD
:1003200000000000000000000000000000000000CD
:1003300000000000000000000000000000000000BD
:1003400000000000000000000000000000000000AD
:10035000000000000000000000000000000000009D
:10036000000000000000000000000000000000008D
:10037000000000000000000000000000000000007D
:10038000000000000000000000000000000000006D
:100390000000000000000861A56EA56EA56EA56EA8
:1003A00029640000000000000000000000000000C0
:1003B000000000000000000000000000000000003D
:1003C000000000000000000000000000000000002D
:1003D000000000000000000000000000000000001D
:1003E000000000000000000000000000000000000D
:1003F00000000000000000000000000000000000FD
:1004000000000000000000000000000000000000EC
:1004100000000000000000000000000000000000DC
:1004200000000000000000000000000000000000CC
:1004300000000000000000000000000000000000BC
:1004400000000000000000000000000000000000AC
:10045000000000000000000000000000000000009C
:1004600000000000000000000000000000004A46FC
:10047000A56EA56EA56E3A05000000000000000004
:10048000000000000000000000000000000000006C
:10049000000000000000000000000000000000005C
:1004A000000000000000000000000000000000004C
:1004B000000000000000000000000000000000003C
:1004C000000000000000000000000000000000002C
:1004D000000000000000000000000000000000001C
:1004E000000000000000000000000000000000000C
:1004F00000000000000000000000000000000000FC
:1005000000000000000000000000000000000000EB
:1005100000000000000000000000000000000000DB
:1005200000000000000000000000000000000000CB
:1005300000000000000000000000000000000000BB
:1005400000000000000000000000000000000000AB
:10055000000000000000000000000000000000009B
:10056000000000000000000000000000000000008B
:1005700000000000000000009D4EA56EA56EA56E57
:1005800031840000000000000000000000000000B6
:10059000000000000000000000000000000000005B
:1005A000000000000000000000000000000000004B
:1005B000000000000000000000000000000000003B
:1005C000000000000000000000000000000000002B
:1005D000000000000000000000000000000000001B
:1005E000000000000000000000000000000000000B
:1005F00000000000000000000000000000000000FB
:1006000000000000000000000000000000000000EA
:1006100000000000000000000000000000000000DA
:1006200000000000000000000000000000000000CA
:1006300000000000000000000000000000000000BA
:1006400000000000000000000000000000004A461A
:10065000A56EA56EA56E3A05000000000000000022
:10066000000000000000000000000000000000008A
:10067000000000000000000000000000000000007A
:10068000000000000000000000000000000000006A
:10069000000000000000000000000000000000005A
:1006A000000000000000000000000000000000004A
:1006B000000000000000000000000000000000003A
:1006C000000000000000000000000000000000002A
:1006D000000000000000000000000000000000001A
:1006E000000000000000000000000000000000000A
:1006F00000000000000000000000000000000000FA
:1007000000000000000000000000000000000000E9
:1007100000000000000000000000000000000000D9
:1007200000000000000000000000000000000000C9
:1007300000000000000000000000000000000000B9
:1007400000000000000000000000000000000000A9
:1007500000000000000031C4A56EA56EA56EA56E58
:100760002103000000000000000000000000000065
:100770000000000000000000000000000000000079
:100780000000000000000000000000000000000069
:100790000000000000000000000000000000000059
:1007A0000000000000000000000000000000000049
:1007B0000000000000000000000000000000000039
:1007C0000000000000000000000000000000000029
:1007D0000000000000000000000000000000000019
:1007E0000000000000000000000000000000000009
:1007F00000000000000000000000000000000000F9
:1008000000000000000000000000000000000000E8
:1008100000000000000000000000000000000000D8
:1008200000000000000000000000000000004A4638
:10083000A56EA56EA56E3A05000000000000000040
:1008400000000000000000000000000000000000A8
:100850000000000000000000000000000000000098
:100860000000000000000000000000000000000088
:100870000000000000000000000000000000000078
:100880000000000000000000000000000000000068
:100890000000000000000000000000000000000058
:1008A0000000000000000000000000000000000048
:1008B0000000000000000000000000000000000038
:1008C0000000000000000000000000000000000028
:1008D0000000000000000000000000000000000018
:1008E0000000000000000000000000000000000008
:1008F00000000000000000000000000000000000F8
:1009000000000000000000000000000000000000E7
:1009100000000000000000000000000000000000D7
:1009200000005AE86349634963496349634963497D
:1009300063496B697C2BA56EA56EA56EA56E8CAC0C
:1009400000000000000000000000000000000000A7
:100950000000000000000000000000000000000097
:100960000000000000000000000000000000000087
:100970000000000000000000000000000000000077
:100980000000000000000000000000000000000067
:100990000000000000000000000000000000000057
:1009A0000000000000000000000000000000000047
:1009B0000000000000000000000000000000000037
:1009C0000000000000000000000000000000000027
:1009D0000000000000000000000000000000000017
:1009E0000000000000000000000000000000000007
:1009F00000000000000000000000000000000000F7
:100A000000000000000000000000000000004A4656
:100A1000A56EA56EA56E3A0500000000000000005E
:100A200000000000000000000000000000000000C6
:100A300000000000000000000000000000000000B6
:100A400000000000000000000000000000000000A6
:100A50000000000000000000000000000000000096
:100A60000000000000000000000000000000000086
:100A7000000000000000000000000000000008610D
:100A800018C22123296439C54226422642464A8794
:100A90004A874A874A874A874A87424642264226E9
:100AA00039C52964212318C2086100000000000034
:100AB0000000000000000000000000000000000036
:100AC0000000000000000000000000000000000026
:100AD0000000000000000000000000000000000016
:100AE0000000000000000000000000000000000006
:100AF00000000000000000000000000000000000F6
:100B0000000094CDA56EA56EA56EA56EA56EA56E12
:100B1000A56EA56EA56EA56EA56EA56E9D4E2984CB
:100B200000000000000000000000000000000000C5
:100B300000000000000000000000000000000000B5
:100B400000000000000000000000000000000000A5
:100B50000000000000000000000000000000000095
:100B60000000000000000000000000000000000085
:100B70000000000000000000000000000000000075
:100B80000000000000000000000000000000000065
:100B90000000000000000000000000000000000055
:100BA0000000000000000000000000000000000045
:100BB0000000000000000000000000000000000035
:100BC0000000000000000000000000000000000025
:100BD0000000000000000000000000000000000015
:100BE00000000000000000000000000000004A4675
:100BF000A56EA56EA56E3A0500000000000000007D
:100C000000000000000000000000000000000000E4
:100C100000000000000000000000000000000000D4
:100C200000000000000000000000000000000000C4
:100C300000000000000000000000000000000000B4
:100C40000000000000000000000000000820210358
:100C500039C54A875B086BAA7C4B94EDA54EA56EFF
:100C6000A56EA56EA56EA56EA56EA56EA56EA56EEC
:100C7000A56EA56EA56EA56EA56EA56EA56EA56EDC
:100C8000A56EA56EA56EA56EA56E9D4E94ED7C4BD2
:100C90006BAA5B084A8739C52103082000000000C1
:100CA0000000000000000000000000000000000044
:100CB0000000000000000000000000000000000034
:100CC0000000000000000000000000000000000024
:100CD0000000000000000000000000000000000014
:100CE000000094CDA56EA56EA56EA56EA56EA56E31
:100CF000A56EA56EA56EA56EA56E7C2B2943000082
:100D000000000000000000000000000000000000E3
:100D100000000000000000000000000000000000D3
:100D200000000000000000000000000000000000C3
:100D300000000000000000000000000000000000B3
:100D400000000000000000000000000000000000A3
:100D50000000000000000000000000000000000093
:100D60000000000000000000000000000000000083
:100D70000000000000000000000000000000000073
:100D80000000000000000000000000000000000063
:100D90000000000000000000000000000000000053
:100DA0000000000000000000000000000000000043
:100DB0000000000000000000000000000000000033
:100DC00000000000000000000000000000004A4693
:100DD000A56EA56EA56E3A0500000000000000009B
:100DE0000000000000000000000000000000000003
:100DF00000000000000000000000000000000000F3
:100E000000000000000000000000000000000000E2
:100E100000000000000000000000000000000000D2
:100E20000020210342255B2873EA8CCDA56EA56EB8
:100E3000A56EA56EA56EA56EA56EA56EA56EA56E1A
:100E4000A56EA56EA56EA56EA56EA56EA56EA56E0A
:100E5000A56EA56EA56EA56EA56EA56EA56EA56EFA
:100E6000A56EA56EA56EA56EA56EA56EA56EA56EEA
:100E7000A56EA56EA56EA56EA56EA56E8CCD73EA4A
:100E80005B28422521030020000000000000000034
:100E90000000000000000000000000000000000052
:100EA0000000000000000000000000000000000042
:100EB0000000000000000000000000000000000032
:100EC000000031A439C539C539C539C539C539C559
:100ED00039C539C531C42964106100000000000023
:100EE0000000000000000000000000000000000002
:100EF00000000000000000000000000000000000F2
:100F000000000000000000000000000000000000E1
:100F100000000000000000000000000000000000D1
:100F200000000000000000000000000000000000C1
:100F300000000000000000000000000000000000B1
:100F400000000000000000000000000000000000A1
:100F50000000000000000000000000000000000091
:100F60000000000000000000000000000000000081
:100F70000000000000000000000000000000000071
:100F80000000000000000000000000000000000061
:100F90000000000000000000000000000000000051
:100FA000000000000000000000000000000010A28F
:100FB0002984298429841081000000000000000099
:100FC0000000000000000000000000000000000021
:100FD0000000000000000000000000000000000011
:100FE0000000000000000000000000000000000001
:100FF000000000000000000018E242266349844B14
:101000009D4EA56EA56EA56EA56EA56EA56EA56E70
:10101000A56EA56EA56EA56EA56EA56EA56EA56E38
:10102000A56EA56EA56EA56EA56EA56EA56EA56E28
:10103000A56EA56EA56EA56EA56EA56EA56EA56E18
:10104000A56EA56EA56EA56EA56EA56EA56EA56E08
:10105000A56EA56EA56EA56EA56EA56EA56EA56EF8
:10106000A56EA56EA56E9D4E844B6349422518C2A0
:101070000000000000000000000000000000000070
:101080000000000000000000000000000000000060
:101090000000000000000000000000000000000050
:1010A0000000000000000000000000000000000040
:1010B0000000000000000000000000000000000030
:1010C0000000000000000000000000000000000020
:1010D0000000000000000000000000000000000010
:1010E0000000000000000000000000000000000000
:1010F00000000000000000000000000000000000F0
:1011000000000000000000000000000000000000DF
:1011100000000000000000000000000000000000CF
:1011200000000000000000000000000000000000BF
:1011300000000000000000000000000000000000AF
:10114000000000000000000000000000000000009F
:10115000000000000000000000000000000000008F
:10116000000000000000000000000000000000007F
:10117000000000000000000000000000000000006F
:10118000000000000000000000000000000000005F
:10119000000000000000000000000000000000004F
:1011A000000000000000000000000000000000003F
:1011B000000000000000000000000000000000002F
:1011C000000000000000000000000000000000001F
:1011D00021034A666BAA94EDA56EA56EA56EA56E59
:1011E000A56EA56EA56EA56EA56EA56EA56EA56E67
:1011F000A56EA56EA56EA56EA56EA56EA56E950DC8
:101200008CAD846C7C0B6BAA6349634963295AE8F3
:101210005AE85AE85AE85AE85AE863296349636980
:101220006BAA7C0B846C8CAD9D0DA56EA56EA56E16
:10123000A56EA56EA56EA56EA56EA56EA56EA56E16
:10124000A56EA56EA56EA56EA56EA56EA56EA56E06
:1012500094ED6BAA4A662103000000000000000024
:10126000000000000000000000000000000000007E
:10127000000000000000000000000000000000006E
:10128000000000000000000000000000000000005E
:10129000000000000000000000000000000000004E
:1012A000000000000000000000000000000000003E
:1012B000000000000000000000000000000000002E
:1012C000000000000000000000000000000000001E
:1012D000000000000000000000000000000000000E
:1012E00000000000000000000000000000000000FE
:1012F00000000000000000000000000000000000EE
:1013000000000000000000000000000000000000DD
:1013100000000000000000000000000000000000CD
:1013200000000000000000000000000000000000BD
:1013300000000000000000000000000000000000AD
:10134000000000000000000000000000000000009D
:10135000000000000000000000000000000000008D
:10136000000000000000000000000000000000007D
:10137000000000000000000000000000000000006D
:10138000000000000000000000000000000000005D
:10139000000000000000000000000000000000004D
:1013A0000000000000000000086139E56B6994ED61
:1013B000A56EA56EA56EA56EA56EA56EA56EA56E95
:1013C000A56EA56EA56EA56EA56EA56EA54E8CAC80
:1013D00073EA5B084A6639E5294318C20020000019
:1013E00000000000000000000000000000000000FD
:1013F00000000000000000000000000000000000ED
:1014000000000000000000000000002018C2294376
:1014100039E54A665B0873EA8CACA54EA56EA56EED
:10142000A56EA56EA56EA56EA56EA56EA56EA56E24
:10143000A56EA56EA56EA56E94ED636939E508618C
:10144000000000000000000000000000000000009C
:10145000000000000000000000000000000000008C
:10146000000000000000000000000000000000007C
:10147000000000000000000000000000000000006C
:10148000000000000000000000000000000000005C
:10149000000000000000000000000000000000004C
:1014A000000000000000000000000000000000003C
:1014B000000000000000000000000000000000002C
:1014C000000000000000000000000000000000001C
:1014D000000000000000000000000000000000000C
:1014E00000000000000000000000000000000000FC
:1014F00000000000000000000000000000000000EC
:1015000000000000000000000000000000000000DB
:1015100000000000000000000000000000000000CB
:1015200000000000000000000000000000000000BB
:1015300000000000000000000000000000000000AB
:10154000000000000000000000000000000000009B
:10155000000000000000000000000000000000008B
:10156000000000000000000000000000000000007B
:10157000000000000000000000000000000000006B
:10158000000018C24A877C2BA54EA56EA56EA56EDD
:10159000A56EA56EA56EA56EA56EA56EA56EA56EB3
:1015A000A56E94CD73CA52A731C518E20020000081
:1015B000000000000000000000000000000000002B
:1015C000000000000000000000000000000000001B
:1015D000000000000000000000000000000000000B
:1015E00000000000000000000000000000000000FB
:1015F00000000000000000000000002018E231C5DB
:1016000052A773CA94CDA56EA56EA56EA56EA56EE4
:10161000A56EA56EA56EA56EA56EA56EA56EA54E52
:101620007C2B4A8718C20000000000000000000068
:1016300000000000000000000000000000000000AA
:10164000000000000000000000000000000000009A
:10165000000000000000000000000000000000008A
:10166000000000000000000000000000000000007A
:10167000000000000000000000000000000000006A
:10168000000000000000000000000000000000005A
:10169000000000000000000000000000000000004A
:1016A000000000000000000000000000000000003A
:1016B000000000000000000000000000000000002A
:1016C000000000000000000000000000000000001A
:1016D000000000000000000000000000000000000A
:1016E00000000000000000000000000000000000FA
:1016F00000000000000000000000000000000000EA
:1017000000000000000000000000000000000000D9
:1017100000000000000000000000000000000000C9
:1017200000000000000000000000000000000000B9
:1017300000000000000000000000000000000000A9
:101740000000000000000000000000000000000099
:1017500000000000000000000000000018C24A87DE
:10176000844BA56EA56EA56EA56EA56EA56EA56E25
:10177000A56EA56EA56EA56E9D2E73EA4AA7298457
:1017800008610000000000000000000000000000F0
:101790000000000000000000000000000000000049
:1017A0000000000000000000000000000000000039
:1017B0000000000000000000000000000000000029
:1017C0000000000000000000000000000000000019
:1017D0000000000000000000000000000000000009
:1017E0000000000000001061298452A773EA9D2EBA
:1017F000A56EA56EA56EA56EA56EA56EA56EA56E51
:10180000A56EA56EA56E844B4A8718C20000000025
:1018100000000000000000000000000000000000C8
:1018200000000000000000000000000000000000B8
:1018300000000000000000000000000000000000A8
:101840000000000000000000000000000000000098
:101850000000000000000000000000000000000088
:101860000000000000000000000000000000000078
:101870000000000000000000000000000000000068
:101880000000000000000000000000000000000058
:101890000000000000000000000000000000000048
:1018A0000000000000000000000000000000000038
:1018B0000000000000000000000000000000000028
:1018C0000000000000000000000000000000000018
:1018D0000000000000000000000000000000000008
:1018E00000000000000000000000000000000000F8
:1018F00000000000000000000000000000000000E8
:1019000000000000000000000000000000000000D7
:1019100000000000000000000000000000000000C7
:1019200000000000000000000000000000000000B7
:1019300000000000000008614246844BA56EA56EC1
:10194000A56EA56EA56EA56EA56EA56EA56EA56EFF
:101950009D2D6BAA4A6621030000000000000000D4
:101960000000000000000000000000000000000077
:101970000000000000000000000000000000000067
:101980000000000000000000000000000000000057
:101990000000000000000000000000000000000047
:1019A0000000000000000000000000000000000037
:1019B0000000000000000000000000000000000027
:1019C0000000000000000000000000000000000017
:1019D00021234A666BAA9D2DA56EA56EA56EA56EE8
:1019E000A56EA56EA56EA56EA56EA56E844B42462E
:1019F000086100000000000000000000000000007E
:101A000000000000000000000000000000000000D6
:101A100000000000000000000000000000000000C6
:101A200000000000000000000000000000000000B6
:101A300000000000000000000000000000000000A6
:101A40000000000000000000000000000000000096
:101A50000000000000000000000000000000000086
:101A60000000000000000000000000000000000076
:101A70000000000000000000000000000000000066
:101A80000000000000000000000000000000000056
:101A90000000000000000000000000000000000046
:101AA0000000000000000000000000000000000036
:101AB0000000000000000000000000000000000026
:101AC0000000000000000000000000000000000016
:101AD0000000000000000000000000000000000006
:101AE00000000000000000000000000000000000F6
:101AF00000000000000000000000000000000000E6
:101B000000000000000000000000000000000000D5
:101B10000000294363499D2EA56EA56EA56EA56E96
:101B2000A56EA56EA56EA56EA56E8CAC5B0829642E
:101B30000020000000000000000000000000000085
:101B40000000000000000000000000000000000095
:101B50000000000000000000000000000000000085
:101B60000000000000000000000000000000000075
:101B70000000000000000000000000000000000065
:101B80000000000000000000000000000000000055
:101B90000000000000000000000000000000000045
:101BA0000000000000000000000000000000000035
:101BB0000000000000000000212352A7844BA56E06
:101BC000A56EA56EA56EA56EA56EA56EA56EA56E7D
:101BD0009D4E6BAA31A40000000000000000000030
:101BE00000000000000000000000000000000000F5
:101BF00000000000000000000000000000000000E5
:101C000000000000000000000000000000000000D4
:101C100000000000000000000000000000000000C4
:101C200000000000000000000000000000000000B4
:101C300000000000000000000000000000000000A4
:101C40000000000000000000000000000000000094
:101C50000000000000000000000000000000000084
:101C60000000000000000000000000000000000074
:101C70000000000000000000000000000000000064
:101C80000000000000000000000000000000000054
:101C90000000000000000000000000000000000044
:101CA0000000000000000000000000000000000034
:101CB0000000000000000000000000000000000024
:101CC0000000000000000000000000000000000014
:101CD0000000000000000000000000000000000004
:101CE00000000000000000000000000008614AA79A
:101CF0008CCDA56EA56EA56EA56EA56EA56EA56E06
:101D0000A56EA54E7C0B424610810000000000002D
:101D100000000000000000000000000000000000C3
:101D200000000000000000000000000000000000B3
:101D300000000000000000000000000000000000A3
:101D40000000000000000000000000000000000093
:101D50000000000000000000000000000000000083
:101D60000000000000000000000000000000000073
:101D70000000000000000000000000000000000063
:101D80000000000000000000000000000000000053
:101D900000000000000000000000000000001081B2
:101DA00042467C0BA56EA56EA56EA56EA56EA56EB2
:101DB000A56EA56EA56E8CCD4A8708610000000057
:101DC0000000000000000000000000000000000013
:101DD0000000000000000000000000000000000003
:101DE00000000000000000000000000000000000F3
:101DF00000000000000000000000000000000000E3
:101E000000000000000000000000000000000000D2
:101E100000000000000000000000000000000000C2
:101E200000000000000000000000000000000000B2
:101E300000000000000000000000000000000000A2
:101E40000000000000000000000000000000000092
:101E50000000000000000000000000000000000082
:101E60000000000000000000000000000000000072
:101E70000000000000000000000000000000000062
:101E80000000000000000000000000000000000052
:101E90000000000000000000000000000000000042
:101EA0000000000000000000000000000000000032
:101EB0000000000000000000000000000000000022
:101EC000000000000000000018C25B089D2EA56EF7
:101ED000A56EA56EA56EA56EA56EA56EA56E7C2BD6
:101EE0004A661081000000000000000000000000B1
:101EF00000000000000000000000000000000000E2
:101F000000000000000000000000000000000000D1
:101F100000000000000000000000000000000000C1
:101F200000000000000000000000000000000000B1
:101F300000000000000000000000000000000000A1
:101F40000000000000000000000000000000000091
:101F50000000000000000000000000000000000081
:101F60000000000000000000000000000000000071
:101F70000000000000000000000000000000000061
:101F80000000000008613A0573CA9D4EA56EA56E5B
:101F9000A56EA56EA56EA56EA56E9D4E6B692103FF
:101FA0000000000000000000000000000000000031
:101FB0000000000000000000000000000000000021
:101FC0000000000000000000000000000000000011
:101FD0000000000000000000000000000000000001
:101FE00000000000000000000000000000000000F1
:101FF00000000000000000000000000000000000E1
:1020000000000000000000000000000000000000D0
:1020100000000000000000000000000000000000C0
:1020200000000000000000000000000000000000B0
:1020300000000000000000000000000000000000A0
:102040000000000000000000000000000000000090
:102050000000000000000000000000000000000080
:102060000000000000000000000000000000000070
:102070000000000000000000000000000000000060
:102080000000000000000000000000000000000050
:102090000000000000000000000000000000000040
:1020A0000000000031847C0BA56EA56EA56EA56EA8
:1020B000A56EA56EA56EA56E8CAC52A710A20000F1
:1020C0000000000000000000000000000000000010
:1020D0000000000000000000000000000000000000
:1020E00000000000000000000000000000000000F0
:1020F00000000000000000000000000000000000E0
:1021000000000000000000000000000000000000CF
:1021100000000000000000000000000000000000BF
:1021200000000000000000000000000000000000AF
:10213000000000000000000000000000000000009F
:10214000000000000000000000000000000000008F
:10215000000000000000000000000000000000007F
:102160000000000000000000000010A252A78CAC8C
:10217000A56EA56EA56EA56EA56EA56EA56EA56EC7
:102180007C0B318400000000000000000000000013
:10219000000000000000000000000000000000003F
:1021A000000000000000000000000000000000002F
:1021B000000000000000000000000000000000001F
:1021C000000000000000000000000000000000000F
:1021D00000000000000000000000000000000000FF
:1021E00000000000000000000000000000000000EF
:1021F00000000000000000000000000000000000DF
:1022000000000000000000000000000000000000CE
:1022100000000000000000000000000000000000BE
:1022200000000000000000000000000000000000AE
:10223000000000000000000000000000000000009E
:10224000000000000000000000000000000000008E
:10225000000000000000000000000000000000007E
:10226000000000000000000000000000000000006E
:10227000000000000000000000000000000000005E
:1022800031C4844BA56EA56EA56EA56EA56EA56E18
:10229000A56E9D2E63692964000000000000000007
:1022A000000000000000000000000000000000002E
:1022B000000000000000000000000000000000001E
:1022C000000000000000000000000000000000000E
:1022D00000000000000000000000000000000000FE
:1022E00000000000000000000000000000000000EE
:1022F00000000000000000000000000000000000DE
:1023000000000000000000000000000000000000CD
:1023100000000000000000000000000000000000BD
:1023200000000000000000000000000000000000AD
:10233000000000000000000000000000000000009D
:10234000000000000000000000000000000000008D
:1023500029646B699D2EA56EA56EA56EA56EA56EF2
:10236000A56EA56E844B31A40000000000000000A3
:10237000000000000000000000000000000000005D
:10238000000000000000000000000000000000004D
:10239000000000000000000000000000000000003D
:1023A000000000000000000000000000000000002D
:1023B000000000000000000000000000000000001D
:1023C000000000000000000000000000000000000D
:1023D00000000000000000000000000000000000FD
:1023E00000000000000000000000000000000000ED
:1023F00000000000000000000000000000000000DD
:1024000000000000000000000000000000000000CC
:1024100000000000000000000000000000000000BC
:1024200000000000000000000000000000000000AC
:10243000000000000000000000000000000000009C
:10244000000000000000000000000000000000008C
:1024500000000000000000000000000031A4844BD8
:10246000A56EA56EA56EA56EA56EA56EA56E8CADAE
:102470004A87086100000000000000000000000022
:10248000000000000000000000000000000000004C
:10249000000000000000000000000000000000003C
:1024A000000000000000000000000000000000002C
:1024B000000000000000000000000000000000001C
:1024C000000000000000000000000000000000000C
:1024D00000000000000000000000000000000000FC
:1024E00000000000000000000000000000000000EC
:1024F00000000000000000000000000000000000DC
:1025000000000000000000000000000000000000CB
:1025100000000000000000000000000000000000BB
:1025200000000000000000000000000000000000AB
:102530000000000008414A668CCDA56EA56EA56E10
:10254000A56EA56EA56EA56E846C3A050000000010
:10255000000000000000000000000000000000007B
:10256000000000000000000000000000000000006B
:10257000000000000000000000000000000000005B
:10258000000000000000000000000000000000004B
:10259000000000000000000000000000000000003B
:1025A000000000000000000000000000000000002B
:1025B000000000000000000000000000000000001B
:1025C000000000000000000000000000000000000B
:1025D00000000000000000000000000000000000FB
:1025E00000000000000000000000000000000000EB
:1025F000000000000000000018E239E500000000C3
:1026000000000000000000000000000000000000CA
:1026100000000000000000000000000000000000BA
:1026200000000000000000000000000000000000AA
:10263000000000000000000031A48C8CA56EA56E87
:10264000A56EA56EA56EA56EA56E7C0B31C40000AF
:10265000000000000000000000000000000000007A
:10266000000000000000000000000000000000006A
:10267000000000000000000000000000000000005A
:10268000000000000000000000000000000000004A
:10269000000000000000000000000000000000003A
:1026A000000000000000000000000000000000002A
:1026B000000000000000000000000000000000001A
:1026C000000000000000000000000000000000000A
:1026D00000000000000000000000000000000000FA
:1026E00000000000000000000000000000000000EA
:1026F00000000000000000000000000000000000DA
:1027000000000000000000000000000000000000C9
:102710000000000000000000000031C57C2BA56E09
:10272000A56EA56EA56EA56EA56EA56E846C318492
:102730000000000000000000000000000000000099
:102740000000000000000000000000000000000089
:102750000000000000000000000000000000000079
:102760000000000000000000000000003A0518E230
:102770000000000000000000000000000000000059
:102780000000000000000000000000000000000049
:102790000000000000000000000000000000000039
:1027A0000000000000000000000000000000000029
:1027B0000000000000000000000000000000000019
:1027C0000000000000000000000000000000000009
:1027D00000000000000029849D0D9D4E294400004A
:1027E00000000000000000000000000000000000E9
:1027F00000000000000000000000000000000000D9
:1028000000000000000000000000000000000000C8
:102810000000000021237C2BA56EA56EA56EA56E81
:10282000A56EA56EA56E6BAA210300000000000036
:102830000000000000000000000000000000000098
:102840000000000000000000000000000000000088
:102850000000000000000000000000000000000078
:102860000000000000000000000000000000000068
:102870000000000000000000000000000000000058
:102880000000000000000000000000000000000048
:102890000000000000000000000000000000000038
:1028A0000000000000000000000000000000000028
:1028B0000000000000000000000000000000000018
:1028C0000000000000000000000000000000000008
:1028D00000000000000000000000000000000000F8
:1028E00000000000000000000000000000000000E8
:1028F00000000000000000000000000000002103B4
:102900006BAAA56EA56EA56EA56EA56EA56EA56E2D
:102910007C0B2123000000000000000000000000EC
:1029200000000000000000000000000000000000A7
:102930000000000000000000000000000000000097
:102940000000000000000000000021439D4E9D2E6D
:1029500031C5000000000000000000000000000081
:102960000000000000000000000000000000000067
:102970000000000000000000000000000000000057
:102980000000000000000000000000000000000047
:102990000000000000000000000000000000000037
:1029A0000000000000000000000000000000000027
:1029B000000000004A66A54EA56EA56E94ED10813C
:1029C0000000000000000000000000000000000007
:1029D00000000000000000000000000000000000F7
:1029E00000000000000000000000000000000000E7
:1029F00018C26BAAA56EA56EA56EA56EA56EA56E76
:102A0000A54E6B8918E200000000000000000000E5
:102A100000000000000000000000000000000000B6
:102A200000000000000000000000000000000000A6
:102A30000000000000000000000000000000000096
:102A40000000000000000000000000000000000086
:102A50000000000000000000000000000000000076
:102A60000000000000000000000000000000000066
:102A70000000000000000000000000000000000056
:102A80000000000000000000000000000000000046
:102A90000000000000000000000000000000000036
:102AA0000000000000000000000000000000000026
:102AB0000000000000000000000000000000000016
:102AC0000000000000000000000000000000000006
:102AD00000000000000000000000000000000000F6
:102AE000000018E26B89A56EA56EA56EA56EA56E99
:102AF000A56EA56E6B8918C20000000000000000E2
:102B000000000000000000000000000000000000C5
:102B100000000000000000000000000000000000B5
:102B20000000000000000000108194EDA56EA56E6D
:102B3000A56E5AE800000000000000000000000040
:102B40000000000000000000000000000000000085
:102B50000000000000000000000000000000000075
:102B60000000000000000000000000000000000065
:102B70000000000000000000000000000000000055
:102B80000000000000000000000000000000000045
:102B900000000020844BA56EA56EA56EA56E7C2B53
:102BA0000020000000000000000000000000000005
:102BB0000000000000000000000000000000000015
:102BC000000000000000000000000000084152C8A2
:102BD0009D4EA56EA56EA56EA56EA56EA54E6369EC
:102BE00018C200000000000000000000000000000B
:102BF00000000000000000000000000000000000D5
:102C000000000000000000000000000000000000C4
:102C100000000000000000000000000000000000B4
:102C200000000000000000000000000000000000A4
:102C30000000000000000000000000000000000094
:102C40000000000000000000000000000000000084
:102C50000000000000000000000000000000000074
:102C60000000000000000000000000000000000064
:102C70000000000000000000000000000000000054
:102C80000000000000000000000000000000000044
:102C90000000000000000000000000000000000034
:102CA0000000000000000000000000000000000024
:102CB0000000000000000000000000000000000014
:102CC00000000000000018E26B69A56EA56EA56EFD
:102CD000A56EA56EA56E9D4E52C70841000000006E
:102CE00000000000000000000000000000000000E4
:102CF00000000000000000000000000000000000D4
:102D000000000000000000207C2BA56EA56EA56EC3
:102D1000A56E844B002000000000000000000000B1
:102D200000000000000000000000000000000000A3
:102D30000000000000000000000000000000000093
:102D40000000000000000000000000000000000083
:102D50000000000000000000000000000000000073
:102D60000000000000000000000000000000000063
:102D700000000000108194CDA56EA56EA56EA56E15
:102D80006349000000000000000000000000000097
:102D90000000000000000000000000000000000033
:102DA0000000000000000000000031A48CCDA56EE2
:102DB000A56EA56EA56EA56EA56E7C0B2103000009
:102DC0000000000000000000000000000000000003
:102DD00000000000000000000000000000000000F3
:102DE00000000000000000000000000000000000E3
:102DF00000000000000000000000000000000000D3
:102E000000000000000000000000000000000000C2
:102E100000000000000000000000000000000000B2
:102E200000000000000000000000000000000000A2
:102E30000000000000000000000000000000000092
:102E40000000000000000000000000000000000082
:102E50000000000000000000000000000000000072
:102E60000000000000000000000000000000000062
:102E70000000000000000000000000000000000052
:102E80000000000000000000000000000000000042
:102E90000000000000000000000000000000000032
:102EA0000000000000000000000018E26BAAA56E00
:102EB000A56EA56EA56EA56EA56E94ED3A050000F3
:102EC0000000000000000000000000000000000002
:102ED00000000000000000000000000000000000F2
:102EE0000000000000006328A56EA56EA56EA56E0B
:102EF00094ED1081000000000000000000000000C0
:102F000000000000000000000000000000000000C1
:102F100000000000000000000000000000000000B1
:102F200000000000000000000000000000000000A1
:102F30000000000000000000000000000000000091
:102F40000000000000000000000000000000000081
:102F500000000000000018E29D2EA56EA56EA56E73
:102F6000A56E4226000000000000000000000000E6
:102F70000000000000000000000000000000000051
:102F800000000000000018C273EAA56EA56EA56ED1
:102F9000A56EA56EA56E844B29640000000000009C
:102FA0000000000000000000000000000000000021
:102FB0000000000000000000000000000000000011
:102FC0000000000000000000000000000000000001
:102FD00000000000000000000000000000000000F1
:102FE00000000000000000000000000000000000E1
:102FF00000000000000000000000000000000000D1
:1030000000000000000000000000000000000000C0
:1030100000000000000000000000000000000000B0
:1030200000000000000000000000000000000000A0
:103030000000000000000000000000000000000090
:103040000000000000000000000000000000000080
:103050000000000000000000000000000000000070
:103060000000000000000000000000000000000060
:103070000000000000000000000000000000000050
:1030800000000000000000000000000000002964B3
:10309000844BA56EA56EA56EA56EA56EA56E73EA92
:1030A00018C2000000000000000000000000000046
:1030B0000000000000000000000000000000000010
:1030C0000000000039E5A56EA56EA56EA56E9D2ECB
:1030D00021230000000000000000000000000000AC
:1030E00000000000000000000000000000000000E0
:1030F00000000000000000000000000000000000D0
:1031000000000000000000000000000000000000BF
:1031100000000000000000000000000000000000AF
:10312000000000000000000000000000000000009F
:1031300000000000000000003184A54EA56EA56EC1
:10314000A56E9D4E29430000000000000000000015
:10315000000000000000000000000000000000006F
:10316000000000004A879D4EA56EA56EA56EA56E57
:10317000A56E94ED39E5000000000000000000009D
:10318000000000000000000000000000000000003F
:10319000000000000000000000000000000000002F
:1031A000000000000000000000000000000000001F
:1031B000000000000000000000000000000000000F
:1031C00000000000000000000000000000000000FF
:1031D00000000000000000000000000000000000EF
:1031E00000000000000000000000000000000000DF
:1031F00000000000000000000000000000000000CF
:1032000000000000000000000000000000000000BE
:1032100000000000000000000000000000000000AE
:10322000000000000000000000000000000000009E
:10323000000000000000000000000000000000008E
:10324000000000000000000000000000000000007E
:10325000000000000000000000000000000000006E
:10326000000000000000000000000000000000005E
:10327000000039E594EDA56EA56EA56EA56EA56E50
:103280009D4E4A66000000000000000000000000A3
:10329000000000000000000000000000000000002E
:1032A000000021039D2EA56EA56EA56EA56E31A40E
:1032B000000000000000000000000000000000000E
:1032C00000000000000000000000000000000000FE
:1032D00000000000000000000000000000000000EE
:1032E00000000000000000000000000000000000DE
:1032F00000000000000000000000000000000000CE
:1033000000000000000000000000000000000000BD
:10331000000000000000000000004A66A56EA56ED7
:10332000A56EA56E94ED1081000000000000000065
:10333000000000000000000000000000000000008D
:1033400018C27C2BA56EA56EA56EA56EA56E9D4EB2
:103350005B080841000000000000000000000000C1
:10336000000000000000000000000000000000005D
:10337000000000000000000000000000000000004D
:10338000000000000000000000000000000000003D
:10339000000000000000000000000000000000002D
:1033A000000000000000000000000000000000001D
:1033B000000000000000000000000000000000000D
:1033C00000000000000000000000000000000000FD
:1033D00000000000000000000000000000000000ED
:1033E00000000000000000000000000000000000DD
:1033F00000000000000000000000000000000000CD
:1034000000000000000000000000000000000000BC
:1034100000000000000000000000000000000000AC
:10342000000000000000000000000000000000009C
:10343000000000000000000000000000000000008C
:10344000000000000000000000000000000000007C
:1034500000000000084152A79D4EA56EA56EA56E06
:10346000A56EA56E7C4B18E2000000000000000075
:10347000000000000000000000000000000000004C
:1034800008618CACA56EA56EA56EA56E4A8700007E
:10349000000000000000000000000000000000002C
:1034A000000000000000000000000000000000001C
:1034B000000000000000000000000000000000000C
:1034C00000000000000000000000000000000000FC
:1034D00000000000000000000000000000000000EC
:1034E00000000000000000000000000000000000DC
:1034F0000000000000000000000000006329A56E2D
:10350000A56EA56EA56E7C2B0020000000000000BB
:103510000000000000000000000000000000422643
:103520009D2EA56EA56EA56EA56EA56E7C0B18E2F0
:10353000000000000000000000000000000000008B
:10354000000000000000000000000000000000007B
:10355000000000000000000000000000000000006B
:10356000000000000000000000000000000000005B
:10357000000000000000000000000000000000004B
:10358000000000000000000000000000000000003B
:10359000000000000000000000000000000000002B
:1035A000000000000000000000000000000000001B
:1035B000000000000000000000000000000000000B
:1035C00000000000000000000000000000000000FB
:1035D00000000000000000000000000000000000EB
:1035E00000000000000000000000000000000000DB
:1035F00000000000000000000000000000000000CB
:1036000000000000000000000000000000000000BA
:1036100000000000000000000000000000000000AA
:10362000000000000000000000000000000000009A
:10363000000000000000000018C273EAA56EA56E2D
:10364000A56EA56EA56E9D4E4A8700000000000085
:10365000000000000000000000000000000000006A
:1036600073EAA56EA56EA56EA56E6B6900000000DD
:10367000000000000000000000000000000000004A
:10368000000000000000000000000000000000003A
:10369000000000000000000000000000000000002A
:1036A000000000000000000000000000000000001A
:1036B000000000000000000000000000000000000A
:1036C00000000000000000000000000000000000FA
:1036D00000000000000000000000000000207C0B43
:1036E000A56EA56EA56EA56E5B080000000000002B
:1036F0000000000000000000000010A27C2BA56E5E
:10370000A56EA56EA56EA56E950D3A05000000008C
:1037100000000000000000000000000000000000A9
:103720000000000000000000000000000000000099
:103730000000000000000000000000000000000089
:103740000000000000000000000000000000000079
:103750000000000000000000000000000000000069
:103760000000000000000000000000000000000059
:103770000000000000000000000000000000000049
:103780000000000000000000000000000000000039
:103790000000000000000000000000000000000029
:1037A0000000000000000000000000000000000019
:1037B0000000000000000000000000000000000009
:1037C00000000000000000000000000000000000F9
:1037D00000000000000000000000000000000000E9
:1037E00000000000000000000000000000000000D9
:1037F00000000000000000000000000000000000C9
:1038000000000000000000000000000000000000B8
:103810000000000000000000000000003A05950DC7
:10382000A56EA56EA56EA56EA56E7C2B10A20000E0
:10383000000000000000000000000000000052C86E
:10384000A56EA56EA56EA56E7C2B00200000000065
:103850000000000000000000000000000000000068
:103860000000000000000000000000000000000058
:103870000000000000000000000000000000000048
:103880000000000000000000000000000000000038
:103890000000000000000000000000000000000028
:1038A0000000000000000000000000000000000018
:1038B00000000000000000000000000000000841BF
:1038C0008C8CA56EA56EA56EA56E4205000000004D
:1038D000000000000000000031C4950DA56EA56E2B
:1038E000A56EA56EA56E73CA1081000000000000D1
:1038F00000000000000000000000000000000000C8
:1039000000000000000000000000000000000000B7
:1039100000000000000000000000000000000000A7
:103920000000000000000000000000000000000097
:103930000000000000000000000000000000000087
:103940000000000000000000000000000000000077
:103950000000000000000000000000000000000067
:103960000000000000000000000000000000000057
:103970000000000000000000000000000000000047
:103980000000000000000000000000000000000037
:103990000000000000000000000000000000000027
:1039A0000000000000000000000000000000000017
:1039B0000000000000000000000000000000000007
:1039C00000000000000000000000000000000000F7
:1039D00000000000000000000000000000000000E7
:1039E00000000000000000000000000000000000D7
:1039F0000000000000000000000000000000108136
:103A00006BAAA56EA56EA56EA56EA56E9D2D39E55A
:103A100000000000000000000000000031A4A56EBE
:103A2000A56EA56EA56E8CCD108100000000000073
:103A30000000000000000000000000000000000086
:103A40000000000000000000000000000000000076
:103A50000000000000000000000000000000000066
:103A60000000000000000000000000000000000056
:103A70000000000000000000000000000000000046
:103A80000000000000000000000000000000000036
:103A90000000000000000000000000000000000026
:103AA00018C2950DA56EA56EA56E9D4E2123000032
:103AB0000000000008205B08A56EA56EA56EA56E2F
:103AC000A56E9D0D422600000000000000000000D1
:103AD00000000000000000000000000000000000E6
:103AE00000000000000000000000000000000000D6
:103AF00000000000000000000000000000000000C6
:103B000000000000000000000000000000000000B5
:103B100000000000000000000000000000000000A5
:103B20000000000000000000000000000000000095
:103B30000000000000000000000000000000000085
:103B40000000000000000000000000000000000075
:103B50000000000000000000000000000000000065
:103B60000000000000000000000000000000000055
:103B70000000000000000000000000000000000045
:103B80000000000000000000000000000000000035
:103B90000000000000000000000000000000000025
:103BA0000000000000000000000000000000000015
:103BB0000000000000000000000000000000000005
:103BC00000000000000000000000000000000000F5
:103BD00000000000000000000000000000000000E5
:103BE000000039C5950DA56EA56EA56EA56EA56ED6
:103BF0006B69084100000000000018C29D2DA56EF1
:103C0000A56EA56E9D2E210300000000000000009F
:103C100000000000000000000000000000000000A4
:103C20000000000000000000000000000000000094
:103C30000000000000000000000000000000000084
:103C40000000000000000000000000000000000074
:103C50000000000000000000000000000000000064
:103C60000000000000000000000000000000000054
:103C70000000000000000000000000000000000044
:103C8000000029439D4EA56EA56EA56E8CCD1061DA
:103C9000000018E28C8CA56EA56EA56EA56EA56EB3
:103CA00073CA108100000000000000000000000046
:103CB0000000000000000000000000000000000004
:103CC00000000000000000000000000000000000F4
:103CD00000000000000000000000000000000000E4
:103CE00000000000000000000000000000000000D4
:103CF00000000000000000000000000000000000C4
:103D000000000000000000000000000000000000B3
:103D100000000000000000000000000000000000A3
:103D20000000000000000000000000000000000093
:103D30000000000000000000000000000000000083
:103D40000000000000000000000000000000000073
:103D50000000000000000000000000000000000063
:103D60000000000000000000000000000000000053
:103D70000000000000000000000000000000000043
:103D80000000000000000000000000000000000033
:103D90000000000000000000000000000000000023
:103DA0000000000000000000000000000000000013
:103DB0000000000000000000000000000000000003
:103DC00000000000108173EAA56EA56EA56EA56EB9
:103DD000A56E846C18E2000008418C8CA56EA56E5F
:103DE000A56EA54E31A400000000000000000000F8
:103DF00000000000000000000000000000000000C3
:103E000000000000000000000000000000000000B2
:103E100000000000000000000000000000000000A2
:103E20000000000000000000000000000000000092
:103E30000000000000000000000000000000000082
:103E40000000000000000000000000000000000072
:103E50000000000000000000000000000000000062
:103E6000000000003A05A56EA56EA56EA56E7C0B40
:103E700031A49D2DA56EA56EA56EA56E9D4E4A879B
:103E80000000000000000000000000000000000032
:103E90000000000000000000000000000000000022
:103EA0000000000000000000000000000000000012
:103EB0000000000000000000000000000000000002
:103EC00000000000000000000000000000000000F2
:103ED00000000000000000000000000000000000E2
:103EE00000000000000000000000000000000000D2
:103EF00000000000000000000000000000000000C2
:103F000000000000000000000000000000000000B1
:103F100000000000000000000000000000000000A1
:103F20000000000000000000000000000000000091
:103F30000000000000000000000000000000000081
:103F40000000000000000000000000000000000071
:103F50000000000000000000000000000000000061
:103F60000000000000000000000000000000000051
:103F70000000000000000000000000000000000041
:103F80000000000000000000000000000000000031
:103F90000000000000000000000000000000000021
:103FA00000000000000000004A669D4EA56EA56E50
:103FB000A56EA56E9D2E31C56B89A56EA56EA56EED
:103FC000A56E4A660000000000000000000000002E
:103FD00000000000000000000000000000000000E1
:103FE00000000000000000000000000000000000D1
:103FF00000000000000000000000000000000000C1
:1040000000000000000000000000000000000000B0
:1040100000000000000000000000000000000000A0
:104020000000000000000000000000000000000090
:104030000000000000000000000000000000000080
:104040000000000000005AE8A56EA56EA56E9D4E0A
:10405000A56EA56EA56EA56EA56E8CAC21030000A5
:104060000000000000000000000000000000000050
:104070000000000000000000000000000000000040
:104080000000000000000000000000000000000030
:104090000000000000000000000000000000000020
:1040A0000000000000000000000000000000000010
:1040B0000000000000000000000000000000000000
:1040C00000000000000000000000000000000000F0
:1040D00000000000000000000000000000000000E0
:1040E00000000000000000000000000000000000D0
:1040F00000000000000000000000000000000000C0
:1041000000000000000000000000000000000000AF
:10411000000000000000000000000000000000009F
:10412000000000000000000000000000000000008F
:10413000000000000000000000000000000000007F
:10414000000000000000000000000000000000006F
:10415000000000000000000000000000000000005F
:10416000000000000000000000000000000000004F
:10417000000000000000000000000000000000003F
:104180000000000000000000000021038CACA56EC0
:10419000A56EA56EA56EA56E9D4EA56EA56EA56EAF
:1041A0006349000000000000000000000000000063
:1041B00000000000000000000000000000000000FF
:1041C00000000000000000000000000000000000EF
:1041D00000000000000000000000000000000000DF
:1041E00000000000000000000000000000000000CF
:1041F00000000000000000000000000000000000BF
:1042000000000000000000000000000000000000AE
:10421000000000000000000000000000000000009E
:1042200000000000000000006B89A56E9D4EA56E89
:10423000A56EA56EA56EA56E6B6908410000000015
:10424000000000000000000000000000000000006E
:10425000000000000000000000000000000000005E
:10426000000000000000000000000000000000004E
:10427000000000000000000000000000000000003E
:10428000000000000000000000000000000000002E
:10429000000000000000000000000000000000001E
:1042A000000000000000000000000000000000000E
:1042B00000000000000000000000000000000000FE
:1042C00000000000000000000000000000000000EE
:1042D00000000000000000000000000000000000DE
:1042E00000000000000000000000000000000000CE
:1042F00000000000000000000000000000000000BE
:1043000000000000000000000000000000000000AD
:10431000000000000000000000000000000000009D
:10432000000000000000000000000000000000008D
:10433000000000000000000000000000000000007D
:10434000000000000000000000000000000000006D
:10435000000000000000000000000000000000005D
:1043600000000000000000000000000008416B6930
:10437000A56EA56EA56EA56EA56E9D2EA56E7C2B59
:10438000002000000000000000000000000000000D
:10439000000000000000000000000000000000001D
:1043A000000000000000000000000000000000000D
:1043B00000000000000000000000000000000000FD
:1043C00000000000000000000000000000000000ED
:1043D00000000000000000000000000000000000DD
:1043E00000000000000000000000000000000000CD
:1043F00000000000000000000000000000000000BD
:10440000000000000000000008418C8CA56EA56E25
:10441000A56EA56E9D4E4246000000000000000003
:10442000000000000000000000000000000000008C
:10443000000000000000000000000000000000007C
:10444000000000000000000000000000000000006C
:10445000000000000000000000000000000000005C
:10446000000000000000000000000000000000004C
:10447000000000000000000000000000000000003C
:10448000000000000000000000000000000000002C
:10449000000000000000000000000000000000001C
:1044A000000000000000000000000000000000000C
:1044B00000000000000000000000000000000000FC
:1044C00000000000000000000000000000000000EC
:1044D00000000000000000000000000000000000DC
:1044E00000000000000000000000000000000000CC
:1044F00000000000000000000000000000000000BC
:1045000000000000000000000000000000000000AB
:10451000000000000000000000000000000000009B
:10452000000000000000000000000000000000008B
:10453000000000000000000000000000000000007B
:10454000000000000000000000000000000000006B
:1045500042469D4EA56EA56EA56EA56E8C8C08611B
:10456000000000000000000000000000000000004B
:10457000000000000000000000000000000000003B
:10458000000000000000000000000000000000002B
:10459000000000000000000000000000000000001B
:1045A000000000000000000000000000000000000B
:1045B00000000000000000000000000000000000FB
:1045C00000000000000000000000000000000000EB
:1045D00000000000000000000000000000000000DB
:1045E0000000000000000000000008418C8CA56E57
:1045F000A56E950D29640000000000000000000079
:1046000000000000000000000000000000000000AA
:10461000000000000000000000000000000000009A
:10462000000000000000000000000000000000008A
:10463000000000000000000000000000000000007A
:10464000000000000000000000000000000000006A
:10465000000000000000000000000000000000005A
:10466000000000000000000000000000000000004A
:10467000000000000000000000000000000000003A
:10468000000000000000000000000000000000002A
:10469000000000000000000000000000000000001A
:1046A000000000000000000000000000000000000A
:1046B00000000000000000000000000000000000FA
:1046C00000000000000000000000000000000000EA
:1046D00000000000000000000000000000000000DA
:1046E00000000000000000000000000000000000CA
:1046F00000000000000000000000000000000000BA
:1047000000000000000000000000000000000000A9
:104710000000000000000000000000000000000099
:104720000000000000000000000000000000000089
:104730000000294394EDA56EA56E8C8C08610000E5
:104740000000000000000000000000000000000069
:104750000000000000000000000000000000000059
:104760000000000000000000000000000000000049
:104770000000000000000000000000000000000039
:104780000000000000000000000000000000000029
:104790000000000000000000000000000000000019
:1047A0000000000000000000000000000000000009
:1047B00000000000000000000000000000000000F9
:1047C00000000000000000000000000018C2950D6D
:1047D000846C10A200000000000000000000000037
:1047E00000000000000000000000000000000000C9
:1047F00000000000000000000000000000000000B9
:1048000000000000000000000000000000000000A8
:104810000000000000000000000000000000000098
:104820000000000000000000000000000000000088
:104830000000000000000000000000000000000078
:104840000000000000000000000000000000000068
:104850000000000000000000000000000000000058
:104860000000000000000000000000000000000048
:104870000000000000000000000000000000000038
:104880000000000000000000000000000000000028
:104890000000000000000000000000000000000018
:1048A0000000000000000000000000000000000008
:1048B00000000000000000000000000000000000F8
:1048C00000000000000000000000000000000000E8
:1048D00000000000000000000000000000000000D8
:1048E00000000000000000000000000000000000C8
:1048F00000000000000000000000000000000000B8
:1049000000000000000000000000000000000000A7
:10491000000000001081844B950D18C200000000BB
:104920000000000000000000000000000000000087
:104930000000000000000000000000000000000077
:104940000000000000000000000000000000000067
:104950000000000000000000000000000000000057
:104960000000000000000000000000000000000047
:104970000000000000000000000000000000000037
:104980000000000000000000000000000000000027
:104990000000000000000000000000000000000017
:1049A00000000000000000000000000000002103E3
:1049B00008200000000000000000000000000000CF
:1049C00000000000000000000000000000000000E7
:1049D00000000000000000000000000000000000D7
:1049E00000000000000000000000000000000000C7
:1049F00000000000000000000000000000000000B7
:104A000000000000000000000000000000000000A6
:104A10000000000000000000000000000000000096
:104A20000000000000000000000000000000000086
:104A30000000000000000000000000000000000076
:104A40000000000000000000000000000000000066
:104A50000000000000000000000000000000000056
:104A60000000000000000000000000000000000046
:104A70000000000000000000000000000000000036
:104A80000000000000000000000000000000000026
:104A90000000000000000000000000000000000016
:104AA0000000000000000000000000000000000006
:104AB00000000000000000000000000000000000F6
:104AC00000000000000000000000000000000000E6
:104AD00000000000000000000000000000000000D6
:104AE00000000000000000000000000000000000C6
:104AF000000000000000082021030000000000006A
:104B000000000000000000000000000000000000A5
:104B10000000000000000000000000000000000095
:104B20000000000000000000000000000000000085
:104B30000000000000000000000000000000000075
:104B40000000000000000000000000000000000065
:104B50000000000000000000000000000000000055
:104B60000000000000000000000000000000000045
:104B70000000000000000000000000000000000035
:104B80000000000000000000000000000000000025
:104B90000000000000000000000000000000000015
:104BA0000000000000000000000000000000000005
:104BB00000000000000000000000000000000000F5
:104BC00000000000000000000000000000000000E5
:104BD00000000000000000000000000000000000D5
:104BE00000000000000000000000000000000000C5
:104BF00000000000000000000000000000000000B5
:104C000000000000000000000000000000000000A4
:104C10000000000000000000000000000000000094
:104C20000000000000000000000000000000000084
:104C30000000000000000000000000000000000074
:104C40000000000000000000000000000000000064
:104C50000000000000000000000000000000000054
:104C60000000000000000000000000000000000044
:104C70000000000000000000000000000000000034
:104C80000000000000000000000000000000000024
:104C90000000000000000000000000000000000014
:104CA0000000000000000000000000000000000004
:104CB00000000000000000000000000000000000F4
:104CC00000000000000000000000000000000000E4
:104CD00000000000000000000000000000000000D4
:104CE00000000000000000000000000000000000C4
:104CF00000000000000000000000000000000000B4
:104D000000000000000000000000000000000000A3
:104D10000000000000000000000000000000000093
:104D20000000000000000000000000000000000083
:104D30000000000000000000000000000000000073
:104D40000000000000000000000000000000000063
:104D50000000000000000000000000000000000053
:104D60000000000000000000000000000000000043
:104D70000000000000000000000000000000000033
:104D80000000000000000000000000000000000023
:104D90000000000000000000000000000000000013
:104DA0000000000000000000000000000000000003
:104DB00000000000000000000000000000000000F3
:104DC00000000000000000000000000000000000E3
:104DD00000000000000000000000000000000000D3
:104DE00000000000000000000000000000000000C3
:104DF00000000000000000000000000000000000B3
:104E000000000000000000000000000000000000A2
:104E10000000000000000000000000000000000092
:104E20000000000000000000000000000000000082
:104E30000000000000000000000000000000000072
:104E40000000000000000000000000000000000062
:104E50000000000000000000000000000000000052
:104E60000000000000000000000000000000000042
:104E70000000000000000000000000000000000032
:104E80000000000000000000000000000000000022
:104E90000000000000000000000000000000000012
:104EA0000000000000000000000000000000000002
:104EB00000000000000000000000000000000000F2
:104EC00000000000000000000000000000000000E2
:104ED00000000000000000000000000000000000D2
:104EE00000000000000000000000000000000000C2
:104EF00000000000000000000000000000000000B2
:104F000000000000000000000000000000000000A1
:104F10000000000000000000000000000000000091
:104F20000000000000000000000000000000000081
:104F30000000000000000000000000000000000071
:104F40000000000000000000000000000000000061
:104F50000000000000000000000000000000000051
:104F60000000000000000000000000000000000041
:104F70000000000000000000000000000000000031
:104F80000000000000000000000000000000000021
:104F90000000000000000000000000000000000011
:104FA0000000000000000000000000000000000001
:104FB00000000000000000000000000000000000F1
:104FC00000000000000000000000000000000000E1
:104FD00000000000000000000000000000000000D1
:104FE00000000000000000000000000000000000C1
:104FF00000000000000000000000000000000000B1
:1050000000000000000000000000000000000000A0
:105010000000000000000000000000000000000090
:105020000000000000000000000000000000000080
:105030000000000000000000000000000000000070
:105040000000000000000000000000000000000060
:105050000000000000000000000000000000000050
:105060000000000000000000000000000000000040
:105070000000000000000000000000000000000030
:105080000000000000000000000000000000000020
:105090000000000000000000000000000000000010
:1050A0000000000000000000000000000000000000
:1050B00000000000000000000000000000000000F0
:1050C00000000000000000000000000000000000E0
:1050D00000000000000000000000000000000000D0
:1050E00000000000000000000000000000000000C0
:1050F00000000000000000000000000000000000B0
:10510000000000000000000000000000000000009F
:10511000000000000000000000000000000000008F
:10512000000000000000000000000000000000007F
:10513000000000000000000000000000000000006F
:10514000000000000000000000000000000000005F
:10515000000000000000000000000000000000004F
:10516000000000000000000000000000000000003F
:10517000000000000000000000000000000000002F
:10518000000000000000000000000000000000001F
:10519000000000000000000000000000000000000F
:1051A00000000000000000000000000000000000FF
:1051B00000000000000000000000000000000000EF
:1051C00000000000000000000000000000000000DF
:1051D00000000000000000000000000000000000CF
:1051E00000000000000000000000000000000000BF
:1051F00000000000000000000000000000000000AF
:10520000000000000000000000000000000000009E
:10521000000000000000000000000000000000008E
:10522000000000000000000000000000000000007E
:10523000000000000000000000000000000000006E
:10524000000000000000000000000000000000005E
:10525000000000000000000000000000000000004E
:10526000000000000000000000000000000000003E
:10527000000000000000000000000000000000002E
:10528000000000000000000000000000000000001E
:10529000000000000000000000000000000000000E
:1052A00000000000000000000000000000000000FE
:1052B00000000000000000000000000000000000EE
:1052C00000000000000000000000000000000000DE
:1052D00000000000000000000000000000000000CE
:1052E00000000000000000000000000000000000BE
:1052F00000000000000000000000000000000000AE
:10530000000000000000000000000000000000009D
:10531000000000000000000000000000000000008D
:10532000000000000000000000000000000000007D
:10533000000000000000000000000000000000006D
:10534000000000000000000000000000000000005D
:10535000000000000000000000000000000000004D
:10536000000000000000000000000000000000003D
:10537000000000000000000000000000000000002D
:10538000000000000000000000000000000000001D
:10539000000000000000000000000000000000000D
:1053A00000000000000000000000000000000000FD
:1053B00000000000000000000000000000000000ED
:1053C00000000000000000000000000000000000DD
:1053D00000000000000000000000000000000000CD
:1053E00000000000000000000000000000000000BD
:1053F00000000000000000000000000000000000AD
:10540000000000000000000000000000000000009C
:10541000000000000000000000000000000000008C
:10542000000000000000000000000000000000007C
:10543000000000000000000000000000000000006C
:10544000000000000000000000000000000000005C
:10545000000000000000000000000000000000004C
:10546000000000000000000000000000000000003C
:10547000000000000000000000000000000000002C
:10548000000000000000000000000000000000001C
:10549000000000000000000000000000000000000C
:1054A00000000000000000000000000000000000FC
:1054B00000000000000000000000000000000000EC
:1054C00000000000000000000000000000000000DC
:1054D00000000000000000000000000000000000CC
:1054E00000000000000000000000000000000000BC
:1054F00000000000000000000000000000000000AC
:10550000000000000000000000000000000000009B
:10551000000000000000000000000000000000008B
:10552000000000000000000000000000000000007B
:10553000000000000000000000000000000000006B
:10554000000000000000000000000000000000005B
:10555000000000000000000000000000000000004B
:10556000000000000000000000000000000000003B
:10557000000000000000000000000000000000002B
:10558000000000000000000000000000000000001B
:10559000000000000000000000000000000000000B
:1055A00000000000000000000000000000000000FB
:1055B00000000000000000000000000000000000EB
:1055C00000000000000000000000000000000000DB
:1055D00000000000000000000000000000000000CB
:1055E00000000000000000000000000000000000BB
:1055F00000000000000000000000000000000000AB
:10560000000000000000000000000000000000009A
:10561000000000000000000000000000000000008A
:10562000000000000000000000000000000000007A
:10563000000000000000000000000000000000006A
:10564000000000000000000000000000000000005A
:10565000000000000000000000000000000000004A
:10566000000000000000000000000000000000003A
:10567000000000000000000000000000000000002A
:10568000000000000000000000000000000000001A
:10569000000000000000000000000000000000000A
:1056A00000000000000000000000000000000000FA
:1056B00000000000000000000000000000000000EA
:1056C00000000000000000000000000000000000DA
:1056D00000000000000000000000000000000000CA
:1056E00000000000000000000000000000000000BA
:1056F00000000000000000000000000000000000AA
:105700000000000000000000000000000000000099
:105710000000000000000000000000000000000089
:105720000000000000000000000000000000000079
:105730000000000000000000000000000000000069
:105740000000000000000000000000000000000059
:105750000000000000000000000000000000000049
:105760000000000000000000000000000000000039
:105770000000000000000000000000000000000029
:105780000000000000000000000000000000000019
:105790000000000000000000000000000000000009
:1057A00000000000000000000000000000000000F9
:1057B00000000000000000000000000000000000E9
:1057C00000000000000000000000000000000000D9
:1057D00000000000000000000000000000000000C9
:1057E00000000000000000000000000000000000B9
:1057F00000000000000000000000000000000000A9
:105800000000000000000000000000000000000098
:105810000000000000000000000000000000000088
:105820000000000000000000000000000000000078
:105830000000000000000000000000000000000068
:105840000000000000000000000000000000000058
:105850000000000000000000000000000000000048
:105860000000000000000000000000000000000038
:105870000000000000000000000000000000000028
:105880000000000000000000000000000000000018
:105890000000000000000000000000000000000008
:1058A00000000000000000000000000000000000F8
:1058B00000000000000000000000000000000000E8
:1058C00000000000000000000000000000000000D8
:1058D00000000000000000000000000000000000C8
:1058E00000000000000000000000000000000000B8
:1058F00000000000000000000000000000000000A8
:105900000000000000000000000000000000000097
:105910000000000000000000000000000000000087
:105920000000000000000000000000000000000077
:105930000000000000000000000000000000000067
:105940000000000000000000000000000000000057
:105950000000000000000000000000000000000047
:105960000000000000000000000000000000000037
:105970000000000000000000000000000000000027
:105980000000000000000000000000000000000017
:105990000000000000000000000000000000000007
:1059A00000000000000000000000000000000000F7
:1059B00000000000000000000000000000000000E7
:1059C00000000000000000000000000000000000D7
:1059D00000000000000000000000000000000000C7
:1059E00000000000000000000000000000000000B7
:1059F00000000000000000000000000000000000A7
:105A00000000000000000000000000000000000096
:105A10000000000000000000000000000000000086
:105A20000000000000000000000000000000000076
:105A30000000000000000000000000000000000066
:105A40000000000000000000000000000000000056
:105A50000000000000000000000000000000000046
:105A60000000000000000000000000000000000036
:105A70000000000000000000000000000000000026
:105A80000000000000000000000000000000000016
:105A90000000000000000000000000000000000006
:105AA00000000000000000000000000000000000F6
:105AB00000000000000000000000000000000000E6
:105AC00000000000000000000000000000000000D6
:105AD00000000000000000000000000000000000C6
:105AE00000000000000000000000000000000000B6
:105AF00000000000000000000000000000000000A6
:105B00000000000000000000000000000000000095
:105B10000000000000000000000000000000000085
:105B20000000000000000000000000000000000075
:105B30000000000000000000000000000000000065
:105B40000000000000000000000000000000000055
:105B50000000000000000000000000000000000045
:105B60000000000000000000000000000000000035
:105B70000000000000000000000000000000000025
:105B80000000000000000000000000000000000015
:105B90000000000000000000000000000000000005
:105BA00000000000000000000000000000000000F5
:105BB00000000000000000000000000000000000E5
:105BC00000000000000000000000000000000000D5
:105BD00000000000000000000000000000000000C5
:105BE00000000000000000000000000000000000B5
:105BF00000000000000000000000000000000000A5
:105C00000000000000000000000000000000000094
:105C10000000000000000000000000000000000084
:105C20000000000000000000000000000000000074
:105C30000000000000000000000000000000000064
:105C40000000000000000000000000000000000054
:105C50000000000000000000000000000000000044
:105C60000000000000000000000000000000000034
:105C70000000000000000000000000000000000024
:105C80000000000000000000000000000000000014
:105C90000000000000000000000000000000000004
:105CA00000000000000000000000000000000000F4
:105CB00000000000000000000000000000000000E4
:105CC00000000000000000000000000000000000D4
:105CD00000000000000000000000000000000000C4
:105CE00000000000000000000000000000000000B4
:105CF00000000000000000000000000000000000A4
:105D00000000000000000000000000000000000093
:105D10000000000000000000000000000000000083
:105D20000000000000000000000000000000000073
:105D30000000000000000000000000000000000063
:105D40000000000000000000000000000000000053
:105D50000000000000000000000000000000000043
:105D60000000000000000000000000000000000033
:105D70000000000000000000000000000000000023
:105D80000000000000000000000000000000000013
:105D90000000000000000000000000000000000003
:105DA00000000000000000000000000000000000F3
:105DB00000000000000000000000000000000000E3
:105DC00000000000000000000000000000000000D3
:105DD00000000000000000000000000000000000C3
:105DE00000000000000000000000000000000000B3
:105DF00000000000000000000000000000000000A3
:105E00000000000000000000000000000000000092
:105E10000000000000000000000000000000000082
:105E20000000000000000000000000000000000072
:105E30000000000000000000000000000000000062
:105E40000000000000000000000000000000000052
:105E50000000000000000000000000000000000042
:105E60000000000000000000000000000000000032
:105E70000000000000000000000000000000000022
:105E80000000000000000000000000000000000012
:105E90000000000000000000000000000000000002
:105EA00000000000000000000000000000000000F2
:105EB00000000000000000000000000000000000E2
:105EC00000000000000000000000000000000000D2
:105ED00000000000000000000000000000000000C2
:105EE00000000000000000000000000000000000B2
:105EF00000000000000000000000000000000000A2
:105F00000000000000000000000000000000000091
:105F10000000000000000000000000000000000081
:105F20000000000000000000000000000000000071
:105F30000000000000000000000000000000000061
:105F40000000000000000000000000000000000051
:105F50000000000000000000000000000000000041
:105F60000000000000000000000000000000000031
:105F70000000000000000000000000000000000021
:105F80000000000000000000000000000000000011
:105F90000000000000000000000000000000000001
:105FA00000000000000000000000000000000000F1
:105FB00000000000000000000000000000000000E1
:105FC00000000000000000000000000000000000D1
:105FD00000000000000000000000000000000000C1
:105FE00000000000000000000000000000000000B1
:105FF00000000000000000000000000000000000A1
:106000000000000000000000000000000000000090
:106010000000000000000000000000000000000080
:106020000000000000000000000000000000000070
:106030000000000000000000000000000000000060
:106040000000000000000000000000000000000050
:106050000000000000000000000000000000000040
:106060000000000000000000000000000000000030
:106070000000000000000000000000000000000020
:106080000000000000000000000000000000000010
:106090000000000000000000000000000000000000
:1060A00000000000000000000000000000000000F0
:1060B00000000000000000000000000000000000E0
:1060C00000000000000000000000000000000000D0
:1060D00000000000000000000000000000000000C0
:1060E00000000000000000000000000000000000B0
:1060F00000000000000000000000000000000000A0
:10610000000000000000000000000000000000008F
:10611000000000000000000000000000000000007F
:10612000000000000000000000000000000000006F
:10613000000000000000000000000000000000005F
:10614000000000000000000000000000000000004F
:10615000000000000000000000000000000000003F
:10616000000000000000000000000000000000002F
:10617000000000000000000000000000000000001F
:10618000000000000000000000000000000000000F
:1061900000000000000000000000000000000000FF
:1061A00000000000000000000000000000000000EF
:1061B00000000000000000000000000000000000DF
:1061C00000000000000000000000000000000000CF
:1061D00000000000000000000000000000000000BF
:1061E00000000000000000000000000000000000AF
:1061F000000000000000000000000000000000009F
:10620000000000000000000000000000000000008E
:10621000000000000000000000000000000000007E
:10622000000000000000000000000000000000006E
:10623000000000000000000000000000000000005E
:10624000000000000000000000000000000000004E
:10625000000000000000000000000000000000003E
:10626000000000000000000000000000000000002E
:10627000000000000000000000000000000000001E
:10628000000000000000000000000000000000000E
:1062900000000000000000000000000000000000FE
:1062A00000000000000000000000000000000000EE
:1062B00000000000000000000000000000000000DE
:1062C00000000000000000000000000000000000CE
:1062D00000000000000000000000000000000000BE
:1062E00000000000000000000000000000000000AE
:1062F000000000000000000000000000000000009E
:10630000000000000000000000000000000000008D
:10631000000000000000000000000000000000007D
:10632000000000000000000000000000000000006D
:10633000000000000000000000000000000000005D
:10634000000000000000000000000000000000004D
:10635000000000000000000000000000000000003D
:10636000000000000000000000000000000000002D
:10637000000000000000000000000000000000001D
:10638000000000000000000000000000000000000D
:1063900000000000000000000000000000000000FD
:1063A00000000000000000000000000000000000ED
:1063B00000000000000000000000000000000000DD
:1063C00000000000000000000000000000000000CD
:1063D00000000000000000000000000000000000BD
:1063E00000000000000000000000000000000000AD
:1063F000000000000000000000000000000000009D
:10640000000000000000000000000000000000008C
:10641000000000000000000000000000000000007C
:10642000000000000000000000000000000000006C
:10643000000000000000000000000000000000005C
:10644000000000000000000000000000000000004C
:10645000000000000000000000000000000000003C
:10646000000000000000000000000000000000002C
:10647000000000000000000000000000000000001C
:10648000000000000000000000000000000000000C
:1064900000000000000000000000000000000000FC
:1064A00000000000000000000000000000000000EC
:1064B00000000000000000000000000000000000DC
:1064C00000000000000000000000000000000000CC
:1064D00000000000000000000000000000000000BC
:1064E00000000000000000000000000000000000AC
:1064F000000000000000000000000000000000009C
:10650000000000000000000000000000000000008B
:10651000000000000000000000000000000000007B
:10652000000000000000000000000000000000006B
:10653000000000000000000000000000000000005B
:10654000000000000000000000000000000000004B
:10655000000000000000000000000000000000003B
:10656000000000000000000000000000000000002B
:10657000000000000000000000000000000000001B
:10658000000000000000000000000000000000000B
:1065900000000000000000000000000000000000FB
:1065A00000000000000000000000000000000000EB
:1065B00000000000000000000000000000000000DB
:1065C000000000000000000000000000108218C35E
:1065D00020E418E318A30861000000000000000098
:1065E00000000000000000000000000000000000AB
:1065F000000000000000000000000000000000009B
:10660000000000000000000000000000000000008A
:10661000000000000000000000000000000000007A
:10662000000000000000000000000000000000006A
:10663000000000000000000000000000000000005A
:10664000000000000000000000000000000000004A
:10665000000000000000000000000000000000003A
:10666000000000000000000000000000000000002A
:10667000000000000000000000000000000000001A
:10668000000000000000000000000000000000000A
:1066900000000000000000000000000000000000FA
:1066A00000000000000000000000000000000000EA
:1066B00000000000000000000000000000000000DA
:1066C00000000000000000000000000000000000CA
:1066D00000000000000000000000000000000000BA
:1066E00000000000000000000000000000000000AA
:1066F000000000000000000000000000000000009A
:106700000000000000000000000000000000000089
:106710000000000000000000000000000000000079
:106720000000000000000000000000000000000069
:106730000000000000000000000000000000000059
:106740000000000000000000000000000000000049
:106750000000000000000000000000000000000039
:106760000000000000000000000000000000000029
:106770000000000000000000000000000000000019
:106780000000000000000000000000000000000009
:1067900000000000000000000000000000000000F9
:1067A0000000000000000841212431A639A739A7C4
:1067B00039A739A739A739A7318618C300000000C7
:1067C00000000000000000000000000000000000C9
:1067D00000000000000000000000000000000000B9
:1067E00000000000000000000000000000000000A9
:1067F0000000000000000000000000000000000099
:106800000000000000000000000000000000000088
:106810000000000000000000000000000000000078
:106820000000000000000000000000000000000068
:106830000000000000000000000000000000000058
:106840000000000000000000000000000000000048
:106850000000000000000000000000000000000038
:106860000000000000000000000000000000000028
:106870000000000000000000000000000000000018
:106880000000000000000000000000000000000008
:1068900000000000000000000000000000000000F8
:1068A00000000000000000000000000000000000E8
:1068B00000000000000000000000000000000000D8
:1068C00000000000000000000000000000000000C8
:1068D00000000000000000000000000000000000B8
:1068E00000000000000000000000000000000000A8
:1068F0000000000000000000000000000000000098
:106900000000000000000000000000000000000087
:106910000000000000000000000000000000000077
:106920000000000000000000000000000000000067
:106930000000000000000000000000000000000057
:106940000000000000000000000000000000000047
:106950000000000000000000000000000000000037
:106960000000000000000000000000000000000027
:106970000000000000000000000000000000000017
:106980000000000020E431A639A739A739A739A7AC
:1069900039A739A739A739A739A739A7318610826E
:1069A00000000000000000000000000000000000E7
:1069B00000000000000000000000000000000000D7
:1069C00000000000000000000000000000000000C7
:1069D00000000000000000000000000000000000B7
:1069E00000000000000000000000000000000000A7
:1069F0000000000000000000000000000000000097
:106A00000000000000000000000000000000000086
:106A10000000000000000000000000000000000076
:106A20000000000000000000000000000000000066
:106A30000000000000000000000000000000000056
:106A40000000000000000000000000000000000046
:106A50000000000000000000000000000000000036
:106A60000000000000000000000000000000000026
:106A70000000000000000000000000000000000016
:106A80000000000000000000000000000000000006
:106A900000000000000000000000000000000000F6
:106AA00000000000000000000000000000000000E6
:106AB00000000000000000000000000000000000D6
:106AC00000000000000000000000000000000000C6
:106AD00000000000000000000000000000000000B6
:106AE00000000000000000000000000000000000A6
:106AF0000000000000000000000000000000000096
:106B00000000000000000000000000000000000085
:106B10000000000000000000000000000000000075
:106B20000000000000000000000000000000000065
:106B30000000000000000000000000000000000055
:106B40000000000000000000000000000000000045
:106B50000000000000000000000000000000000035
:106B60000000294539A739A739A739A739A739A777
:106B700039A739A739A739A739A739A739A731A61E
:106B800018A300000000000000000000000000004A
:106B900000000000000000000000000000000000F5
:106BA00000000000000000000000000000000000E5
:106BB00000000000000000000000000000000000D5
:106BC00000000000000000000000000000000000C5
:106BD00000000000000000000000000000000000B5
:106BE00000000000000000000000000000000000A5
:106BF0000000000000000000000000000000000095
:106C00000000000000000000000000000000000084
:106C10000000000000000000000000000000000074
:106C20000000000000000000000000000000000064
:106C30000000000000000000000000000000000054
:106C40000000000000000000000000000000000044
:106C50000000000000000000000000000000000034
:106C60000000000000000000000000000000000024
:106C70000000000000000000000000000000000014
:106C80000000000000000000000000000000000004
:106C900000000000000000000000000000000000F4
:106CA00000000000000000000000000000000000E4
:106CB00000000000000000000000000000000000D4
:106CC00000000000000000000000000000000000C4
:106CD00000000000000000000000000000000000B4
:106CE00000000000000000000000000000000000A4
:106CF0000000000000000000000000000000000094
:106D00000000000000000000000000000000000083
:106D10000000000000000000000000000000000073
:106D20000000000000000000000000000000000063
:106D30000000000000000000000000000000000053
:106D4000212439A739A739A739A739A739A739A7DE
:106D500039A739A739A739A739A739A739A739A733
:106D600039A71082000000000000000000000000B1
:106D70000000000000000000000000000000000013
:106D80000000000000000000000000000000000003
:106D900000000000000000000000000000000000F3
:106DA00000000000000000000000000000000000E3
:106DB00000000000000000000000000000000000D3
:106DC00000000000000000000000000000000000C3
:106DD00000000000000000000000000000000000B3
:106DE00000000000000000000000000000000000A3
:106DF0000000000000000000000000000000000093
:106E00000000000000000000000000000000000082
:106E10000000000000000000000000000000000072
:106E20000000000000000000000000000000000062
:106E30000000000000000000000000000000000052
:106E40000000000000000000000000000000000042
:106E50000000000000000000000000000000000032
:106E60000000000000000000000000000000000022
:106E70000000000000000000000000000000000012
:106E80000000000000000000000000000000000002
:106E900000000000000000000000000000000000F2
:106EA00000000000000000000000000000000000E2
:106EB00000000000000000000000000000000000D2
:106EC00000000000000000000000000000000000C2
:106ED00000000000000000000000000000000000B2
:106EE00000000000000000000000000000000000A2
:106EF0000000000000000000000000000000000092
:106F00000000000000000000000000000000000081
:106F1000000000000000000000000000000018C396
:106F200039A739A739A739A739A739A739A739A761
:106F300039A739A739A739A739A739A739A739A751
:106F400039A731A608210000000000000000000061
:106F50000000000000000000000000000000000031
:106F60000000000000000000000000000000000021
:106F70000000000000000000000000000000000011
:106F80000000000000000000000000000000000001
:106F900000000000000000000000000000000000F1
:106FA00000000000000000000000000000000000E1
:106FB00000000000000000000000000000000000D1
:106FC00000000000000000000000000000000000C1
:106FD00000000000000000000000000000000000B1
:106FE00000000000000000000000000000000000A1
:106FF0000000000000000000000000000000000091
:107000000000000000000000000000000000000080
:107010000000000000000000000000000000000070
:107020000000000000000000000000000000000060
:107030000000000000000000000000000000000050
:107040000000000000000000000000000000000040
:107050000000000000000000000000000000000030
:107060000000000000000000000000000000000020
:107070000000000000000000000000000000000010
:107080000000000000000000000000000000000000
:1070900000000000000000000000000000000000F0
:1070A00000000000000000000000000000000000E0
:1070B00000000000000000000000000000000000D0
:1070C00000000000000000000000000000000000C0
:1070D00000000000000000000000000000000000B0
:1070E00000000000000000000000000000000000A0
:1070F00000000000000000000000000000203186B9
:1071000039A739A739A739A739A739A739A739A77F
:1071100039A739A739A739A739A739A739A739A76F
:1071200039A739A72104000000000000000000007A
:10713000000000000000000000000000000000004F
:10714000000000000000000000000000000000003F
:10715000000000000000000000000000000000002F
:10716000000000000000000000000000000000001F
:10717000000000000000000000000000000000000F
:1071800000000000000000000000000000000000FF
:1071900000000000000000000000000000000000EF
:1071A00000000000000000000000000000000000DF
:1071B00000000000000000000000000000000000CF
:1071C00000000000000000000000000000000000BF
:1071D00000000000000000000000000000000000AF
:1071E000000000000000000000000000000000009F
:1071F000000000000000000000000000000000008F
:10720000000000000000000000000000000000007E
:10721000000000000000000000000000000000006E
:10722000000000000000000000000000000000005E
:10723000000000000000000000000000000000004E
:10724000000000000000000000000000000000003E
:10725000000000000000000000000000000000002E
:10726000000000000000000000000000000000001E
:10727000000000000000000000000000000000000E
:1072800000000000000000000000000000000000FE
:1072900000000000000000000000000000000000EE
:1072A00000000000000000000000000000000000DE
:1072B00000000000000000000000000000000000CE
:1072C00000000000000000000000000000000000BE
:1072D00000000000000000000000000018C339A7F3
:1072E00039A739A739A739A739A739A739A739A79E
:1072F00039A739A739A739A739A739A739A739A78E
:1073000039A739A731A600200000000000000000C6
:10731000000000000000000000000000000000006D
:10732000000000000000000000000000000000005D
:10733000000000000000000000000000000000004D
:10734000000000000000000000000000000000003D
:10735000000000000000000000000000000000002D
:10736000000000000000000000000000000000001D
:10737000000000000000000000000000000000000D
:1073800000000000000000000000000000000000FD
:1073900000000000000000000000000000000000ED
:1073A00000000000000000000000000000000000DD
:1073B00000000000000000000000000000000000CD
:1073C00000000000000000000000000000000000BD
:1073D00000000000000000000000000000000000AD
:1073E000000000000000000000000000000000009D
:1073F000000000000000000000000000000000008D
:10740000000000000000000000000000000000007C
:10741000000000000000000000000000000000006C
:10742000000000000000000000000000000000005C
:10743000000000000000000000000000000000004C
:10744000000000000000000000000000000000003C
:10745000000000000000000000000000000000002C
:10746000000000000000000000000000000000001C
:10747000000000000000000000000000000000000C
:1074800000000000000000000000000000000000FC
:1074900000000000000000000000000000000000EC
:1074A00000000000000000000000000000000000DC
:1074B000000000000000000000000000294539A77E
:1074C00039A739A739A739A739A739A739A731A6C5
:1074D00031A631A639A739A739A739A739A739A7BE
:1074E00039A739A739A710A200000000000000004A
:1074F000000000000000000000000000000000008C
:10750000000000000000000000000000000000007B
:10751000000000000000000000000000000000006B
:10752000000000000000000000000000000000005B
:10753000000000000000000000000000000000004B
:10754000000000000000000000000000000000003B
:10755000000000000000000000000000000000002B
:10756000000000000000000000000000000000001B
:10757000000000000000000000000000000000000B
:1075800000000000000000000000000000000000FB
:1075900000000000000000000000000000000000EB
:1075A00000000000000000000000000000000000DB
:1075B00000000000000000000000000000000000CB
:1075C00000000000000000000000000000000000BB
:1075D00000000000000000000000000000000000AB
:1075E000000000000000000000000000000000009B
:1075F000000000000000000000000000000000008B
:10760000000000000000000000000000000000007A
:10761000000000000000000000000000000000006A
:10762000000000000000000000000000000000005A
:10763000000000000000000000000000000000004A
:10764000000000000000000000000000000000003A
:10765000000000000000000000000000000000002A
:10766000000000000000000000000000000000001A
:10767000000000000000000000000000000000000A
:1076800000000000000000000000000000000000FA
:1076900000000000000000000000000031A639A733
:1076A00039A739A739A739A739A739A731A631860C
:1076B00031863186318631A639A739A739A739A74E
:1076C00039A739A739A721040000000000000000F5
:1076D00000000000000000000000000000000000AA
:1076E000000000000000000000000000000000009A
:1076F000000000000000000000000000000000008A
:107700000000000000000000000000000000000079
:107710000000000000000000000000000000000069
:107720000000000000000000000000000000000059
:107730000000000000000000000000000000000049
:107740000000000000000000000000000000000039
:107750000000000000000000000000000000000029
:107760000000000000000000000000000000000019
:107770000000000000000000000000000000000009
:1077800000000000000000000000000000000000F9
:1077900000000000000000000000000000000000E9
:1077A00000000000000000000000000000000000D9
:1077B00000000000000000000000000000000000C9
:1077C00000000000000000000000000000000000B9
:1077D00000000000000000000000000000000000A9
:1077E0000000000000000000000000000000000099
:1077F0000000000000000000000000000000000089
:107800000000000000000000000000000000000078
:107810000000000000000000000000000000000068
:107820000000000000000000000000000000000058
:107830000000000000000000000000000000000048
:107840000000000000000000000000000000000038
:107850000000000000000000000000000000000028
:107860000000000000000000000000000000000018
:1078700000000000000000000000082139A739A71F
:1078800039A739A739A739A739A739A7318631864A
:10789000318631863186318639A739A739A739A78C
:1078A00039A739A739A729250000000000000000EA
:1078B00000000000000000000000000000000000C8
:1078C00000000000000000000000000000000000B8
:1078D00000000000000000000000000000000000A8
:1078E0000000000000000000000000000000000098
:1078F0000000000000000000000000000000000088
:107900000000000000000000000000000000000077
:107910000000000000000000000000000000000067
:107920000000000000000000000000000000000057
:107930000000000000000000000000000000000047
:107940000000000000000000000000000000000037
:107950000000000000000000000000000000000027
:107960000000000000000000000000000000000017
:107970000000000000000000000000000000000007
:1079800000000000000000000000000000000000F7
:1079900000000000000000000000000000000000E7
:1079A00000000000000000000000000000000000D7
:1079B00000000000000000000000000000000000C7
:1079C00000000000000000000000000000000000B7
:1079D00000000000000000000000000000000000A7
:1079E0000000000000000000000000000000000097
:1079F0000000000000000000000000000000000087
:107A00000000000000000000000000000000000076
:107A10000000000000000000000000000000000066
:107A20000000000000000000000000000000000056
:107A30000000000000000000000000000000000046
:107A40000000000000000000000000000000000036
:107A500000000000000000000000084139A739A71D
:107A600039A739A739A739A739A731A63186318671
:107A7000318631863186318639A739A739A739A7AA
:107A800039A739A739A729450000000000000000E8
:107A900000000000000000000000000000000000E6
:107AA00000000000000000000000000000000000D6
:107AB00000000000000000000000000000000000C6
:107AC00000000000000000000000000000000000B6
:107AD00000000000000000000000000000000000A6
:107AE0000000000000000000000000000000000096
:107AF0000000000000000000000000000000000086
:107B00000000000000000000000000000000000075
:107B10000000000000000000000000000000000065
:107B20000000000000000000000000000000000055
:107B30000000000000000000000000000000000045
:107B40000000000000000000000000000000000035
:107B50000000000000000000000000000000000025
:107B60000000000000000000000000000000000015
:107B70000000000000000000000000000000000005
:107B800000000000000000000000000000000000F5
:107B900000000000000000000000000000000000E5
:107BA00000000000000000000000000000000000D5
:107BB00000000000000000000000000000000000C5
:107BC00000000000000000000000000000000000B5
:107BD00000000000000000000000000000000000A5
:107BE0000000000000000000000000000000000095
:107BF0000000000000000000000000000000000085
:107C00000000000000000000000000000000000074
:107C10000000000000000000000000000000000064
:107C20000000000000000000000000000000000054
:107C300000000000000000000000002039A739A764
:107C400039A739A739A739A739A739A73186318686
:107C500031863186318631A639A739A739A739A7A8
:107C600039A739A739A72925000000000000000026
:107C70000000000000000000000000000000000004
:107C800000000000000000000000000000000000F4
:107C900000000000000000000000000000000000E4
:107CA00000000000000000000000000000000000D4
:107CB00000000000000000000000000000000000C4
:107CC00000000000000000000000000000000000B4
:107CD00000000000000000000000000000000000A4
:107CE0000000000000000000000000000000000094
:107CF0000000000000000000000000000000000084
:107D00000000000000000000000000000000000073
:107D10000000000000000000000000000000000063
:107D20000000000000000000000000000000000053
:107D30000000000000000000000000000000000043
:107D40000000000000000000000000000000000033
:107D50000000000000000000000000000000000023
:107D60000000000000000000000000000000000013
:107D70000000000000000000000000000000000003
:107D800000000000000000000000000000000000F3
:107D900000000000000000000000000000000000E3
:107DA00000000000000000000000000000000000D3
:107DB00000000000000000000000000000000000C3
:107DC00000000000000000000000000000000000B3
:107DD00000000000000000000000000000000000A3
:107DE0000000000000000000000000000000000093
:107DF0000000000000000000000000000000000083
:107E00000000000000000000000000000000000072
:107E100000000000000000000000000031A639A7AB
:107E200039A739A739A739A739A739A731A6318684
:107E300031863186318631A639A739A739A739A7C6
:107E400039A739A739A7210400000000000000006D
:107E50000000000000000000000000000000000022
:107E60000000000000000000000000000000000012
:107E70000000000000000000000000000000000002
:107E800000000000000000000000000000000000F2
:107E900000000000000000000000000000000000E2
:107EA00000000000000000000000000000000000D2
:107EB00000000000000000000000000000000000C2
:107EC00000000000000000000000000000000000B2
:107ED00000000000000000000000000000000000A2
:107EE0000000000000000000000000000000000092
:107EF0000000000000000000000000000000000082
:107F00000000000000000000000000000000000071
:107F10000000000000000000000000000000000061
:107F20000000000000000000000000000000000051
:107F30000000000000000000000000000000000041
:107F40000000000000000000000000000000000031
:107F50000000000000000000000000000000000021
:107F60000000000000000000000000000000000011
:107F70000000000000000000000000000000000001
:107F800000000000000000000000000000000000F1
:107F900000000000000000000000000000000000E1
:107FA00000000000000000000000000000000000D1
:107FB00000000000000000000000000000000000C1
:107FC00000000000000000000000000000000000B1
:107FD00000000000000000000000000000000000A1
:107FE0000000000000000000000000000000000091
:107FF000000000000000000000000000292539A753
:1080000039A739A739A739A739A739A739A739A770
:1080100031A631A639A739A739A739A739A739A772
:1080200039A739A739A7108200000000000000001E
:108030000000000000000000000000000000000040
:108040000000000000000000000000000000000030
:108050000000000000000000000000000000000020
:108060000000000000000000000000000000000010
:108070000000000000000000000000000000000000
:1080800000000000000000000000000000000000F0
:1080900000000000000000000000000000000000E0
:1080A00000000000000000000000000000000000D0
:1080B00000000000000000000000000000000000C0
:1080C00000000000000000000000000000000000B0
:1080D00000000000000000000000000000000000A0
:1080E0000000000000000000000000000000000090
:1080F0000000000000000000000000000000000080
:10810000000000000000000000000000000000006F
:10811000000000000000000000000000000000005F
:10812000000000000000000000000000000000004F
:10813000000000000000000000000000000000003F
:10814000000000000000000000000000000000002F
:10815000000000000000000000000000000000001F
:10816000000000000000000000000000000000000F
:1081700000000000000000000000000000000000FF
:1081800000000000000000000000000000000000EF
:1081900000000000000000000000000000000000DF
:1081A00000000000000000000000000000000000CF
:1081B00000000000000000000000000000000000BF
:1081C00000000000000000000000000000000000AF
:1081D00000000000000000000000000018A339A704
:1081E00039A739A739A739A739A739A739A739A78F
:1081F00039A739A739A739A739A739A739A739A77F
:1082000039A739A731A600000000000000000000D7
:10821000000000000000000000000000000000005E
:10822000000000000000000000000000000000004E
:10823000000000000000000000000000000000003E
:10824000000000000000000000000000000000002E
:10825000000000000000000000000000000000001E
:10826000000000000000000000000000000000000E
:1082700000000000000000000000000000000000FE
:1082800000000000000000000000000000000000EE
:1082900000000000000000000000000000000000DE
:1082A00000000000000000000000000000000000CE
:1082B00000000000000000000000000000000000BE
:1082C00000000000000000000000000000000000AE
:1082D000000000000000000000000000000000009E
:1082E000000000000000000000000000000000008E
:1082F000000000000000000000000000000000007E
:10830000000000000000000000000000000000006D
:10831000000000000000000000000000000000005D
:10832000000000000000000000000000000000004D
:10833000000000000000000000000000000000003D
:10834000000000000000000000000000000000002D
:10835000000000000000000000000000000000001D
:10836000000000000000000000000000000000000D
:1083700000000000000000000000000000000000FD
:1083800000000000000000000000000000000000ED
:1083900000000000000000000000000000000000DD
:1083A00000000000000000000000000000000000CD
:1083B0000000000000000000000000000000318606
:1083C00039A739A739A739A739A739A739A739A7AD
:1083D00039A739A739A739A739A739A739A739A79D
:1083E00039A739A718E300000000000000000000D2
:1083F000000000000000000000000000000000007D
:10840000000000000000000000000000000000006C
:10841000000000000000000000000000000000005C
:10842000000000000000000000000000000000004C
:10843000000000000000000000000000000000003C
:10844000000000000000000000000000000000002C
:10845000000000000000000000000000000000001C
:10846000000000000000000000000000000000000C
:1084700000000000000000000000000000000000FC
:1084800000000000000000000000000000000000EC
:1084900000000000000000000000000000000000DC
:1084A00000000000000000000000000000000000CC
:1084B00000000000000000000000000000000000BC
:1084C00000000000000000000000000000000000AC
:1084D000000000000000000000000000000000009C
:1084E000000000000000000000000000000000008C
:1084F000000000000000000000000000000000007C
:10850000000000000000000000000000000000006B
:10851000000000000000000000000000000000005B
:10852000000000000000000000000000000000004B
:10853000000000000000000000000000000000003B
:10854000000000000000000000000000000000002B
:10855000000000000000000000000000000000001B
:10856000000000000000000000000000000000000B
:1085700000000000000000000000000000000000FB
:1085800000000000000000000000000000000000EB
:108590000000000000000000000000000000108249
:1085A00039A739A739A739A739A739A739A739A7CB
:1085B00039A739A739A739A739A739A739A739A7BB
:1085C00039A73186002000000000000000000000F4
:1085D000000000000000000000000000000000009B
:1085E000000000000000000000000000000000008B
:1085F000000000000000000000000000000000007B
:10860000000000000000000000000000000000006A
:10861000000000000000000000000000000000005A
:10862000000000000000000000000000000000004A
:10863000000000000000000000000000000000003A
:10864000000000000000000000000000000000002A
:10865000000000000000000000000000000000001A
:10866000000000000000000000000000000000000A
:1086700000000000000000000000000000000000FA
:1086800000000000000000000000000000000000EA
:1086900000000000000000000000000000000000DA
:1086A00000000000000000000000000000000000CA
:1086B00000000000000000000000000000000000BA
:1086C00000000000000000000000000000000000AA
:1086D000000000000000000000000000000000009A
:1086E000000000000000000000000000000000008A
:1086F000000000000000000000000000000000007A
:108700000000000000000000000000000000000069
:108710000000000000000000000000000000000059
:108720000000000000000000000000000000000049
:108730000000000000000000000000000000000039
:108740000000000000000000000000000000000029
:108750000000000000000000000000000000000019
:108760000000000000000000000000000000000009
:1087700000000000000000000000000000000000F9
:1087800020E439A739A739A739A739A739A739A7C5
:1087900039A739A739A739A739A739A739A739A7D9
:1087A00031A6086100000000000000000000000089
:1087B00000000000000000000000000000000000B9
:1087C00000000000000000000000000000000000A9
:1087D0000000000000000000000000000000000099
:1087E0000000000000000000000000000000000089
:1087F0000000000000000000000000000000000079
:108800000000000000000000000000000000000068
:108810000000000000000000000000000000000058
:108820000000000000000000000000000000000048
:108830000000000000000000000000000000000038
:108840000000000000000000000000000000000028
:108850000000000000000000000000000000000018
:108860000000000000000000000000000000000008
:1088700000000000000000000000000000000000F8
:1088800000000000000000000000000000000000E8
:1088900000000000000000000000000000000000D8
:1088A00000000000000000000000000000000000C8
:1088B00000000000000000000000000000000000B8
:1088C00000000000000000000000000000000000A8
:1088D0000000000000000000000000000000000098
:1088E0000000000000000000000000000000000088
:1088F0000000000000000000000000000000000078
:108900000000000000000000000000000000000067
:108910000000000000000000000000000000000057
:108920000000000000000000000000000000000047
:108930000000000000000000000000000000000037
:108940000000000000000000000000000000000027
:108950000000000000000000000000000000000017
:108960000000210439A739A739A739A739A739A7A2
:1089700039A739A739A739A739A739A739A731A600
:108980001082000000000000000000000000000055
:1089900000000000000000000000000000000000D7
:1089A00000000000000000000000000000000000C7
:1089B00000000000000000000000000000000000B7
:1089C00000000000000000000000000000000000A7
:1089D0000000000000000000000000000000000097
:1089E0000000000000000000000000000000000087
:1089F0000000000000000000000000000000000077
:108A00000000000000000000000000000000000066
:108A10000000000000000000000000000000000056
:108A20000000000000000000000000000000000046
:108A30000000000000000000000000000000000036
:108A40000000000000000000000000000000000026
:108A50000000000000000000000000000000000016
:108A60000000000000000000000000000000000006
:108A700000000000000000000000000000000000F6
:108A800000000000000000000000000000000000E6
:108A900000000000000000000000000000000000D6
:108AA00000000000000000000000000000000000C6
:108AB00000000000000000000000000000000000B6
:108AC00000000000000000000000000000000000A6
:108AD0000000000000000000000000000000000096
:108AE0000000000000000000000000000000000086
:108AF0000000000000000000000000000000000076
:108B00000000000000000000000000000000000065
:108B10000000000000000000000000000000000055
:108B20000000000000000000000000000000000045
:108B30000000000000000000000000000000000035
:108B40000000000018A3318639A739A739A739A733
:108B500039A739A739A739A739A739A7294508411E
:108B60000000000000000000000000000000000005
:108B700000000000000000000000000000000000F5
:108B800000000000000000000000000000000000E5
:108B900000000000000000000000000000000000D5
:108BA00000000000000000000000000000000000C5
:108BB00000000000000000000000000000000000B5
:108BC00000000000000000000000000000000000A5
:108BD0000000000000000000000000000000000095
:108BE0000000000000000000000000000000000085
:108BF0000000000000000000000000000000000075
:108C00000000000000000000000000000000000064
:108C10000000000000000000000000000000000054
:108C20000000000000000000000000000000000044
:108C30000000000000000000000000000000000034
:108C40000000000000000000000000000000000024
:108C50000000000000000000000000000000000014
:108C60000000000000000000000000000000000004
:108C700000000000000000000000000000000000F4
:108C800000000000000000000000000000000000E4
:108C900000000000000000000000000000000000D4
:108CA00000000000000000000000000000000000C4
:108CB00000000000000000000000000000000000B4
:108CC00000000000000000000000000000000000A4
:108CD0000000000000000000000000000000000094
:108CE0000000000000000000000000000000000084
:108CF0000000000000000000000000000000000074
:108D00000000000000000000000000000000000063
:108D10000000000000000000000000000000000053
:108D2000000000000000002018E3316639A739A7D1
:108D300039A739A739A731A62945108200000000BC
:108D40000000000000000000000000000000000023
:108D50000000000000000000000000000000000013
:108D60000000000000000000000000000000000003
:108D700000000000000000000000000000000000F3
:108D800000000000000000000000000000000000E3
:108D900000000000000000000000000000000000D3
:108DA00000000000000000000000000000000000C3
:108DB00000000000000000000000000000000000B3
:108DC00000000000000000000000000000000000A3
:108DD0000000000000000000000000000000000093
:108DE0000000000000000000000000000000000083
:108DF0000000000000000000000000000000000073
:108E00000000000000000000000000000000000062
:108E10000000000000000000000000000000000052
:108E20000000000000000000000000000000000042
:108E30000000000000000000000000000000000032
:108E40000000000000000000000000000000000022
:108E50000000000000000000000000000000000012
:108E60000000000000000000000000000000000002
:108E700000000000000000000000000000000000F2
:108E800000000000000000000000000000000000E2
:108E900000000000000000000000000000000000D2
:108EA00000000000000000000000000000000000C2
:108EB00000000000000000000000000000000000B2
:108EC00000000000000000000000000000000000A2
:108ED0000000000000000000000000000000000092
:108EE0000000000000000000000000000000000082
:108EF0000000000000000000000000000000000072
:108F00000000000000000000000000000841108286
:108F100018A310A210620020000000000000000052
:108F20000000000000000000000000000000000041
:108F30000000000000000000000000000000000031
:108F40000000000000000000000000000000000021
:108F50000000000000000000000000000000000011
:108F60000000000000000000000000000000000001
:108F700000000000000000000000000000000000F1
:108F800000000000000000000000000000000000E1
:108F900000000000000000000000000000000000D1
:108FA00000000000000000000000000000000000C1
:108FB00000000000000000000000000000000000B1
:108FC00000000000000000000000000000000000A1
:108FD0000000000000000000000000000000000091
:108FE0000000000000000000000000000000000081
:108FF0000000000000000000000000000000000071
:109000000000000000000000000000000000000060
:109010000000000000000000000000000000000050
:109020000000000000000000000000000000000040
:109030000000000000000000000000000000000030
:109040000000000000000000000000000000000020
:109050000000000000000000000000000000000010
:109060000000000000000000000000000000000000
:1090700000000000000000000000000000000000F0
:1090800000000000000000000000000000000000E0
:1090900000000000000000000000000000000000D0
:1090A00000000000000000000000000000000000C0
:1090B00000000000000000000000000000000000B0
:1090C00000000000000000000000000000000000A0
:1090D0000000000000000000000000000000000090
:1090E0000000000000000000000000000000000080
:1090F0000000000000000000000000000000000070
:10910000000000000000000000000000000000005F
:10911000000000000000000000000000000000004F
:10912000000000000000000000000000000000003F
:10913000000000000000000000000000000000002F
:10914000000000000000000000000000000000001F
:10915000000000000000000000000000000000000F
:1091600000000000000000000000000000000000FF
:1091700000000000000000000000000000000000EF
:1091800000000000000000000000000000000000DF
:1091900000000000000000000000000000000000CF
:1091A00000000000000000000000000000000000BF
:1091B00000000000000000000000000000000000AF
:1091C000000000000000000000000000000000009F
:1091D000000000000000000000000000000000008F
:1091E000000000000000000000000000000000007F
:1091F000000000000000000000000000000000006F
:10920000000000000000000000000000000000005E
:10921000000000000000000000000000000000004E
:10922000000000000000000000000000000000003E
:10923000000000000000000000000000000000002E
:10924000000000000000000000000000000000001E
:10925000000000000000000000000000000000000E
:1092600000000000000000000000000000000000FE
:1092700000000000000000000000000000000000EE
:1092800000000000000000000000000000000000DE
:1092900000000000000000000000000000000000CE
:1092A00000000000000000000000000000000000BE
:1092B00000000000000000000000000000000000AE
:1092C000000000000000000000000000000000009E
:1092D000000000000000000000000000000000008E
:1092E000000000000000000000000000000000007E
:1092F000000000000000000000000000000000006E
:10930000000000000000000000000000000000005D
:10931000000000000000000000000000000000004D
:10932000000000000000000000000000000000003D
:10933000000000000000000000000000000000002D
:10934000000000000000000000000000000000001D
:10935000000000000000000000000000000000000D
:1093600000000000000000000000000000000000FD
:1093700000000000000000000000000000000000ED
:1093800000000000000000000000000000000000DD
:1093900000000000000000000000000000000000CD
:1093A00000000000000000000000000000000000BD
:1093B00000000000000000000000000000000000AD
:1093C000000000000000000000000000000000009D
:1093D000000000000000000000000000000000008D
:1093E000000000000000000000000000000000007D
:1093F000000000000000000000000000000000006D
:10940000000000000000000000000000000000005C
:10941000000000000000000000000000000000004C
:10942000000000000000000000000000000000003C
:10943000000000000000000000000000000000002C
:10944000000000000000000000000000000000001C
:10945000000000000000000000000000000000000C
:1094600000000000000000000000000000000000FC
:1094700000000000000000000000000000000000EC
:1094800000000000000000000000000000000000DC
:1094900000000000000000000000000000000000CC
:1094A00000000000000000000000000000000000BC
:1094B00000000000000000000000000000000000AC
:1094C000000000000000000000000000000000009C
:1094D000000000000000000000000000000000008C
:1094E000000000000000000000000000000000007C
:1094F000000000000000000000000000000000006C
:10950000000000000000000000000000000000005B
:10951000000000000000000000000000000000004B
:10952000000000000000000000000000000000003B
:10953000000000000000000000000000000000002B
:10954000000000000000000000000000000000001B
:10955000000000000000000000000000000000000B
:1095600000000000000000000000000000000000FB
:1095700000000000000000000000000000000000EB
:1095800000000000000000000000000000000000DB
:1095900000000000000000000000000000000000CB
:1095A00000000000000000000000000000000000BB
:1095B00000000000000000000000000000000000AB
:1095C000000000000000000000000000000000009B
:1095D000000000000000000000000000000000008B
:1095E000000000000000000000000000000000007B
:1095F000000000000000000000000000000000006B
:10960000000000000000000000000000000000005A
:10961000000000000000000000000000000000004A
:10962000000000000000000000000000000000003A
:10963000000000000000000000000000000000002A
:10964000000000000000000000000000000000001A
:10965000000000000000000000000000000000000A
:1096600000000000000000000000000000000000FA
:1096700000000000000000000000000000000000EA
:1096800000000000000000000000000000000000DA
:1096900000000000000000000000000000000000CA
:1096A00000000000000000000000000000000000BA
:1096B00000000000000000000000000000000000AA
:1096C000000000000000000000000000000000009A
:1096D000000000000000000000000000000000008A
:1096E000000000000000000000000000000000007A
:1096F000000000000000000000000000000000006A
:109700000000000000000000000000000000000059
:109710000000000000000000000000000000000049
:109720000000000000000000000000000000000039
:109730000000000000000000000000000000000029
:109740000000000000000000000000000000000019
:109750000000000000000000000000000000000009
:1097600000000000000000000000000000000000F9
:1097700000000000000000000000000000000000E9
:1097800000000000000000000000000000000000D9
:1097900000000000000000000000000000000000C9
:1097A00000000000000000000000000000000000B9
:1097B00000000000000000000000000000000000A9
:1097C0000000000000000000000000000000000099
:1097D0000000000000000000000000000000000089
:1097E0000000000000000000000000000000000079
:1097F0000000000000000000000000000000000069
:109800000000000000000000000000000000000058
:109810000000000000000000000000000000000048
:109820000000000000000000000000000000000038
:109830000000000000000000000000000000000028
:109840000000000000000000000000000000000018
:109850000000000000000000000000000000000008
:1098600000000000000000000000000000000000F8
:1098700000000000000000000000000000000000E8
:1098800000000000000000000000000000000000D8
:1098900000000000000000000000000000000000C8
:1098A00000000000000000000000000000000000B8
:1098B00000000000000000000000000000000000A8
:1098C0000000000000000000000000000000000098
:1098D0000000000000000000000000000000000088
:1098E0000000000000000000000000000000000078
:1098F0000000000000000000000000000000000068
:109900000000000000000000000000000000000057
:109910000000000000000000000000000000000047
:109920000000000000000000000000000000000037
:109930000000000000000000000000000000000027
:109940000000000000000000000000000000000017
:109950000000000000000000000000000000000007
:1099600000000000000000000000000000000000F7
:1099700000000000000000000000000000000000E7
:1099800000000000000000000000000000000000D7
:1099900000000000000000000000000000000000C7
:1099A00000000000000000000000000000000000B7
:1099B00000000000000000000000000000000000A7
:1099C0000000000000000000000000000000000097
:1099D0000000000000000000000000000000000087
:1099E0000000000000000000000000000000000077
:1099F0000000000000000000000000000000000067
:109A00000000000000000000000000000000000056
:109A10000000000000000000000000000000000046
:109A20000000000000000000000000000000000036
:109A30000000000000000000000000000000000026
:109A40000000000000000000000000000000000016
:109A50000000000000000000000000000000000006
:109A600000000000000000000000000000000000F6
:109A700000000000000000000000000000000000E6
:109A800000000000000000000000000000000000D6
:109A900000000000000000000000000000000000C6
:109AA00000000000000000000000000000000000B6
:109AB00000000000000000000000000000000000A6
:109AC0000000000000000000000000000000000096
:109AD0000000000000000000000000000000000086
:109AE0000000000000000000000000000000000076
:109AF0000000000000000000000000000000000066
:109B00000000000000000000000000000000000055
:109B10000000000000000000000000000000000045
:109B20000000000000000000000000000000000035
:109B30000000000000000000000000000000000025
:109B40000000000000000000000000000000000015
:109B50000000000000000000000000000000000005
:109B600000000000000000000000000000000000F5
:109B700000000000000000000000000000000000E5
:109B800000000000000000000000000000000000D5
:109B900000000000000000000000000000000000C5
:109BA00000000000000000000000000000000000B5
:109BB00000000000000000000000000000000000A5
:109BC0000000000000000000000000000000000095
:109BD0000000000000000000000000000000000085
:109BE0000000000000000000000000000000000075
:109BF0000000000000000000000000000000000065
:109C00000000000000000000000000000000000054
:109C10000000000000000000000000000000000044
:109C20000000000000000000000000000000000034
:109C30000000000000000000000000000000000024
:109C40000000000000000000000000000000000014
:109C50000000000000000000000000000000000004
:109C600000000000000000000000000000000000F4
:109C700000000000000000000000000000000000E4
:109C800000000000000000000000000000000000D4
:109C900000000000000000000000000000000000C4
:109CA00000000000000000000000000000000000B4
:109CB00000000000000000000000000000000000A4
:109CC0000000000000000000000000000000000094
:109CD0000000000000000000000000000000000084
:109CE0000000000000000000000000000000000074
:109CF0000000000000000000000000000000000064
:109D00000000000000000000000000000000000053
:109D10000000000000000000000000000000000043
:109D20000000000000000000000000000000000033
:109D30000000000000000000000000000000000023
:109D40000000000000000000000000000000000013
:109D50000000000000000000000000000000000003
:109D600000000000000000000000000000000000F3
:109D700000000000000000000000000000000000E3
:109D800000000000000000000000000000000000D3
:109D900000000000000000000000000000000000C3
:109DA00000000000000000000000000000000000B3
:109DB00000000000000000000000000000000000A3
:109DC0000000000000000000000000000000000093
:109DD0000000000000000000000000000000000083
:109DE0000000000000000000000000000000000073
:109DF0000000000000000000000000000000000063
:109E00000000000000000000000000000000000052
:109E10000000000000000000000000000000000042
:109E20000000000000000000000000000000000032
:109E30000000000000000000000000000000000022
:109E40000000000000000000000000000000000012
:109E50000000000000000000000000000000000002
:109E600000000000000000000000000000000000F2
:109E700000000000000000000000000000000000E2
:109E800000000000000000000000000000000000D2
:109E900000000000000000000000000000000000C2
:109EA00000000000000000000000000000000000B2
:109EB00000000000000000000000000000000000A2
:109EC0000000000000000000000000000000000092
:109ED0000000000000000000000000000000000082
:109EE0000000000000000000000000000000000072
:109EF0000000000000000000000000000000000062
:109F00000000000000000000000000000000000051
:109F10000000000000000000000000000000000041
:109F20000000000000000000000000000000000031
:109F30000000000000000000000000000000000021
:109F40000000000000000000000000000000000011
:109F50000000000000000000000000000000000001
:109F600000000000000000000000000000000000F1
:109F700000000000000000000000000000000000E1
:109F800000000000000000000000000000000000D1
:109F900000000000000000000000000000000000C1
:109FA00000000000000000000000000000000000B1
:109FB00000000000000000000000000000000000A1
:109FC0000000000000000000000000000000000091
:109FD0000000000000000000000000000000000081
:109FE0000000000000000000000000000000000071
:109FF0000000000000000000000000000000000061
:10A000000000000000000000000000000000000050
:10A010000000000000000000000000000000000040
:10A020000000000000000000000000000000000030
:10A030000000000000000000000000000000000020
:10A040000000000000000000000000000000000010
:10A050000000000000000000000000000000000000
:10A0600000000000000000000000000000000000F0
:10A0700000000000000000000000000000000000E0
:10A0800000000000000000000000000000000000D0
:10A0900000000000000000000000000000000000C0
:10A0A00000000000000000000000000000000000B0
:10A0B00000000000000000000000000000000000A0
:10A0C0000000000000000000000000000000000090
:10A0D0000000000000000000000000000000000080
:10A0E0000000000000000000000000000000000070
:10A0F0000000000000000000000000000000000060
:10A10000000000000000000000000000000000004F
:10A11000000000000000000000000000000000003F
:10A12000000000000000000000000000000000002F
:10A13000000000000000000000000000000000001F
:10A14000000000000000000000000000000000000F
:10A1500000000000000000000000000000000000FF
:10A1600000000000000000000000000000000000EF
:10A1700000000000000000000000000000000000DF
:10A1800000000000000000000000000000000000CF
:10A1900000000000000000000000000000000000BF
:10A1A00000000000000000000000000000000000AF
:10A1B000000000000000000000000000000000009F
:10A1C000000000000000000000000000000000008F
:10A1D000000000000000000000000000000000007F
:10A1E000000000000000000000000000000000006F
:10A1F000000000000000000000000000000000005F
:10A20000000000000000000000000000000000004E
:10A21000000000000000000000000000000000003E
:10A22000000000000000000000000000000000002E
:10A23000000000000000000000000000000000001E
:10A24000000000000000000000000000000000000E
:10A2500000000000000000000000000000000000FE
:10A2600000000000000000000000000000000000EE
:10A2700000000000000000000000000000000000DE
:10A2800000000000000000000000000000000000CE
:10A2900000000000000000000000000000000000BE
:10A2A00000000000000000000000000000000000AE
:10A2B000000000000000000000000000000000009E
:10A2C000000000000000000000000000000000008E
:10A2D000000000000000000000000000000000007E
:10A2E000000000000000000000000000000000006E
:10A2F000000000000000000000000000000000005E
:10A30000000000000000000000000000000000004D
:10A31000000000000000000000000000000000003D
:10A32000000000000000000000000000000000002D
:10A33000000000000000000000000000000000001D
:10A34000000000000000000000000000000000000D
:10A3500000000000000000000000000000000000FD
:10A3600000000000000000000000000000000000ED
:10A3700000000000000000000000000000000000DD
:10A3800000000000000000000000000000000000CD
:10A3900000000000000000000000000000000000BD
:10A3A00000000000000000000000000000000000AD
:10A3B000000000000000000000000000000000009D
:10A3C000000000000000000000000000000000008D
:10A3D000000000000000000000000000000000007D
:10A3E000000000000000000000000000000000006D
:10A3F000000000000000000000000000000000005D
:10A40000000000000000000000000000000000004C
:10A41000000000000000000000000000000000003C
:10A42000000000000000000000000000000000002C
:10A43000000000000000000000000000000000001C
:10A44000000000000000000000000000000000000C
:10A4500000000000000000000000000000000000FC
:10A4600000000000000000000000000000000000EC
:10A4700000000000000000000000000000000000DC
:10A4800000000000000000000000000000000000CC
:10A4900000000000000000000000000000000000BC
:10A4A00000000000000000000000000000000000AC
:10A4B000000000000000000000000000000000009C
:10A4C000000000000000000000000000000000008C
:10A4D000000000000000000000000000000000007C
:10A4E000000000000000000000000000000000006C
:10A4F000000000000000000000000000000000005C
:10A50000000000000000000000000000000000004B
:10A51000000000000000000000000000000000003B
:10A52000000000000000000000000000000000002B
:10A53000000000000000000000000000000000001B
:10A54000000000000000000000000000000000000B
:10A5500000000000000000000000000000000000FB
:10A5600000000000000000000000000000000000EB
:10A5700000000000000000000000000000000000DB
:10A5800000000000000000000000000000000000CB
:10A5900000000000000000000000000000000000BB
:10A5A00000000000000000000000000000000000AB
:10A5B000000000000000000000000000000000009B
:10A5C000000000000000000000000000000000008B
:10A5D000000000000000000000000000000000007B
:10A5E000000000000000000000000000000000006B
:10A5F000000000000000000000000000000000005B
:10A60000000000000000000000000000000000004A
:10A61000000000000000000000000000000000003A
:10A62000000000000000000000000000000000002A
:10A63000000000000000000000000000000000001A
:10A64000000000000000000000000000000000000A
:10A6500000000000000000000000000000000000FA
:10A6600000000000000000000000000000000000EA
:10A6700000000000000000000000000000000000DA
:10A6800000000000000000000000000000000000CA
:10A6900000000000000000000000000000000000BA
:10A6A00000000000000000000000000000000000AA
:10A6B000000000000000000000000000000000009A
:10A6C000000000000000000000000000000000008A
:10A6D000000000000000000000000000000000007A
:10A6E000000000000000000000000000000000006A
:10A6F000000000000000000000000000000000005A
:10A700000000000000000000000000000000000049
:10A710000000000000000000000000000000000039
:10A720000000000000000000000000000000000029
:10A730000000000000000000000000000000000019
:10A740000000000000000000000000000000000009
:10A7500000000000000000000000000000000000F9
:10A7600000000000000000000000000000000000E9
:10A7700000000000000000000000000000000000D9
:10A7800000000000000000000000000000000000C9
:10A7900000000000000000000000000000000000B9
:10A7A00000000000000000000000000000000000A9
:10A7B0000000000000000000000000000000000099
:10A7C0000000000000000000000000000000000089
:10A7D0000000000000000000000000000000000079
:10A7E0000000000000000000000000000000000069
:10A7F0000000000000000000000000000000000059
:10A800000000000000000000000000000000000048
:10A810000000000000000000000000000000000038
:10A820000000000000000000000000000000000028
:10A830000000000000000000000000000000000018
:10A840000000000000000000000000000000000008
:10A8500000000000000000000000000000000000F8
:10A8600000000000000000000000000000000000E8
:10A8700000000000000000000000000000000000D8
:10A8800000000000000000000000000000000000C8
:10A8900000000000000000000000000000000000B8
:10A8A00000000000000000000000000000000000A8
:10A8B0000000000000000000000000000000000098
:10A8C0000000000000000000000000000000000088
:10A8D0000000000000000000000000000000000078
:10A8E0000000000000000000000000000000000068
:10A8F0000000000000000000000000000000000058
:10A900000000000000000000000000000000000047
:10A910000000000000000000000000000000000037
:10A920000000000000000000000000000000000027
:10A930000000000000000000000000000000000017
:10A940000000000000000000000000000000000007
:10A9500000000000000000000000000000000000F7
:10A9600000000000000000000000000000000000E7
:10A9700000000000000000000000000000000000D7
:10A9800000000000000000000000000000000000C7
:10A9900000000000000000000000000000000000B7
:10A9A00000000000000000000000000000000000A7
:10A9B0000000000000000000000000000000000097
:10A9C0000000000000000000000000000000000087
:10A9D0000000000000000000000000000000000077
:10A9E0000000000000000000000000000000000067
:10A9F0000000000000000000000000000000000057
:10AA00000000000000000000000000000000000046
:10AA10000000000000000000000000000000000036
:10AA20000000000000000000000000000000000026
:10AA30000000000000000000000000000000000016
:10AA40000000000000000000000000000000000006
:10AA500000000000000000000000000000000000F6
:10AA600000000000000000000000000000000000E6
:10AA700000000000000000000000000000000000D6
:10AA800000000000000000000000000000000000C6
:10AA900000000000000000000000000000000000B6
:10AAA00000000000000000000000000000000000A6
:10AAB0000000000000000000000000000000000096
:10AAC0000000000000000000000000000000000086
:10AAD0000000000000000000000000000000000076
:10AAE0000000000000000000000000000000000066
:10AAF0000000000000000000000000000000000056
:10AB00000000000000000000000000000000000045
:10AB10000000000000000000000000000000000035
:10AB20000000000000000000000000000000000025
:10AB30000000000000000000000000000000000015
:10AB40000000000000000000000000000000000005
:10AB500000000000000000000000000000000000F5
:10AB600000000000000000000000000000000000E5
:10AB700000000000000000000000000000000000D5
:10AB800000000000000000000000000000000000C5
:10AB900000000000000000000000000000000000B5
:10ABA00000000000000000000000000000000000A5
:10ABB0000000000000000000000000000000000095
:10ABC0000000000000000000000000000000000085
:10ABD0000000000000000000000000000000000075
:10ABE0000000000000000000000000000000000065
:10ABF0000000000000000000000000000000000055
:10AC00000000000000000000000000000000000044
:10AC10000000000000000000000000000000000034
:10AC20000000000000000000000000000000000024
:10AC30000000000000000000000000000000000014
:10AC40000000000000000000000000000000000004
:10AC500000000000000000000000000000000000F4
:10AC600000000000000000000000000000000000E4
:10AC700000000000000000000000000000000000D4
:10AC800000000000000000000000000000000000C4
:10AC900000000000000000000000000000000000B4
:10ACA00000000000000000000000000000000000A4
:10ACB0000000000000000000000000000000000094
:10ACC0000000000000000000000000000000000084
:10ACD0000000000000000000000000000000000074
:10ACE0000000000000000000000000000000000064
:10ACF0000000000000000000000000000000000054
:10AD00000000000000000000000000000000000043
:10AD10000000000000000000000000000000000033
:10AD20000000000000000000000000000000000023
:10AD30000000000000000000000000000000000013
:10AD40000000000000000000000000000000000003
:10AD500000000000000000000000000000000000F3
:10AD600000000000000000000000000000000000E3
:10AD700000000000000000000000000000000000D3
:10AD800000000000000000000000000000000000C3
:10AD900000000000000000000000000000000000B3
:10ADA00000000000000000000000000000000000A3
:10ADB0000000000000000000000000000000000093
:10ADC0000000000000000000000000000000000083
:10ADD0000000000000000000000000000000000073
:10ADE0000000000000000000000000000000000063
:10ADF0000000000000000000000000000000000053
:10AE00000000000000000000000000000000000042
:10AE10000000000000000000000000000000000032
:10AE20000000000000000000000000000000000022
:10AE30000000000000000000000000000000000012
:10AE40000000000000000000000000000000000002
:10AE500000000000000000000000000000000000F2
:10AE600000000000000000000000000000000000E2
:10AE700000000000000000000000000000000000D2
:10AE800000000000000000000000000000000000C2
:10AE900000000000000000000000000000000000B2
:10AEA00000000000000000000000000000000000A2
:10AEB0000000000000000000000000000000000092
:10AEC0000000000000000000000000000000000082
:10AED0000000000000000000000000000000000072
:10AEE0000000000000000000000000000000000062
:10AEF0000000000000000000000000000000000052
:10AF00000000000000000000000000000000000041
:10AF10000000000000000000000000000000000031
:10AF20000000000000000000000000000000000021
:10AF30000000000000000000000000000000000011
:10AF40000000000000000000000000000000000001
:10AF500000000000000000000000000000000000F1
:10AF600000000000000000000000000000000000E1
:10AF700000000000000000000000000000000000D1
:10AF800000000000000000000000000000000000C1
:10AF900000000000000000000000000000000000B1
:10AFA00000000000000000000000000000000000A1
:10AFB0000000000000000000000000000000000091
:10AFC0000000000000000000000000000000000081
:10AFD0000000000000000000000000000000000071
:10AFE0000000000000000000000000000000000061
:10AFF0000000000000000000000000000000000051
:10B000000000000000000000000000000000000040
:10B010000000000000000000000000000000000030
:10B020000000000000000000000000000000000020
:10B030000000000000000000000000000000000010
:10B040000000000000000000000000000000000000
:10B0500000000000000000000000000000000000F0
:10B0600000000000000000000000000000000000E0
:10B0700000000000000000000000000000000000D0
:10B0800000000000000000000000000000000000C0
:10B0900000000000000000000000000000000000B0
:10B0A00000000000000000000000000000000000A0
:10B0B0000000000000000000000000000000000090
:10B0C0000000000000000000000000000000000080
:10B0D0000000000000000000000000000000000070
:10B0E0000000000000000000000000000000000060
:10B0F0000000000000000000000000000000000050
:10B10000000000000000000000000000000000003F
:10B11000000000000000000000000000000000002F
:10B12000000000000000000000000000000000001F
:10B13000000000000000000000000000000000000F
:10B1400000000000000000000000000000000000FF
:10B1500000000000000000000000000000000000EF
:10B1600000000000000000000000000000000000DF
:10B1700000000000000000000000000000000000CF
:10B1800000000000000000000000000000000000BF
:10B1900000000000000000000000000000000000AF
:10B1A000000000000000000000000000000000009F
:10B1B000000000000000000000000000000000008F
:10B1C000000000000000000000000000000000007F
:10B1D000000000000000000000000000000000006F
:10B1E000000000000000000000000000000000005F
:10B1F000000000000000000000000000000000004F
:10B20000000000000000000000000000000000003E
:10B21000000000000000000000000000000000002E
:10B22000000000000000000000000000000000001E
:10B23000000000000000000000000000000000000E
:10B2400000000000000000000000000000000000FE
:10B2500000000000000000000000000000000000EE
:10B2600000000000000000000000000000000000DE
:10B2700000000000000000000000000000000000CE
:10B2800000000000000000000000000000000000BE
:10B2900000000000000000000000000000000000AE
:10B2A000000000000000000000000000000000009E
:10B2B000000000000000000000000000000000008E
:10B2C000000000000000000000000000000000007E
:10B2D000000000000000000000000000000000006E
:10B2E000000000000000000000000000000000005E
:10B2F000000000000000000000000000000000004E
:10B30000000000000000000000000000000000003D
:10B31000000000000000000000000000000000002D
:10B32000000000000000000000000000000000001D
:10B33000000000000000000000000000000000000D
:10B3400000000000000000000000000000000000FD
:10B3500000000000000000000000000000000000ED
:10B3600000000000000000000000000000000000DD
:10B3700000000000000000000000000000000000CD
:10B3800000000000000000000000000000000000BD
:10B3900000000000000000000000000000000000AD
:10B3A000000000000000000000000000000000009D
:10B3B000000000000000000000000000000000008D
:10B3C000000000000000000000000000000000007D
:10B3D000000000000000000000000000000000006D
:10B3E000000000000000000000000000000000005D
:10B3F000000000000000000000000000000000004D
:10B40000000000000000000000000000000000003C
:10B41000000000000000000000000000000000002C
:10B42000000000000000000000000000000000001C
:10B43000000000000000000000000000000000000C
:10B4400000000000000000000000000000000000FC
:10B4500000000000000000000000000000000000EC
:10B4600000000000000000000000000000000000DC
:10B4700000000000000000000000000000000000CC
:10B4800000000000000000000000000000000000BC
:10B4900000000000000000000000000000000000AC
:10B4A000000000000000000000000000000000009C
:10B4B000000000000000000000000000000000008C
:10B4C000000000000000000000000000000000007C
:10B4D000000000000000000000000000000000006C
:10B4E000000000000000000000000000000000005C
:10B4F000000000000000000000000000000000004C
:10B50000000000000000000000000000000000003B
:10B51000000000000000000000000000000000002B
:10B52000000000000000000000000000000000001B
:10B53000000000000000000000000000000000000B
:10B5400000000000000000000000000000000000FB
:10B5500000000000000000000000000000000000EB
:10B5600000000000000000000000000000000000DB
:10B5700000000000000000000000000000000000CB
:10B5800000000000000000000000000000000000BB
:10B59000002018C218C218C210810000000000006C
:10B5A000000000000000000000000000000000009B
:10B5B000000000000000000000000000000000008B
:10B5C000000000000000000000000000000000007B
:10B5D000000000000000000000000000000000006B
:10B5E000000000000000000000000000000000005B
:10B5F000000000000000000000000000000000004B
:10B60000000000000000000000000000000000003A
:10B61000000000000000000000000000000000002A
:10B62000000000000000000000000000000000001A
:10B63000000000000000000000000000000000000A
:10B6400000000000000000000000000000000000FA
:10B6500000000000000000000000000000000000EA
:10B6600000000000000000000000000000000000DA
:10B6700000000000000000000000000000000000CA
:10B6800000000000000000000000000000000000BA
:10B6900000000000000000000000000000000000AA
:10B6A000000000000000000000000000000000009A
:10B6B000000000000000000000000000000000008A
:10B6C000000000000000000000000000000000007A
:10B6D000000000000000000000000000000000006A
:10B6E000000000000000000000000000000000005A
:10B6F000000000000000000000000000000000004A
:10B700000000000000000000000000000000000039
:10B710000000000000000000000000000000000029
:10B720000000000000000000000000000000000019
:10B730000000000000000000000000000000000009
:10B7400000000000000000000000000000000000F9
:10B7500000000000000000000000000000000000E9
:10B7600000000000000000000000000000000000D9
:10B7700018E2A56EA56EA56E73EA00000000000039
:10B7800000000000000000000000000000000000B9
:10B7900000000000000000000000000000000000A9
:10B7A0000000000000000000000000000000000099
:10B7B0000000000000000000000000000000000089
:10B7C0000000000000000000000000000000000079
:10B7D0000000000000000000000000000000000069
:10B7E0000000000000000000000000000000000059
:10B7F0000000000000000000000000000000000049
:10B800000000000000000000000000000000000038
:10B810000000000000000000000000000000000028
:10B820000000000000000000000000000000000018
:10B830000000000000000000000000000000000008
:10B8400000000000000000000000000000000000F8
:10B8500000000000000000000000000000000000E8
:10B8600000000000000000000000000000000000D8
:10B8700000000000000000000000000000000000C8
:10B8800000000000000000000000000000000000B8
:10B8900000000000000000000000000000000000A8
:10B8A0000000000000000000000000000000000098
:10B8B0000000000000000000000000000000000088
:10B8C0000000000000000000000000000000000078
:10B8D0000000000000000000000000000000000068
:10B8E0000000000000000000000000000000000058
:10B8F0000000000000000000000000000000000048
:10B900000000000000000000000000000000000037
:10B910000000000000000000000000000000000027
:10B920000000000000000000000000000000000017
:10B930000000000000000000000000000000000007
:10B9400000000000000000000000000000000000F7
:10B9500018E2A56EA56EA56E73EA00000000000057
:10B9600000000000000000000000000000000000D7
:10B9700000000000000000000000000000000000C7
:10B9800000000000000000000000000000000000B7
:10B9900000000000000000000000000000000000A7
:10B9A0000000000000000000000000000000000097
:10B9B0000000000000000000000000000000000087
:10B9C0000000000000000000000000000000000077
:10B9D0000000000000000000000000000000000067
:10B9E0000000000000000000000000000000000057
:10B9F0000000000000000000000000000000000047
:10BA00000000000000000000000000000000000036
:10BA10000000000000000000000000000000000026
:10BA20000000000000000000000000000000000016
:10BA300000000000000000000000002039E5422660
:10BA400042264226422642264226422510A20000D5
:10BA500000000000000000000000000000000000E6
:10BA600000000000000000000000000000000000D6
:10BA700000000000000000000000000000000000C6
:10BA800000000000000000000000000000000000B6
:10BA900000000000000000000000000000000000A6
:10BAA0000000000000000000000000000000000096
:10BAB0000000000000000000000000000000000086
:10BAC0000000000000000000000000000000000076
:10BAD0000000000000000000000000000000000066
:10BAE0000000000000000000000000000000000056
:10BAF0000000000000000000000000000000000046
:10BB00000000000000000000000000000000000035
:10BB10000000000000000000000000000000000025
:10BB20000000000000000000000000000000000015
:10BB300018E2A56EA56EA56E73EA00000000000075
:10BB400000000000000000000000000000000000F5
:10BB500000000000000000000000000000000000E5
:10BB600000000000000000000000000000000000D5
:10BB700000000000000000000000000000000000C5
:10BB800000000000000000000000000000000000B5
:10BB900000000000000000000000000000000000A5
:10BBA0000000000000000000000000000000000095
:10BBB0000000000000000000000000000000000085
:10BBC0000000000000000000000000000000000075
:10BBD0000000000000000000000000000000000065
:10BBE0000000000000000000000000000000000055
:10BBF0000000000000000000000000000000000045
:10BC00000000000000000000000000000000000034
:10BC1000000000000000000000006B69A56EA56E2A
:10BC2000A56EA56EA56EA56EA56EA56E94ED0841D8
:10BC30000000000000000000000000000000000004
:10BC400000000000000000000000000000000000F4
:10BC500000000000000000000000000000000000E4
:10BC600000000000000000000000000000000000D4
:10BC700000000000000000000000000000000000C4
:10BC800000000000000000000000000000000000B4
:10BC900000000000000000000000000000000000A4
:10BCA0000000000000000000000000000000000094
:10BCB0000000000000000000000000000000000084
:10BCC0000000000000000000000000000000000074
:10BCD0000000000000000000000000000000000064
:10BCE0000000000000000000000000000000000054
:10BCF0000000000000000000000000000000000044
:10BD00000000000000000000000000000000000033
:10BD100018E2A56EA56EA56E73EA00000000000093
:10BD20000000000000000000000000000000000013
:10BD30000000000000000000000000000000000003
:10BD400000000000000000000000000000000000F3
:10BD500000000000000000000000000000000000E3
:10BD600000000000000000000000000000000000D3
:10BD700000000000000000000000000000000000C3
:10BD800000000000000000000000000000000000B3
:10BD900000000000000000000000000000000000A3
:10BDA0000000000000000000000000000000000093
:10BDB0000000000000000000000000000000000083
:10BDC0000000000000000000000000000000000073
:10BDD0000000000000000000000000000000000063
:10BDE0000000000000000000000000000000000053
:10BDF000108139E5086100000000846CA56EA56E15
:10BE0000A56EA56EA56EA56EA56EA56EA56E18C2D3
:10BE10000000000000000000000000000000000022
:10BE20000000000000000000106110A200000000EF
:10BE30000000000000000000000000000000000002
:10BE400000000000000000000000000000000000F2
:10BE500000000000000000000000000000000000E2
:10BE600000000000000000000000000000000000D2
:10BE700000000000000000000000000000000000C2
:10BE800000000000108218E32945318639E7420896
:10BE900042284A494A494228420839E73186294519
:10BEA00018E3108200000000000000000000000005
:10BEB0000000000000000000000000000000000082
:10BEC0000000000000000000000000000000000072
:10BED0000000000000000000000000000000000062
:10BEE0000000000000000000000000000000000052
:10BEF00018E2A56EA56EA56E73EA000000000000B2
:10BF00000000000000000000000000000000000031
:10BF10000000000000000000000000000000000021
:10BF20000000000000000000000000000000000011
:10BF30000000000000000000000000000000000001
:10BF400000000000000000000000000000000000F1
:10BF500000000000000000000000000000000000E1
:10BF600000000000000000000000000000000000D1
:10BF700000000000000000000000000000000000C1
:10BF800000000000000000000000000000000000B1
:10BF900000000000000000000000000000000000A1
:10BFA0000000000000000000000000000000000091
:10BFB0000000000000000000000000000000000081
:10BFC000000000000000000000000000000021232D
:10BFD0009D0DA56E8C8C0000000031848CAD950DFC
:10BFE0009D4EA56EA56EA54E950D950D5B080000A6
:10BFF0000000000000000000000000000000000041
:10C000000000000000204A669D0D9D2E52A70820CA
:10C010000000000000000000000000000000000020
:10C020000000000000000000000000000000000010
:10C030000000000000000000000000000000000000
:10C0400000000000000000000000000000000000F0
:10C050000000000000000000000000000841210472
:10C0600031A642284A494A494A494A494A494A491D
:10C070004A494A494A494A494A494A494A494A4928
:10C080004A494A49422831862104084100000000FB
:10C0900000000000000000000000000000000000A0
:10C0A0000000000000000000000000000000000090
:10C0B0000000000000000000000000000000000080
:10C0C0000000000000000000000000000000000070
:10C0D00018E2A56EA56EA56E9D2E844B844B844BF5
:10C0E0007C0B6BAA5AE829640000000000000000E5
:10C0F000000000006B69844B844B844B844B844B61
:10C10000844B844B7C2B73CA52C718E2000000009A
:10C110000000000000002964844B844B844B844B56
:10C12000844B844B7C0B6B694A660841000000001D
:10C1300000000000000000000000000000000000FF
:10C1400000000000000000000000000000000000EF
:10C1500000000000000000000000000000000000DF
:10C1600000000000000000000000000000000000CF
:10C1700000000000000000000000000000000000BF
:10C1800000000000000000000000000000000000AF
:10C19000000000000000000000000000000000009F
:10C1A00000000000000000000000000021239D2D81
:10C1B000A56EA56EA56E08410000000000000000FD
:10C1C00052C7A56EA56E8C8C000000000000000018
:10C1D000000000000000000000000000000000005F
:10C1E000000031848C8CA56EA56EA56EA56E8CCDDD
:10C1F00039C5000000000000000000000000000041
:10C20000000000000000000000000000000000002E
:10C21000000000000000000000000000000000001E
:10C22000000000000000000000000000000000000E
:10C23000000000000000002018C331A64A494A4906
:10C240004A494A4939E73166210418C31062084156
:10C2500008210000000008210841106218C32104D1
:10C26000316641E84A494A494A494A4931A618C310
:10C2700000000000000000000000000000000000BE
:10C2800000000000000000000000000000000000AE
:10C29000000000000000000000000000000000009E
:10C2A000000000000000000000000000000000008E
:10C2B00018E2A56EA56EA56EA56EA56EA56EA56EFF
:10C2C000A56EA56EA56EA56E7C0B1081000000000A
:10C2D00000000000844BA56EA56EA56EA56EA56E30
:10C2E000A56EA56EA56EA56EA56EA56E5AE800009A
:10C2F00000000000000031C5A56EA56EA56EA56EFC
:10C30000A56EA56EA56EA56EA56E7C2B0000000027
:10C31000000000000000000000000000000000001D
:10C32000000000000000000000000000000000000D
:10C3300000000000000000000000000000000000FD
:10C3400000000000000000000000000000000000ED
:10C3500000000000000000000000000000000000DD
:10C3600000000000000000000000000000000000CD
:10C3700000000000000000000000000000000000BD
:10C380000000000000000000000021239D2DA56E8C
:10C39000A56EA56E5AE80000000000000000000035
:10C3A00052C7A56EA56E8C8C000000000000000036
:10C3B000000000000000000000000000000018C2A3
:10C3C00073CAA56EA56EA56EA56EA56EA56EA56EAB
:10C3D000A56E7C0B2103000000000000000000009F
:10C3E000000000000000000000000000000000004D
:10C3F000000000000000000000000000000000003D
:10C40000000000000000000000000000000000002C
:10C4100000000020210442084A494A494A2931863D
:10C4200018C30841000000000000000000000000E8
:10C4300000000000000000000000000000000000FC
:10C4400000000000084118E331864A294A494A4958
:10C45000420821040020000000000000000000004D
:10C4600000000000000000000000000000000000CC
:10C4700000000000000000000000000000000000BC
:10C4800000000000000000000000000000000000AC
:10C4900018E2A56EA56EA56EA56EA56EA56EA56E1D
:10C4A000A56EA56EA56EA56EA56E8C8C08410000CC
:10C4B00000000000844BA56EA56EA56EA56EA56E4E
:10C4C000A56EA56EA56EA56EA56EA56EA56E4A6637
:10C4D00000000000000031C5A56EA56EA56EA56E1A
:10C4E000A56EA56EA56EA56EA56EA56E18E20000E0
:10C4F000000000000000000000000000000000003C
:10C50000000000000000000000000000000000002B
:10C51000000000000000000000000000000000001B
:10C52000000000000000000000000000000000000B
:10C5300000000000000000000000000000000000FB
:10C5400000000000000000000000000000000000EB
:10C5500000000000000000000000000000000000DB
:10C560000000000000000000002094EDA56EA56E04
:10C57000A56E63280000000000000000000000001D
:10C5800052C7A56EA56E8C8C000000000000000054
:10C590000000000000000000000008415B089D4E04
:10C5A000A56EA56EA56EA56EA56E94EDA56EA56E85
:10C5B000A56EA56E9D4E18C2000000000000000090
:10C5C000000000000000000000000000000000006B
:10C5D000000000000000000000000000000000005B
:10C5E000000000000000000000000000000000004B
:10C5F000210442284A494A4939C720E40821000059
:10C60000000000000000000000000000000000002A
:10C61000000000000000000000000000000000001A
:10C6200000000000000000000000082120E439C7DD
:10C630004A494A4942282104000000000000000045
:10C6400000000000000000000000000000000000EA
:10C6500000000000000000000000000000000000DA
:10C6600000000000000000000000000000000000CA
:10C6700018E2A56EA56EA56E8C8C422642264A87CE
:10C680006328846CA56EA56EA56EA56E5B08000080
:10C690000000000021232964296429642964296495
:10C6A000296439C54A878CACA56EA56EA56E94ED3C
:10C6B00000000000000031C5A56EA56EA56E63499F
:10C6C000086110816B89A56EA56EA56E31A400006E
:10C6D000000000000000000000000000000000005A
:10C6E000000000000000000000000000000000004A
:10C6F000000000000000000000000000000000003A
:10C700000000000000000000000000000000000029
:10C710000000000000000000000000000000000019
:10C720000000000000000000000000000000000009
:10C7300000000000000000000000000000000000F9
:10C74000000000000000000008419D4EA56EA56E8F
:10C7500063280000000021435B086BAA6BAA6BAA48
:10C760008C8CA56EA56E9D2E6BAA6BAA6BAA6B898D
:10C770004246002000000000422694EDA56EA56E02
:10C78000A56EA56EA56EA56E8C8C0820422694ED34
:10C79000A56EA56EA56E31A400000000000000008B
:10C7A0000000000000000000000000000000000089
:10C7B0000000000000000000000000000000000079
:10C7C000000000000000000000000000108239E7B7
:10C7D0004A494A4939C718A3000000000000000078
:10C7E0000000000000000000000000000000000049
:10C7F0000000000000000000000000000000000039
:10C800000000000000000000000000000000000028
:10C81000108231A64A494A4939E710A200000000B7
:10C820000000000000000000000000000000000008
:10C8300000000000000000000000000000000000F8
:10C8400000000000000000000000000000000000E8
:10C8500018E2A56EA56EA56E73EA00000000000048
:10C86000000000005AE8A56EA56EA56E9D2E086119
:10C8700000000000000000000000000000000000B8
:10C8800000000000000010819D2EA56EA56EA56E13
:10C8900018E20000000031C5A56EA56EA56E5B28EC
:10C8A000000000003A05A56EA56EA56E3A050000D1
:10C8B0000000000000000000000000000000000078
:10C8C0000000000000000000000000000000000068
:10C8D0000000000000000000000000000000000058
:10C8E0000000000000000000000000000000000048
:10C8F0000000000000000000000000000000000038
:10C900000000000000000000000000000000000027
:10C910000000000000000000000000000000000017
:10C920000000000000000000000042267C2B4AA707
:10C93000000000003A05A54EA56EA56EA56EA56E79
:10C94000A56EA56EA56EA56EA56EA56EA56EA56E4F
:10C95000A56E73EA2964846CA56EA56EA56EA56E9E
:10C96000A56EA56EA56EA56E31840000000008417D
:10C970005B0894ED73CA082000000000000000006E
:10C9800000000000000000000000000000000000A7
:10C990000000000000000000000000000000000097
:10C9A0000000000000000000000029454A494A49F3
:10C9B00041E810A20000000000000000000000009C
:10C9C0000000000000000000000000000000000067
:10C9D0000000000000000000000000000000000057
:10C9E0000000000000000000000000000000000047
:10C9F0000000000010A241E84A494A4929450000C8
:10CA00000000000000000000000000000000000026
:10CA10000000000000000000000000000000000016
:10CA20000000000000000000000000000000000006
:10CA300018E2A56EA56EA56E73EA00000000000066
:10CA400000000000002094EDA56EA56EA56E31A437
:10CA500000000000000000000000000000000000D6
:10CA60000000000000000000844BA56EA56EA56EBE
:10CA700029640000000031C5A56EA56EA56E5B2877
:10CA80000000000039E5A56EA56EA56E3A05000010
:10CA90000000000000000000000000000000000096
:10CAA0000000000000000000000000000000000086
:10CAB0000000000000000000000000000000000076
:10CAC0000000000000000000000000000000000066
:10CAD0000000000000000000000000000000000056
:10CAE0000000000000000000000000000000000046
:10CAF0000000000000000000000000000000000036
:10CB00000000000000000000000000000000000025
:10CB1000000000209D2EA56EA56EA56EA56EA56ECB
:10CB2000A56EA56EA56EA56EA56EA56EA56EA56E6D
:10CB3000A56EA56EA56EA56EA56EA56EA56E9D2EA5
:10CB4000A56EA56EA56E73CA00000000000000006F
:10CB500000000000000000000000000000000000D5
:10CB600000000000000000000000000000000000C5
:10CB700000000000000000000000000000000000B5
:10CB8000000000000000084139C74A494A29212411
:10CB90000000000000000000000000000000000095
:10CBA0000000000000000000000000000000000085
:10CBB0000000000000000000000000000000000075
:10CBC0000000000000000000000000000000000065
:10CBD000000000000000000021244A294A4939C70A
:10CBE00008410000000000000000000000000000FC
:10CBF0000000000000000000000000000000000035
:10CC00000000000000000000000000000000000024
:10CC100018E2A56EA56EA56E73EA00000000000084
:10CC200000000000000073EAA56EA56EA56E4A879D
:10CC3000000000000020422673EA94CD9D2EA56ED0
:10CC4000A56EA56EA56EA56EA56EA56EA56EA56E4C
:10CC500029840000000031C5A56EA56EA56E5B2875
:10CC60000000000018C242264226422618C20000D8
:10CC700000000000000000000000000000000000B4
:10CC800000000000000000000000000000000000A4
:10CC90000000000000000000000000000000000094
:10CCA0000000000000000000000000000000000084
:10CCB0000000000000000000000000000000000074
:10CCC0000000000000000000000000000000000064
:10CCD0000000000000000000000000000000000054
:10CCE0000000000000000000000000000000000044
:10CCF00000002103A56EA56EA56E73EA6BAA6BAA50
:10CD00006BAA6BAA6BAA6BAA6BAA6BAA6BAA6BAA7B
:10CD10008C8CA56EA56EA56EA56E950D42267C2BFE
:10CD2000A56EA56E9D4E18E20000000000000000F8
:10CD300000000000000000000000000000000000F3
:10CD400000000000000000000000000000000000E3
:10CD500000000000000000000000000000000000D3
:10CD60000000000010A242284A4941E81062000079
:10CD700000000000000000000000000000000000B3
:10CD800000000000000000000000000000000000A3
:10CD90000000000000000000000000000000000093
:10CDA0000000000000000000000000000000000083
:10CDB00000000000000000000000106241E84A4945
:10CDC000422810A200000000000000000000000047
:10CDD0000000000000000000000000000000000053
:10CDE0000000000000000000000000000000000043
:10CDF00018E2A56EA56EA56E73EA000000000000A3
:10CE00000000000000006349A56EA56EA56E52C724
:10CE1000000000207C0BA56EA56EA56EA56EA56E0C
:10CE2000A56EA56EA56EA56EA56EA56EA56EA56E6A
:10CE300029840000000031C5A56EA56EA56E5B2893
:10CE400000000000000000000000000000000000E2
:10CE500000000000000000000000000000000000D2
:10CE600000000000000000000000000000000000C2
:10CE700000000000000000000000000000000000B2
:10CE800000000000000000000000000000000000A2
:10CE90000000000000000000000000000000000092
:10CEA0000000000000000000000000000000000082
:10CEB0000000000000000000000000000000000072
:10CEC0000000000000000000000000000000000062
:10CED00000002943A56EA56EA56E18C200000000D3
:10CEE0000000000000000000000000000000000042
:10CEF00018C29D4EA56E9D4E5B08086139C5A56E92
:10CF0000A56EA56E5B080000000000000000000098
:10CF100000002103000000000000000000000000ED
:10CF20000000000000000000000000000000000001
:10CF300000000000000000000000000000000000F1
:10CF4000000018C34A294A49318600200000000029
:10CF500000000000000000000000000000000000D1
:10CF600000000000000000000000000000000000C1
:10CF700000000000000000000000000000000000B1
:10CF800000000000000000000000000000000000A1
:10CF900000000000000000000000000000203186BA
:10CFA0004A494A2918C300000000000000000000A0
:10CFB0000000000000000000000000000000000071
:10CFC0000000000000000000000000000000000061
:10CFD00018E2A56EA56EA56E73EA000000000000C1
:10CFE0000000000000006B89A56EA56EA56E4A6664
:10CFF00000003A05A56EA56EA56EA56EA56E9D4EA8
:10D00000950D950D950D950D9D4EA56EA56EA56E74
:10D0100029840000000031C5A56EA56EA56E5B28B1
:10D020000000000000000000000000000000000000
:10D0300000000000000000000000000000000000F0
:10D0400000000000000000000000000000000000E0
:10D0500000000000000000000000000000000000D0
:10D0600000000000000000000000000000000000C0
:10D0700000000000000000000000000000000000B0
:10D0800000000000000000000000000000000000A0
:10D090000000000000000000000000000000000090
:10D0A0000000000000000000000000000000000080
:10D0B00000002943A56EA56EA56E18C200000000F1
:10D0C0000000000000000000000000000000000060
:10D0D00000004A877C0B18E2000008208CCDA56E6A
:10D0E000A56E94ED08410000000000000000000063
:10D0F00018E29D2E52A70000000000000000000072
:10D10000000000000000000000000000000000001F
:10D11000000000000000000000000000000000000F
:10D1200020E44A494A492945000000000000000067
:10D1300000000000000000000000000000000000EF
:10D1400000000000000000000000000000000000DF
:10D1500000000000000000000000000000000000CF
:10D1600000000000000000000000000000000000BF
:10D1700000000000000000000000000000000000AF
:10D1800029454A494A4920E4000000000000000007
:10D19000000000000000000000000000000000008F
:10D1A000000000000000000000000000000000007F
:10D1B00018E2A56EA56EA56E73EA000000000000DF
:10D1C000000000000000844BA56EA56EA56E31A482
:10D1D00000006B89A56EA56EA56E6BAA108100007C
:10D1E00000000000000000007C0BA56EA56EA56E7F
:10D1F00029840000000031C5A56EA56EA56E5B28D0
:10D20000000000000000000000000000000000001E
:10D21000000000000000000000000000000000000E
:10D2200000000000000000000000000000000000FE
:10D2300000000000000000000000000000000000EE
:10D2400000000000000000000000000000000000DE
:10D2500000000000000000000000000000000000CE
:10D2600000000000000000000000000000000000BE
:10D2700000000000000000000000000000000000AE
:10D28000000000000000000000000000000000009E
:10D2900000002943A56EA56EA56E18C2000000000F
:10D2A000000000000000000000000000000000007E
:10D2B0000000000000000000000052A7A56EA56E4F
:10D2C000A56E42260000000000000000000008419A
:10D2D0008CACA56EA56E2984000000000000000043
:10D2E000000000000000000000000000000000003E
:10D2F000000000000000000000000000000018C353
:10D300004A494A49210400000000000000000000D2
:10D31000000000000000000000000000000000000D
:10D3200000000000000000000000000000000000FD
:10D3300000000000000000000000000000000000ED
:10D3400000000000000000000000000000000000DD
:10D3500000000000000000000000000000000000CD
:10D36000000021044A494A4918C300000000000097
:10D3700000000000000000000000000000000000AD
:10D38000000000000000000000000000000000009D
:10D3900018E2A56EA56EA56E73EA000000000000FD
:10D3A000000000002123A56EA56EA56E9D4E0861AC
:10D3B00000007C0BA56EA56EA56E31A400000000D8
:10D3C00000000000000000007C0BA56EA56EA56E9D
:10D3D00029840000000031C5A56EA56EA56E5B28EE
:10D3E000000000000000000000000000000000003D
:10D3F000000000000000000000000000000000002D
:10D40000000000000000000000000000000000001C
:10D41000000000000000000000000000000000000C
:10D4200000000000000000000000000000000000FC
:10D4300000000000000000000000000000000000EC
:10D4400000000000000000000000000000000000DC
:10D4500000000000000000000000000000000000CC
:10D4600000000000000000000000000000000000BC
:10D4700000002943A56EA56EA56E18C2000000002D
:10D48000000000000000000000000000000000009C
:10D49000000000000000000010819D2EA56EA56E0A
:10D4A000846C0000000000000000000000005AE84A
:10D4B000A56EA56EA56E94CD084100000000000089
:10D4C000000000000000000000000000000000005C
:10D4D00000000000000000000000000010A24A2927
:10D4E0004A49210400000000000000000000000084
:10D4F000000000000000000000000000000000002C
:10D50000000000000000000000000000000000001B
:10D51000000000000000000000000000000000000B
:10D5200000000000000000000000000000000000FB
:10D5300000000000000000000000000000000000EB
:10D540000000000021044A494A2910A200000000FE
:10D5500000000000000000000000000000000000CB
:10D5600000000000000000000000000000000000BB
:10D5700018E2A56EA56EA56E7C2B21232123212305
:10D5800031C452C79D2EA56EA56EA56E63690000BD
:10D59000000073CAA56EA56EA56E63290861000020
:10D5A00000000000000000007C0BA56EA56EA56EBB
:10D5B00029840000000031C5A56EA56EA56E5B280C
:10D5C000000000000000000000000000000000005B
:10D5D000000000000000000000000000000000004B
:10D5E000000000000000000000000000000000003B
:10D5F000000000000000000000000000000000002B
:10D60000000000000000000000000000000000001A
:10D61000000000000000000000000000000000000A
:10D6200000000000000000000000000000000000FA
:10D6300000000000000000000000000000000000EA
:10D6400000000000000000000000000000000000DA
:10D6500000002143A56EA56EA56E3A0529642964D4
:10D660002964296429642964296429642964296452
:10D6700029642964296429646BAAA56EA56EA56E28
:10D6800029440000000000000000000018C29D4E68
:10D69000A56EA56EA56EA56E52A700000000000045
:10D6A000000000000000000000000000000000007A
:10D6B00000000000000000000000084142284A4924
:10D6C00029450000000000000000000000000000EC
:10D6D000000000000000000000000000000000004A
:10D6E000000000000000000000000000000000003A
:10D6F000000000000000000000000000000000002A
:10D700000000000000000000000000000000000019
:10D710000000000000000000000000000000000009
:10D7200000000000000029454A4942280841000045
:10D7300000000000000000000000000000000000E9
:10D7400000000000000000000000000000000000D9
:10D7500018E2A56EA56EA56EA56EA56EA56EA56E4A
:10D76000A56EA56EA56EA56EA56E94ED1061000068
:10D7700000004A87A56EA56EA56EA56EA56EA56E66
:10D78000A56EA56EA56EA56EA56EA56EA56EA56E01
:10D7900029840000000031C5A56EA56EA56E5B282A
:10D7A0000000000000000000000000000000000079
:10D7B0000000000000000000000000000000000069
:10D7C0000000000000000000000000000000000059
:10D7D0000000000000000000000000000000000049
:10D7E0000000000000000000000000000000000039
:10D7F0000000000000000000000000000000000029
:10D800000000000000000000000000000000000018
:10D810000000000000000000000000000000000008
:10D8200000000000000000000000000000000000F8
:10D8300000000861A56EA56EA56EA56EA56EA56E0D
:10D84000A56EA56EA56EA56EA56EA56EA56EA56E40
:10D85000A56EA56EA56EA56EA56EA56EA56E6B894F
:10D8600000000000000000000000000052C7A56E8C
:10D87000A56EA56EA56EA56E8CAD00000000000023
:10D880000000000000000000000000000000000098
:10D890000000000000000000000039C74A4931863E
:10D8A0000000000000000000000000000000000078
:10D8B0000000000000000000000000000000000068
:10D8C0000000000000000000000000000000000058
:10D8D0000000000000000000000000000000000048
:10D8E0000000000000000000000000000000000038
:10D8F0000000000000000000000000000000000028
:10D90000000000000000000031864A4939C70000CD
:10D910000000000000000000000000000000000007
:10D9200000000000000000000000000000000000F7
:10D9300018E2A56EA56EA56EA56EA56EA56EA56E68
:10D94000A56EA56EA56EA56E8C8C18C20000000099
:10D95000000008418C8CA56EA56EA56EA56EA56E07
:10D96000A56EA56EA56EA56EA56EA56EA56EA56E1F
:10D9700029840000000031C5A56EA56EA56E5B2848
:10D980000000000000000000000000000000000097
:10D990000000000000000000000000000000000087
:10D9A0000000000000000000000000000000000077
:10D9B0000000000000000000000000000000000067
:10D9C0000000000000000000000000000000000057
:10D9D0000000000000000000000000000000000047
:10D9E0000000000000000000000000000000000037
:10D9F0000000000000000000000000000000000027
:10DA00000000000000000000000000000000000016
:10DA1000000000006B69A56EA56EA56EA56EA56ED3
:10DA2000A56EA56EA56EA56EA56EA56EA56EA56E5E
:10DA3000A56EA56EA56EA56EA56EA56E950D10A220
:10DA40000000000000000000000000006369A56EF7
:10DA5000A56EA56EA56EA56E9D4E0000000000008F
:10DA600000000000000000000000000000000000B6
:10DA7000000000000000000029454A4941E800205C
:10DA80000000000000000000000000000000000096
:10DA90000000000000000000000000000000000086
:10DAA0000000000000000000000000000000000076
:10DAB0000000000000000000000000000000000066
:10DAC0000000000000000000000000000000000056
:10DAD0000000000000000000000000000000000046
:10DAE0000000000000000000002041E84A492945EC
:10DAF0000000000000000000000000000000000026
:10DB00000000000000000000000000000000000015
:10DB100018E2A56EA56EA56EA56EA56EA56EA56E86
:10DB20009D4E94CD73CA4205002000000000000005
:10DB30000000000008615AE88C8C9D2EA56EA56E31
:10DB4000A56EA56EA56EA56EA56EA56EA56EA56E3D
:10DB500029840000000031C5A56EA56EA56E5B2866
:10DB600000000000000000000000000000000000B5
:10DB700000000000000000000000000000000000A5
:10DB80000000000000000000000000000000000095
:10DB90000000000000000000000000000000000085
:10DBA0000000000000000000000000000000000075
:10DBB0000000000000000000000000000000000065
:10DBC0000000000000000000000000000000000055
:10DBD0000000000000000000000000000000000045
:10DBE0000000000000000000000000000000000035
:10DBF0000000000008415B08950DA56EA56EA56E9E
:10DC0000A56EA56EA56EA56EA56EA56EA56EA56E7C
:10DC1000A56EA56EA56EA56EA56E7C2B21030000DA
:10DC20000000000000000000000000004A46A56E51
:10DC3000A56EA56EA56EA56E844B000000000000C9
:10DC400000000000000000000000000000000000D4
:10DC500000000000000010824A494A2910620000BA
:10DC600000000000000000000000000000000000B4
:10DC700000000000000000000000000000000000A4
:10DC80000000000000000000000000000000000094
:10DC90000000000000000000000000000000000084
:10DCA0000000000000000000000000000000000074
:10DCB0000000000000000000000000000000000064
:10DCC00000000000000000000000106242284A49E5
:10DCD00010820000000000000000000000000000B2
:10DCE0000000000000000000000000000000000034
:10DCF0000000000000000000000000000000000024
:10DD00000000000000000000000000000000000013
:10DD10000000000000000000000000000000000003
:10DD200000000000000000000000000000000000F3
:10DD300000000000000000000000000000000000E3
:10DD400000000000000000000000000000000000D3
:10DD500000000000000000000000000000000000C3
:10DD600000000000000000000000000000000000B3
:10DD700000000000000000000000000000000000A3
:10DD80000000000000000000000000000000000093
:10DD90000000000000000000000000000000000083
:10DDA0000000000000000000000000000000000073
:10DDB0000000000000000000000000000000000063
:10DDC0000000000000000000000000000000000053
:10DDD0000000000000000000000008610861086108
:10DDE00008610861086108610861086108610861EB
:10DDF0000861086108610861082000000000000057
:10DE00000000000000000000000000000820846CFA
:10DE1000A56EA56EA56E9D4E294300000000000072
:10DE200000000000000000000000000000000000F2
:10DE300000000000000039E74A49212400000000EA
:10DE400000000000000000000000000000000000D2
:10DE500000000000000000000000000000000000C2
:10DE600000000000000000000000000000000000B2
:10DE700000000000000000000000000000000000A2
:10DE80000000000000000000000000000000000092
:10DE90000000000000000000000000000000000082
:10DEA00000000000000000000000000021244A499A
:10DEB00039E7000000000000000000000000000042
:10DEC0000000000000000000000000000000000052
:10DED0000000000000000000000000000000000042
:10DEE0000000000000000000000000000000000032
:10DEF0000000000000000000000000000000000022
:10DF00000000000000000000000000000000000011
:10DF10000000000000000000000000000000000001
:10DF200000000000000000000000000000000000F1
:10DF300000000000000000000000000000000000E1
:10DF400000000000000000000000000000000000D1
:10DF500000000000000000000000000000000000C1
:10DF600000000000000000000000000000000000B1
:10DF700000000000000000000000000000000000A1
:10DF80000000000000000000000000000000000091
:10DF90000000000000000000000000000000000081
:10DFA0000000000000000000000000000000000071
:10DFB0000000000000000000000000000000000061
:10DFC0000000000000000000000000000000000051
:10DFD0000000000000000000000000000000000041
:10DFE0000000000000000000000000000000082009
:10DFF0004A876BAA5B2818E20000000000000000BE
:10E000000000000000000000000000000000000010
:10E010000000000021044A4939E700000000000028
:10E0200000000000000000000000000000000000F0
:10E0300000000000000000000000000000000000E0
:10E0400000000000000000000000000000000000D0
:10E0500000000000000000000000000000000000C0
:10E0600000000000000000000000000000000000B0
:10E0700000000000000000000000000000000000A0
:10E08000000000000000000000000000000041E867
:10E090004A492104000000000000000000000000C8
:10E0A0000000000000000000000000000000000070
:10E0B0000000000000000000000000000000000060
:10E0C0000000000000000000000000000000000050
:10E0D0000000000000000000000000000000000040
:10E0E0000000000000000000000000000000000030
:10E0F0000000000000000000000000000000000020
:10E10000000000000000000000000000000000000F
:10E1100000000000000000000000000000000000FF
:10E1200000000000000000000000000000000000EF
:10E1300000000000000000000000000000000000DF
:10E1400000000000000000000000000000000000CF
:10E1500000000000000000000000000000000000BF
:10E1600000000000000000000000000000000000AF
:10E17000000000000000000000000000000000009F
:10E18000000000000000000000000000000000008F
:10E19000000000000000000000000000000000007F
:10E1A000000000000000000000000000000000006F
:10E1B000000000000000000000000000000000005F
:10E1C000000000000000000000000000000000004F
:10E1D000000000000000000000000000000000003F
:10E1E000000000000000000000000000000000002F
:10E1F0000000002042284A4910A200000000000050
:10E20000000000000000000000000000000000000E
:10E2100000000000000000000000000000000000FE
:10E2200000000000000000000000000000000000EE
:10E2300000000000000000000000000000000000DE
:10E2400000000000000000000000000000000000CE
:10E2500000000000000000000000000000000000BE
:10E26000000000000000000000000000000018A3F3
:10E270004A494208002000000000000000000000A1
:10E28000000000000000000000000000000000008E
:10E29000000000000000000000000000000000007E
:10E2A000000000000000000000000000000000006E
:10E2B000000000000000000000000000000000005E
:10E2C000000000000000000000000000000000004E
:10E2D000000000000000000000000000000000003E
:10E2E000000000000000000000000000000000002E
:10E2F000000000000000000000000000000000001E
:10E30000000000000000000000000000000000000D
:10E3100000000000000000000000000000000000FD
:10E3200000000000000000000000000000000000ED
:10E3300000000000000000000000000000000000DD
:10E3400000000000000000000000000000000000CD
:10E3500000000000000000000000000000000000BD
:10E3600000000000000000000000000000000000AD
:10E37000000000000000000000000000000000009D
:10E38000000000000000000000000000000000008D
:10E39000000000000000000000000000000000007D
:10E3A000000000000000000000000000000000006D
:10E3B000000000000000000000000000000000005D
:10E3C000000000000000000000000000000000004D
:10E3D000000021044A4939A70000000000000000A5
:10E3E000000000000000000000000000000000002D
:10E3F000000000000000000000000000000000001D
:10E40000000000000000000000000000000000000C
:10E4100000000000000000000000000000000000FC
:10E4200000000000000000000000000000000000EC
:10E4300000000000000000000000000000000000DC
:10E4400000000000000000000000000000000000CC
:10E4500039C74A4921040000000000000000000004
:10E4600000000000000000000000000000000000AC
:10E47000000000000000000000000000000000009C
:10E48000000000000000000000000000000000008C
:10E49000000000000000000000000000000000007C
:10E4A000000000000000000000000000000000006C
:10E4B000000000000000000000000000000000005C
:10E4C000000000000000000000000000000000004C
:10E4D000000000000000000000000000000000003C
:10E4E000000000000000000000000000000000002C
:10E4F000000000000000000000000000000000001C
:10E50000000000000000000000000000000000000B
:10E5100000000000000000000000000000000000FB
:10E5200000000000000000000000000000000000EB
:10E5300000000000000000000000000000000000DB
:10E5400000000000000000000000000000000000CB
:10E5500000000000000000000000000000000000BB
:10E5600000000000000000000000000000000000AB
:10E57000000000000000000000000000000000009B
:10E58000000000000000000000000000000000008B
:10E59000000000000000000000000000000000007B
:10E5A000000000000000000000000000000000006B
:10E5B000000042084A4910A20000000000000000CC
:10E5C000000000000000000000000000000000004B
:10E5D000000000000000000000000000000000003B
:10E5E000000000000000000000000000000000002B
:10E5F000000000000000000000000000000000001B
:10E60000000000000000000000000000000000000A
:10E6100000000000000000000000000000000000FA
:10E6200000000000000000000000000000000000EA
:10E6300018A34A4942080020000000000000000022
:10E6400000000000000000000000000000000000CA
:10E6500000000000000000000000000000000000BA
:10E6600000000000000000000000000000000000AA
:10E67000000000000000000000000000000000009A
:10E68000000000000000000000000000000000008A
:10E69000000000000000000000000000000000007A
:10E6A000000000000000000000000000000000006A
:10E6B000000000000000000000000000000000005A
:10E6C000000000000000000000000000000000004A
:10E6D000000000000000000000000000000000003A
:10E6E000000000000000000000000000000000002A
:10E6F000000000000000000000000000000000001A
:10E700000000000000000000000000000000000009
:10E7100000000000000000000000000000000000F9
:10E7200000000000000000000000000000000000E9
:10E7300000000000000000000000000000000000D9
:10E7400000000000000000000000000000000000C9
:10E7500000000000000000000000000000000000B9
:10E7600000000000000000000000000000000000A9
:10E770000000000000000000000000000000000099
:10E780000000000000000000000000000000000089
:10E7900018C34A4939C7000000000000000000000B
:10E7A0000000000000000000000000000000000069
:10E7B0000000000000000000000000000000000059
:10E7C0000000000000000000000000000000000049
:10E7D0000000000000000000000000000000000039
:10E7E0000000000000000000000000000000000029
:10E7F0000000000000000000000000000000000019
:10E800000000000000000000000000000000000008
:10E81000000039C74A4918C300000000000000008A
:10E8200000000000000000000000000000000000E8
:10E8300000000000000000000000000000000000D8
:10E8400000000000000000000000000000000000C8
:10E8500000000000000000000000000000000000B8
:10E8600000000000000000000000000000000000A8
:10E870000000000000000000000000000000000098
:10E880000000000000000000000000000000000088
:10E890000000000000000000000000000000000078
:10E8A0000000000000000000000000000000000068
:10E8B0000000000000000000000000000000000058
:10E8C0000000000000000000000000000000000048
:10E8D0000000000000000000000000000000000038
:10E8E0000000000000000000000000000000000028
:10E8F0000000000000000000000000000000000018
:10E900000000000000000000000000000000000007
:10E9100000000000000000000000000000000000F7
:10E9200000000000000000000000000000000000E7
:10E9300000000000000000000000000000000000D7
:10E9400000000000000000000000000000000000C7
:10E9500000000000000000000000000000000000B7
:10E9600000000000000000000000000000000000A7
:10E9700031A64A4920E40000000000000000000029
:10E980000000000000000000000000000000000087
:10E990000000000000000000000000000000000077
:10E9A0000000000000000000000000000000000067
:10E9B0000000000000000000000000000000000057
:10E9C0000000000000000000000000000000000047
:10E9D0000000000000000000000000000000000037
:10E9E0000000000000000000000000000000000027
:10E9F000000020E44A4931A60000000000000000A9
:10EA00000000000000000000000000000000000006
:10EA100000000000000000000000000000000000F6
:10EA200000000000000000000000000000000000E6
:10EA300000000000000000000000000000000000D6
:10EA400000000000000000000000000000000000C6
:10EA500000000000000000000000000000000000B6
:10EA600000000000000000000000000000000000A6
:10EA70000000000000000000000000000000000096
:10EA80000000000000000000000000000000000086
:10EA90000000000000000000000000000000000076
:10EAA0000000000000000000000000000000000066
:10EAB0000000000000000000000000000000000056
:10EAC0000000000000000000000000000000000046
:10EAD0000000000000000000000000000000000036
:10EAE0000000000000000000000000000000000026
:10EAF0000000000000000000000000000000000016
:10EB00000000000000000000000000000000000005
:10EB100000000000000000000000000000000000F5
:10EB200000000000000000000000000000000000E5
:10EB300000000000000000000000000000000000D5
:10EB4000000000000000000000000000000008417C
:10EB50004A494A2908210000000000000000000086
:10EB600000000000000000000000000000000000A5
:10EB70000000000000000000000000000000000095
:10EB80000000000000000000000000000000000085
:10EB90000000000000000000000000000000000075
:10EBA0000000000000000000000000000000000065
:10EBB0000000000000000000000000000000000055
:10EBC0000000000000000000000000000000000045
:10EBD000000008214A294A490841000000000000BD
:10EBE0000000000000000000000000000000000025
:10EBF0000000000000000000000000000000000015
:10EC00000000000000000000000000000000000004
:10EC100000000000000000000000000000000000F4
:10EC200000000000000000000000000000000000E4
:10EC300000000000000000000000000000000000D4
:10EC400000000000000000000000000000000000C4
:10EC500000000000000000000000000000000000B4
:10EC600000000000000000000000000000000000A4
:10EC70000000000000000000000000000000000094
:10EC80000000000000000000000000000000000084
:10EC90000000000000000000000000000000000074
:10ECA0000000000000000000000000000000000064
:10ECB0000000000000000000000000000000000054
:10ECC0000000000000000000000000000000000044
:10ECD0000000000000000000000000000000000034
:10ECE0000000000000000000000000000000000024
:10ECF0000000000000000000000000000000000014
:10ED00000000000000000000000000000000000003
:10ED100000000000000000000000000000000000F3
:10ED200000000000000000000000000000002104BE
:10ED30004A49318600000000000000000000000089
:10ED400000000000000000000000000000000000C3
:10ED500000000000000000000000000000000000B3
:10ED600000000000000000000000000000000000A3
:10ED70000000000000000000000000000000000093
:10ED80000000000000000000000000000000000083
:10ED90000000000000000000000000000000000073
:10EDA0000000000000000000000000000000000063
:10EDB0000000000031864A492104000000000000E4
:10EDC0000000000000000000000000000000000043
:10EDD0000000000000000000000000000000000033
:10EDE0000000000000000000000000000000000023
:10EDF0000000000000000000000000000000000013
:10EE00000000000000000000000000000000000002
:10EE100000000000000000000000000000000000F2
:10EE200000000000000000000000000000000000E2
:10EE300000000000000000000000000000000000D2
:10EE400000000000000000000000000000000000C2
:10EE500000000000000000000000000000000000B2
:10EE600000000000000000000000000000000000A2
:10EE70000000000000000000000000000000000092
:10EE80000000000000000000000000000000000082
:10EE90000000000000000000000000000000000072
:10EEA0000000000000000000000000000000000062
:10EEB0000000000000000000000000000000000052
:10EEC0000000000000000000000000000000000042
:10EED0000000000000000000000000000000000032
:10EEE0000000000000000000000000000000000022
:10EEF0000000000000000000000000000000000012
:10EF0000000000000000000000000000000031864A
:10EF10004A4918C300000000000000000000000083
:10EF200000000000000000000000000000000000E1
:10EF300000000000000000000000000000000000D1
:10EF400000000000000000000000000000000000C1
:10EF500000000000000000000000000000000000B1
:10EF600000000000000000000000000000000000A1
:10EF70000000000000000000000000000000000091
:10EF80000000000000000000000000000000000081
:10EF90000000000018E34A4931860000000000002C
:10EFA0000000000000000000000000000000000061
:10EFB0000000000000000000000000000000000051
:10EFC0000000000000000000000000000000000041
:10EFD0000000000000000000000000000000000031
:10EFE0000000000000000000000000000000000021
:10EFF0000000000000000000000000000000000011
:10F000000000000000000000000000000000000000
:10F0100000000000000000000000000000000000F0
:10F0200000000000000000000000000000000000E0
:10F0300000000000000000000000000000000000D0
:10F0400000000000000000000000000000000000C0
:10F0500000000000000000000000000000000000B0
:10F0600000000000000000000000000000000000A0
:10F070000000000000000000000000000000000090
:10F080000000000000000000000000000000000080
:10F090000000000000000000000000000000000070
:10F0A0000000000000000000000000000000000060
:10F0B0000000000000000000000000000000000050
:10F0C0000000000000000000000000000000000040
:10F0D0000000000000000000000000000000000030
:10F0E00000000000000000000000000000004228B6
:10F0F0004A49084100000000000000000000000034
:10F1000000000000000000000000000000000000FF
:10F1100000000000000000000000000000000000EF
:10F1200000000000000000000000000000000000DF
:10F1300000000000000000000000000000000000CF
:10F1400000000000000000000000000000000000BF
:10F1500000000000000000000000000000000000AF
:10F16000000000000000000000000000000000009F
:10F170000000000008414A49422800000000000049
:10F18000000000000000000000000000000000007F
:10F19000000000000000000000000000000000006F
:10F1A000000000000000000000000000000000005F
:10F1B000000000000000000000000000000000004F
:10F1C000000000000000000000000000000000003F
:10F1D000000000000000000000000000000000002F
:10F1E000000000000000000000000000000000001F
:10F1F000000000000000000000000000000000000F
:10F2000000000000000000000000000000000000FE
:10F2100000000000000000000000000000000000EE
:10F2200000000000000000000000000000000000DE
:10F2300000000000000000000000000000000000CE
:10F2400000000000000000000000000000000000BE
:10F2500000000000000000000000000000000000AE
:10F26000000000000000000000000000000000009E
:10F27000000000000000000000000000000000008E
:10F28000000000000000000000000000000000007E
:10F29000000000000000000000000000000000006E
:10F2A000000000000000000000000000000000005E
:10F2B000000000000000000000000000000000004E
:10F2C00000000000000000000000000010824A4919
:10F2D00039E700000000000000000000000000000E
:10F2E000000000000000000000000000000000001E
:10F2F000000000000000000000000000000000000E
:10F3000000000000000000000000000000000000FD
:10F3100000000000000000000000000000000000ED
:10F3200000000000000000000000000000000000DD
:10F3300000000000000000000000000000000000CD
:10F3400000000000000000000000000000000000BD
:10F3500000000000000041E84A491062000000007F
:10F36000000000000000000000000000000000009D
:10F37000000000000000000000000000000000008D
:10F38000000000000000000000000000000000007D
:10F39000000000000000000000000000000000006D
:10F3A000000000000000000000000000000000005D
:10F3B000000000000000000000000000000000004D
:10F3C000000000000000000000000000000000003D
:10F3D000000000000000000000000000000000002D
:10F3E000000000000000000000000000000000001D
:10F3F000000000000000000000000000000000000D
:10F4000000000000000000000000000000000000FC
:10F4100000000000000000000000000000000000EC
:10F4200000000000000000000000000000000000DC
:10F4300000000000000000000000000000000000CC
:10F4400000000000000000000000000000000000BC
:10F4500000000000000000000000000000000000AC
:10F46000000000000000000000000000000000009C
:10F47000000000000000000000000000000000008C
:10F48000000000000000000000000000000000007C
:10F49000000000000000000000000000000000006C
:10F4A00000000000000000000000000018E34A49CE
:10F4B00031660000000000000000000000000000B5
:10F4C000000000000000000000000000000000003C
:10F4D000000000000000000000000000000000002C
:10F4E000000000000000000000000000000000001C
:10F4F000000000000000000000000000000000000C
:10F5000000000000000000000000000000000000FB
:10F5100000000000000000000000000000000000EB
:10F5200000000000000000000000000000000000DB
:10F5300000000000000031664A4918E300000000A6
:10F5400000000000000000000000000000000000BB
:10F5500000000000000000000000000000000000AB
:10F56000000000000000000000000000000000009B
:10F57000000000000000000000000000000000008B
:10F58000000000000000000000000000000000007B
:10F59000000000000000000000000000000000006B
:10F5A000000000000000000000000000000000005B
:10F5B000000000000000000000000000000000004B
:10F5C000000000000000000000000000000000003B
:10F5D000000000000000000000000000000000002B
:10F5E000000000000000000000000000000000001B
:10F5F000000000000000000000000000000000000B
:10F6000000000000000000000000000000000000FA
:10F6100000000000000000000000000000000000EA
:10F6200000000000000000000000000000000000DA
:10F6300000000000000000000000000000000000CA
:10F6400000000000000000000000000000000000BA
:10F6500000000000000000000000000000000000AA
:10F66000000000000000000000000000000000009A
:10F67000000000000000000000000000000000008A
:10F6800000000000000000000000000029454A4979
:10F690002104000000000000000000000000000045
:10F6A000000000000000000000000000000000005A
:10F6B000000000000000000000000000000000004A
:10F6C000000000000000000000000000000000003A
:10F6D000000000000000000000000000000000002A
:10F6E000000000000000000000000000000000001A
:10F6F000000000000000000000000000000000000A
:10F7000000000000000000000000000000000000F9
:10F7100000000000000021244A49292500000000C3
:10F7200000000000000000000000000000000000D9
:10F7300000000000000000000000000000000000C9
:10F7400000000000000000000000000000000000B9
:10F7500000000000000000000000000000000000A9
:10F760000000000000000000000000000000000099
:10F770000000000000000000000000000000000089
:10F780000000000000000000000000000000000079
:10F790000000000000000000000000000000000069
:10F7A0000000000000000000000000000000000059
:10F7B0000000000000000000000000000000000049
:10F7C0000000000000000000000000000000000039
:10F7D0000000000000000000000000000000000029
:10F7E0000000000000000000000000000000000019
:10F7F0000000000000000000000000000000000009
:10F8000000000000000000000000000000000000F8
:10F8100000000000000000000000000000000000E8
:10F8200000000000000000000000000000000000D8
:10F8300000000000000000000000000000000000C8
:10F8400000000000000000000000000000000000B8
:10F8500000000000000000000000000000000000A8
:10F8600000000000000000000000000031864A494E
:10F8700018C30000000000000000000000000000AD
:10F880000000000000000000000000000000000078
:10F890000000000000000000000000000000000068
:10F8A0000000000000000000000000000000000058
:10F8B0000000000000000000000000000000000048
:10F8C0000000000000000000000000000000000038
:10F8D0000000000000000000000000000000000028
:10F8E0000000000000000000000000000000000018
:10F8F00000000000000018C34A49318600000000E3
:10F9000000000000000000000000000000000000F7
:10F9100000000000000000000000000000000000E7
:10F9200000000000000000000000000000000000D7
:10F9300000000000000000000000000000000000C7
:10F9400000000000000000000000000000000000B7
:10F9500000000000000000000000000000000000A7
:10F960000000000000000000000000000000000097
:10F970000000000000000000000000000000000087
:10F980000000000000000000000000000000000077
:10F990000000000000000000000000000000000067
:10F9A0000000000000000000000000000000000057
:10F9B0000000000000000000000000000000000047
:10F9C0000000000000000000000000000000000037
:10F9D0000000000000000000000000000000000027
:10F9E0000000000000000000000000000000000017
:10F9F0000000000000000000000000000000000007
:10FA000000000000000000000000000000000000F6
:10FA100000000000000000000000000000000000E6
:10FA200000000000000000000000000000000000D6
:10FA300000000000000000000000000000000000C6
:10FA400000000000000000000000000039E74A4903
:10FA50001062000000000000000000000000000034
:10FA60000000000000000000000000000000000096
:10FA70000000000000000000000000000000000086
:10FA80000000000000000000000000000000000076
:10FA90000000000000000000000000000000000066
:10FAA0000000000000000000000000000000000056
:10FAB0000000000000000000000000000000000046
:10FAC0000000000000000000000000000000000036
:10FAD00000000000000010624A4939E70000000001
:10FAE0000000000000000000000000000000000016
:10FAF0000000000000000000000000000000000006
:10FB000000000000000000000000000000000000F5
:10FB100000000000000000000000000000000000E5
:10FB200000000000000000000000000000000000D5
:10FB300000000000000000000000000000000000C5
:10FB400000000000000000000000000000000000B5
:10FB500000000000000000000000000000000000A5
:10FB60000000000000000000000000000000000095
:10FB70000000000000000000000000000000000085
:10FB80000000000000000000000000000000000075
:10FB90000000000000000000000000000000000065
:10FBA0000000000000000000000000000000000055
:10FBB0000000000000000000000000000000000045
:10FBC0000000000000000000000000000000000035
:10FBD0000000000000000000000000000000000025
:10FBE0000000000000000000000000000000000015
:10FBF0000000000000000000000000000000000005
:10FC000000000000000000000000000000000000F4
:10FC100000000000000000000000000000000000E4
:10FC200000000000000000000000000042084A49F7
:10FC3000084100000000000000000000000000007B
:10FC400000000000000000000000000000000000B4
:10FC500000000000000000000000000000000000A4
:10FC60000000000000000000000000000000000094
:10FC70000000000000000000000000000000000084
:10FC80000000000000000000000000000000000074
:10FC90000000000000000000000000000000000064
:10FCA0000000000000000000000000000000000054
:10FCB00000000000000008414A494208000000001E
:10FCC0000000000000000000000000000000000034
:10FCD0000000000000000000000000000000000024
:10FCE0000000000000000000000000000000000014
:10FCF0000000000000000000000000000000000004
:10FD000000000000000000000000000000000000F3
:10FD100000000000000000000000000000000000E3
:10FD200000000000000000000000000000000000D3
:10FD300000000000000000000000000000000000C3
:10FD400000000000000000000000000000000000B3
:10FD500000000000000000000000000000000000A3
:10FD60000000000000000000000000000000000093
:10FD70000000000000000000000000000000000083
:10FD80000000000000000000000000000000000073
:10FD90000000000000000000000000000000000063
:10FDA0000000000000000000000000000000000053
:10FDB0000000000000000000000000000000000043
:10FDC0000000000000000000000000000000000033
:10FDD0000000000000000000000000000000000023
:10FDE0000000000000000000000000000000000013
:10FDF0000000000000000000000000000000000003
:10FE000000000000000000000000000042284A49F5
:10FE100008210000000000000000000000000000B9
:10FE200000000000000000000000000000000000D2
:10FE300000000000000000000000000000000000C2
:10FE400000000000000000000000000000000000B2
:10FE500000000000000000000000000000000000A2
:10FE60000000000000000000000000000000000092
:10FE70000000000000000000000000000000000082
:10FE80000000000000000000000000000000000072
:10FE900000000000000008214A494208000000005C
:10FEA0000000000000000000000000000000000052
:10FEB0000000000000000000000000000000000042
:10FEC0000000000000000000000000000000000032
:10FED0000000000000000000000000000000000022
:10FEE0000000000000000000000000000000000012
:10FEF0000000000000000000000000000000000002
:10FF000000000000000000000000000000000000F1
:10FF100000000000000000000000000000000000E1
:10FF200000000000000000000000000000000000D1
:10FF300000000000000000000000000000000000C1
:10FF400000000000000000000000000000000000B1
:10FF500000000000000000000000000000000000A1
:10FF60000000000000000000000000000000000091
:10FF70000000000000000000000000000000000081
:10FF80000000000000000000000000000000000071
:10FF90000000000000000000000000000000000061
:10FFA0000000000000000000000000000000000051
:10FFB0000000000000000000000000000000000041
:10FFC0000000000000000000000000000000000031
:10FFD0000000000000000000000000000000000021
:10FFE0000000000000000000000000004A294A490B
:10FFF0000000000000000000000000000000000001
:020000041004E6
:1000000000000000000000000000000000000000F0
:1000100000000000000000000000000000000000E0
:1000200000000000000000000000000000000000D0
:1000300000000000000000000000000000000000C0
:1000400000000000000000000000000000000000B0
:1000500000000000000000000000000000000000A0
:100060000000000000000000000000000000000090
:1000700000000000000000004A494A29000000007A
:100080000000000000000000000000000000000070
:100090000000000000000000000000000000000060
:1000A0000000000000000000000000000000000050
:1000B0000000000000000000000000000000000040
:1000C0000000000000000000000000000000000030
:1000D0000000000000000000000000000000000020
:1000E0000000000000000000000000000000000010
:1000F0000000000000000000000000000000000000
:1001000000000000000000000000000000000000EF
:1001100000000000000000000000000000000000DF
:1001200000000000000000000000000000000000CF
:1001300000000000000000000000000000000000BF
:1001400000000000000000000000000000000000AF
:10015000000000000000000000000000000000009F
:10016000000000000000000000000000000000008F
:10017000000000000000000000000000000000007F
:10018000000000000000000000000000000000006F
:10019000000000000000000000000000000000005F
:1001A000000000000000000000000000000000004F
:1001B000000000000000000000000000000000003F
:1001C0000000000000000000000000004A294A4929
:1001D000000000000000000000000000000000001F
:1001E000000000000000000000000000000000000F
:1001F00000000000000000000000000000000000FF
:1002000000000000000000000000000000000000EE
:1002100000000000000000000000000000000000DE
:1002200000000000000000000000000000000000CE
:1002300000000000000000000000000000000000BE
:1002400000000000000000000000000000000000AE
:1002500000000000000000004A494A290000000098
:10026000000000000000000000000000000000008E
:10027000000000000000000000000000000000007E
:10028000000000000000000000000000000000006E
:10029000000000000000000000000000000000005E
:1002A000000000000000000000000000000000004E
:1002B000000000000000000000000000000000003E
:1002C000000000000000000000000000000000002E
:1002D000000000000000000000000000000000001E
:1002E000000000000000000000000000000000000E
:1002F00000000000000000000000000000000000FE
:1003000000000000000000000000000000000000ED
:1003100000000000000000000000000000000000DD
:1003200000000000000000000000000000000000CD
:1003300000000000000000000000000000000000BD
:1003400000000000000000000000000000000000AD
:10035000000000000000000000000000000000009D
:10036000000000000000000000000000000000008D
:10037000000000000000000000000000000000007D
:10038000000000000000000000000000000000006D
:10039000000000000000000000000000000000005D
:1003A00000000000000000000000000042284A4950
:1003B0000821000000000000000000000000000014
:1003C000000000000000000000000000000000002D
:1003D000000000000000000000000000000000001D
:1003E000000000000000000000000000000000000D
:1003F00000000000000000000000000000000000FD
:1004000000000000000000000000000000000000EC
:1004100000000000000000000000000000000000DC
:1004200000000000000000000000000000000000CC
:1004300000000000000008214A49420800000000B6
:1004400000000000000000000000000000000000AC
:10045000000000000000000000000000000000009C
:10046000000000000000000000000000000000008C
:10047000000000000000000000000000000000007C
:10048000000000000000000000000000000000006C
:10049000000000000000000000000000000000005C
:1004A000000000000000000000000000000000004C
:1004B000000000000000000000000000000000003C
:1004C000000000000000000000000000000000002C
:1004D000000000000000000000000000000000001C
:1004E000000000000000000000000000000000000C
:1004F00000000000000000000000000000000000FC
:1005000000000000000000000000000000000000EB
:1005100000000000000000000000000000000000DB
:1005200000000000000000000000000000000000CB
:1005300000000000000000000000000000000000BB
:1005400000000000000000000000000000000000AB
:10055000000000000000000000000000000000009B
:10056000000000000000000000000000000000008B
:10057000000000000000000000000000000000007B
:1005800000000000000000000000000042084A498E
:100590000841000000000000000000000000000012
:1005A000000000000000000000000000000000004B
:1005B000000000000000000000000000000000003B
:1005C000000000000000000000000000000000002B
:1005D000000000000000000000000000000000001B
:1005E000000000000000000000000000000000000B
:1005F00000000000000000000000000000000000FB
:1006000000000000000000000000000000000000EA
:1006100000000000000008414A49420800000000B4
:1006200000000000000000000000000000000000CA
:1006300000000000000000000000000000000000BA
:1006400000000000000000000000000000000000AA
:10065000000000000000000000000000000000009A
:10066000000000000000000000000000000000008A
:10067000000000000000000000000000000000007A
:10068000000000000000000000000000000000006A
:10069000000000000000000000000000000000005A
:1006A000000000000000000000000000000000004A
:1006B000000000000000000000000000000000003A
:1006C000000000000000000000000000000000002A
:1006D000000000000000000000000000000000001A
:1006E000000000000000000000000000000000000A
:1006F00000000000000000000000000000000000FA
:1007000000000000000000000000000000000000E9
:1007100000000000000000000000000000000000D9
:1007200000000000000000000000000000000000C9
:1007300000000000000000000000000000000000B9
:1007400000000000000000000000000000000000A9
:100750000000000000000000000000000000000099
:1007600000000000000000000000000039E74A49D6
:100770001062000000000000000000000000000007
:100780000000000000000000000000000000000069
:100790000000000000000000000000000000000059
:1007A0000000000000000000000000000000000049
:1007B0000000000000000000000000000000000039
:1007C0000000000000000000000000000000000029
:1007D0000000000000000000000000000000000019
:1007E0000000000000000000000000000000000009
:1007F00000000000000010624A4939E700000000D4
:1008000000000000000000000000000000000000E8
:1008100000000000000000000000000000000000D8
:1008200000000000000000000000000000000000C8
:1008300000000000000000000000000000000000B8
:1008400000000000000000000000000000000000A8
:100850000000000000000000000000000000000098
:100860000000000000000000000000000000000088
:100870000000000000000000000000000000000078
:100880000000000000000000000000000000000068
:100890000000000000000000000000000000000058
:1008A0000000000000000000000000000000000048
:1008B0000000000000000000000000000000000038
:1008C0000000000000000000000000000000000028
:1008D0000000000000000000000000000000000018
:1008E0000000000000000000000000000000000008
:1008F00000000000000000000000000000000000F8
:1009000000000000000000000000000000000000E7
:1009100000000000000000000000000000000000D7
:1009200000000000000000000000000000000000C7
:1009300000000000000000000000000000000000B7
:1009400000000000000000000000000031864A495D
:1009500018C30000000000000000000000000000BC
:100960000000000000000000000000000000000087
:100970000000000000000000000000000000000077
:100980000000000000000000000000000000000067
:100990000000000000000000000000000000000057
:1009A0000000000000000000000000000000000047
:1009B0000000000000000000000000000000000037
:1009C0000000000000000000000000000000000027
:1009D00000000000000018C34A49318600000000F2
:1009E0000000000000000000000000000000000007
:1009F00000000000000000000000000000000000F7
:100A000000000000000000000000000000000000E6
:100A100000000000000000000000000000000000D6
:100A200000000000000000000000000000000000C6
:100A300000000000000000000000000000000000B6
:100A400000000000000000000000000000000000A6
:100A50000000000000000000000000000000000096
:100A60000000000000000000000000000000000086
:100A70000000000000000000000000000000000076
:100A80000000000000000000000000000000000066
:100A90000000000000000000000000000000000056
:100AA0000000000000000000000000000000000046
:100AB0000000000000000000000000000000000036
:100AC0000000000000000000000000000000000026
:100AD0000000000000000000000000000000000016
:100AE0000000000000000000000000000000000006
:100AF00000000000000000000000000000000000F6
:100B000000000000000000000000000000000000E5
:100B100000000000000000000000000000000000D5
:100B200000000000000000000000000029454A49C4
:100B30002104000000000000000000000000000090
:100B400000000000000000000000000000000000A5
:100B50000000000000000000000000000000000095
:100B60000000000000000000000000000000000085
:100B70000000000000000000000000000000000075
:100B80000000000000000000000000000000000065
:100B90000000000000000000000000000000000055
:100BA0000000000000000000000000000000000045
:100BB00000000000000021244A492925000000000F
:100BC0000000000000000000000000000000000025
:100BD0000000000000000000000000000000000015
:100BE0000000000000000000000000000000000005
:100BF00000000000000000000000000000000000F5
:100C000000000000000000000000000000000000E4
:100C100000000000000000000000000000000000D4
:100C200000000000000000000000000000000000C4
:100C300000000000000000000000000000000000B4
:100C400000000000000000000000000000000000A4
:100C50000000000000000000000000000000000094
:100C60000000000000000000000000000000000084
:100C70000000000000000000000000000000000074
:100C80000000000000000000000000000000000064
:100C90000000000000000000000000000000000054
:100CA0000000000000000000000000000000000044
:100CB0000000000000000000000000000000000034
:100CC0000000000000000000000000000000000024
:100CD0000000000000000000000000000000000014
:100CE0000000000000000000000000000000000004
:100CF00000000000000000000000000000000000F4
:100D000000000000000000000000000018E34A4955
:100D1000316600000000000000000000000000003C
:100D200000000000000000000000000000000000C3
:100D300000000000000000000000000000000000B3
:100D400000000000000000000000000000000000A3
:100D50000000000000000000000000000000000093
:100D60000000000000000000000000000000000083
:100D70000000000000000000000000000000000073
:100D80000000000000000000000000000000000063
:100D900000000000000031664A4918E3000000002E
:100DA0000000000000000000000000000000000043
:100DB0000000000000000000000000000000000033
:100DC0000000000000000000000000000000000023
:100DD0000000000000000000000000000000000013
:100DE0000000000000000000000000000000000003
:100DF00000000000000000000000000000000000F3
:100E000000000000000000000000000000000000E2
:100E100000000000000000000000000000000000D2
:100E200000000000000000000000000000000000C2
:100E300000000000000000000000000000000000B2
:100E400000000000000000000000000000000000A2
:100E50000000000000000000000000000000000092
:100E60000000000000000000000000000000000082
:100E70000000000000000000000000000000000072
:100E80000000000000000000000000000000000062
:100E90000000000000000000000000000000000052
:100EA0000000000000000000000000000000000042
:100EB0000000000000000000000000000000000032
:100EC0000000000000000000000000000000000022
:100ED0000000000000000000000000000000000012
:100EE00000000000000000000000000010824A49DD
:100EF00041E80000000000000000000000000000C9
:100F000000000000000000000000000000000000E1
:100F100000000000000000000000000000000000D1
:100F200000000000000000000000000000000000C1
:100F300000000000000000000000000000000000B1
:100F400000000000000000000000000000000000A1
:100F50000000000000000000000000000000000091
:100F60000000000000000000000000000000000081
:100F700000000000000041E84A4910620000000043
:100F80000000000000000000000000000000000061
:100F90000000000000000000000000000000000051
:100FA0000000000000000000000000000000000041
:100FB0000000000000000000000000000000000031
:100FC0000000000000000000000000000000000021
:100FD0000000000000000000000000000000000011
:100FE0000000000000000000000000000000000001
:100FF00000000000000000000000000000000000F1
:1010000000000000000000000000000000000000E0
:1010100000000000000000000000000000000000D0
:1010200000000000000000000000000000000000C0
:1010300000000000000000000000000000000000B0
:1010400000000000000000000000000000000000A0
:101050000000000000000000000000000000000090
:101060000000000000000000000000000000000080
:101070000000000000000000000000000000000070
:101080000000000000000000000000000000000060
:101090000000000000000000000000000000000050
:1010A0000000000000000000000000000000000040
:1010B0000000000000000000000000000000000030
:1010C00000000000000000000000000000004228B6
:1010D0004A49084100000000000000000000000034
:1010E0000000000000000000000000000000000000
:1010F00000000000000000000000000000000000F0
:1011000000000000000000000000000000000000DF
:1011100000000000000000000000000000000000CF
:1011200000000000000000000000000000000000BF
:1011300000000000000000000000000000000000AF
:10114000000000000000000000000000000000009F
:101150000000000008414A49422800000000000049
:10116000000000000000000000000000000000007F
:10117000000000000000000000000000000000006F
:10118000000000000000000000000000000000005F
:10119000000000000000000000000000000000004F
:1011A000000000000000000000000000000000003F
:1011B000000000000000000000000000000000002F
:1011C000000000000000000000000000000000001F
:1011D000000000000000000000000000000000000F
:1011E00000000000000000000000000000000000FF
:1011F00000000000000000000000000000000000EF
:1012000000000000000000000000000000000000DE
:1012100000000000000000000000000000000000CE
:1012200000000000000000000000000000000000BE
:1012300000000000000000000000000000000000AE
:10124000000000000000000000000000000000009E
:10125000000000000000000000000000000000008E
:10126000000000000000000000000000000000007E
:10127000000000000000000000000000000000006E
:10128000000000000000000000000000000000005E
:10129000000000000000000000000000000000004E
:1012A0000000000000000000000000000000318687
:1012B0004A4918E3000000000000000000000000A0
:1012C000000000000000000000000000000000001E
:1012D000000000000000000000000000000000000E
:1012E00000000000000000000000000000000000FE
:1012F00000000000000000000000000000000000EE
:1013000000000000000000000000000000000000DD
:1013100000000000000000000000000000000000CD
:1013200000000000000000000000000000000000BD
:101330000000000018E34A49318600000000000068
:10134000000000000000000000000000000000009D
:10135000000000000000000000000000000000008D
:10136000000000000000000000000000000000007D
:10137000000000000000000000000000000000006D
:10138000000000000000000000000000000000005D
:10139000000000000000000000000000000000004D
:1013A000000000000000000000000000000000003D
:1013B000000000000000000000000000000000002D
:1013C000000000000000000000000000000000001D
:1013D000000000000000000000000000000000000D
:1013E00000000000000000000000000000000000FD
:1013F00000000000000000000000000000000000ED
:1014000000000000000000000000000000000000DC
:1014100000000000000000000000000000000000CC
:1014200000000000000000000000000000000000BC
:1014300000000000000000000000000000000000AC
:10144000000000000000000000000000000000009C
:10145000000000000000000000000000000000008C
:10146000000000000000000000000000000000007C
:10147000000000000000000000000000000000006C
:101480000000000000000000000000000000210437
:101490004A49318600000000000000000000000002
:1014A000000000000000000000000000000000003C
:1014B000000000000000000000000000000000002C
:1014C000000000000000000000000000000000001C
:1014D000000000000000000000000000000000000C
:1014E00000000000000000000000000000000000FC
:1014F00000000000000000000000000000000000EC
:1015000000000000000000000000000000000000DB
:101510000000000031864A4920E40000000000007D
:1015200000000000000000000000000000000000BB
:1015300000000000000000000000000000000000AB
:10154000000000000000000000000000000000009B
:10155000000000000000000000000000000000008B
:10156000000000000000000000000000000000007B
:10157000000000000000000000000000000000006B
:10158000000000000000000000000000000000005B
:10159000000000000000000000000000000000004B
:1015A000000000000000000000000000000000003B
:1015B000000000000000000000000000000000002B
:1015C000000000000000000000000000000000001B
:1015D000000000000000000000000000000000000B
:1015E00000000000000000000000000000000000FB
:1015F00000000000000000000000000000000000EB
:1016000000000000000000000000000000000000DA
:1016100000000000000000000000000000000000CA
:1016200000000000000000000000000000000000BA
:1016300000000000000000000000000000000000AA
:10164000000000000000000000000000000000009A
:10165000000000000000000000000000000000008A
:101660000000000000000000000000000000084131
:101670004A494A290821000000000000000000003B
:10168000000000000000000000000000000000005A
:10169000000000000000000000000000000000004A
:1016A000000000000000000000000000000000003A
:1016B000000000000000000000000000000000002A
:1016C000000000000000000000000000000000001A
:1016D000000000000000000000000000000000000A
:1016E00000000000000000000000000000000000FA
:1016F000000008214A294A49084100000000000072
:1017000000000000000000000000000000000000D9
:1017100000000000000000000000000000000000C9
:1017200000000000000000000000000000000000B9
:1017300000000000000000000000000000000000A9
:101740000000000000000000000000000000000099
:101750000000000000000000000000000000000089
:101760000000000000000000000000000000000079
:101770000000000000000000000000000000000069
:101780000000000000000000000000000000000059
:101790000000000000000000000000000000000049
:1017A0000000000000000000000000000000000039
:1017B0000000000000000000000000000000000029
:1017C0000000000000000000000000000000000019
:1017D0000000000000000000000000000000000009
:1017E00000000000000000000000000000000000F9
:1017F00000000000000000000000000000000000E9
:1018000000000000000000000000000000000000D8
:1018100000000000000000000000000000000000C8
:1018200000000000000000000000000000000000B8
:1018300000000000000000000000000000000000A8
:101840000000000000000000000000000000000098
:1018500031A64A4920E4000000000000000000001A
:101860000000000000000000000000000000000078
:101870000000000000000000000000000000000068
:101880000000000000000000000000000000000058
:101890000000000000000000000000000000000048
:1018A0000000000000000000000000000000000038
:1018B0000000000000000000000000000000000028
:1018C0000000000000000000000000000000000018
:1018D000000020E44A4931A600000000000000009A
:1018E00000000000000000000000000000000000F8
:1018F00000000000000000000000000000000000E8
:1019000000000000000000000000000000000000D7
:1019100000000000000000000000000000000000C7
:1019200000000000000000000000000000000000B7
:1019300000000000000000000000000000000000A7
:101940000000000000000000000000000000000097
:101950000000000000000000000000000000000087
:101960000000000000000000000000000000000077
:101970000000000000000000000000000000000067
:101980000000000000000000000000000000000057
:101990000000000000000000000000000000000047
:1019A0000000000000000000000000000000000037
:1019B0000000000000000000000000000000000027
:1019C0000000000000000000000000000000000017
:1019D0000000000000000000000000000000000007
:1019E00000000000000000000000000000000000F7
:1019F00000000000000000000000000000000000E7
:101A000000000000000000000000000000000000D6
:101A100000000000000000000000000000000000C6
:101A200000000000000000000000000000000000B6
:101A300018C34A4939C70000000000000000000038
:101A40000000000000000000000000000000000096
:101A50000000000000000000000000000000000086
:101A60000000000000000000000000000000000076
:101A70000000000000000000000000000000000066
:101A80000000000000000000000000000000000056
:101A90000000000000000000000000000000000046
:101AA0000000000000000000000000000000000036
:101AB000000039C74A4918C30000000000000000B8
:101AC0000000000000000000000000000000000016
:101AD0000000000000000000000000000000000006
:101AE00000000000000000000000000000000000F6
:101AF00000000000000000000000000000000000E6
:101B000000000000000000000000000000000000D5
:101B100000000000000000000000000000000000C5
:101B200000000000000000000000000000000000B5
:101B300000000000000000000000000000000000A5
:101B40000000000000000000000000000000000095
:101B50000000000000000000000000000000000085
:101B60000000000000000000000000000000000075
:101B70000000000000000000000000000000000065
:101B80000000000000000000000000000000000055
:101B90000000000000000000000000000000000045
:101BA0000000000000000000000000000000000035
:101BB0000000000000000000000000000000000025
:101BC0000000000000000000000000000000000015
:101BD0000000000000000000000000000000000005
:101BE00000000000000000000000000000000000F5
:101BF00000000000000000000000000000000000E5
:101C000000000000000000000000000000000000D4
:101C1000000042084A4910A2000000000000000035
:101C200000000000000000000000000000000000B4
:101C300000000000000000000000000000000000A4
:101C40000000000000000000000000000000000094
:101C50000000000000000000000000000000000084
:101C60000000000000000000000000000000000074
:101C70000000000000000000000000000000000064
:101C80000000000000000000000000000000000054
:101C900018A34A494208002000000000000000008C
:101CA0000000000000000000000000000000000034
:101CB0000000000000000000000000000000000024
:101CC0000000000000000000000000000000000014
:101CD0000000000000000000000000000000000004
:101CE00000000000000000000000000000000000F4
:101CF00000000000000000000000000000000000E4
:101D000000000000000000000000000000000000D3
:101D100000000000000000000000000000000000C3
:101D200000000000000000000000000000000000B3
:101D300000000000000000000000000000000000A3
:101D40000000000000000000000000000000000093
:101D50000000000000000000000000000000000083
:101D60000000000000000000000000000000000073
:101D70000000000000000000000000000000000063
:101D80000000000000000000000000000000000053
:101D90000000000000000000000000000000000043
:101DA0000000000000000000000000000000000033
:101DB0000000000000000000000000000000000023
:101DC0000000000000000000000000000000000013
:101DD0000000000000000000000000000000000003
:101DE00000000000000000000000000000000000F3
:101DF000000021044A4939C700000000000000002B
:101E000000000000000000000000000000000000D2
:101E100000000000000000000000000000000000C2
:101E200000000000000000000000000000000000B2
:101E300000000000000000000000000000000000A2
:101E40000000000000000000000000000000000092
:101E50000000000000000000000000000000000082
:101E60000000000000000000000000000000000072
:101E700039C74A49210400000000000000000000AA
:101E80000000000000000000000000000000000052
:101E90000000000000000000000000000000000042
:101EA0000000000000000000000000000000000032
:101EB0000000000000000000000000000000000022
:101EC0000000000000000000000000000000000012
:101ED0000000000000000000000000000000000002
:101EE00000000000000000000000000000000000F2
:101EF00000000000000000000000000000000000E2
:101F000000000000000000000000000000000000D1
:101F100000000000000000000000000000000000C1
:101F200000000000000000000000000000000000B1
:101F300000000000000000000000000000000000A1
:101F40000000000000000000000000000000000091
:101F50000000000000000000000000000000000081
:101F60000000000000000000000000000000000071
:101F70000000000000000000000000000000000061
:101F80000000000000000000000000000000000051
:101F90000000000000000000000000000000000041
:101FA0000000000000000000000000000000000031
:101FB0000000000000000000000000000000000021
:101FC0000000000000000000000000000000000011
:101FD0000000002042284A4918A300000000000029
:101FE00000000000000000000000000000000000F1
:101FF00000000000000000000000000000000000E1
:1020000000000000000000000000000000000000D0
:1020100000000000000000000000000000000000C0
:1020200000000000000000000000000000000000B0
:1020300000000000000000000000000000000000A0
:10204000000000000000000000000000000018A3D5
:102050004A49420800200000000000000000000083
:102060000000000000000000000000000000000070
:102070000000000000000000000000000000000060
:102080000000000000000000000000000000000050
:102090000000000000000000000000000000000040
:1020A0000000000000000000000000000000000030
:1020B0000000000000000000000000000000000020
:1020C0000000000000000000000000000000000010
:1020D0000000000000000000000000000000000000
:1020E00000000000000000000000000000000000F0
:1020F00000000000000000000000000000000000E0
:1021000000000000000000000000000000000000CF
:1021100000000000000000000000000000000000BF
:1021200000000000000000000000000000000000AF
:10213000000000000000000000000000000000009F
:10214000000000000000000000000000000000008F
:10215000000000000000000000000000000000007F
:10216000000000000000000000000000000000006F
:10217000000000000000000000000000000000005F
:10218000000000000000000000000000000000004F
:10219000000000000000000000000000000000003F
:1021A000000000000000000000000000000000002F
:1021B0000000000021044A4941E80000000000003E
:1021C000000000000000000000000000000000000F
:1021D00000000000000000000000000000000000FF
:1021E00000000000000000000000000000000000EF
:1021F00000000000000000000000000000000000DF
:1022000000000000000000000000000000000000CE
:1022100000000000000000000000000000000000BE
:10222000000000000000000000000000000041E885
:102230004A492104000000000000000000000000E6
:10224000000000000000000000000000000000008E
:10225000000000000000000000000000000000007E
:10226000000000000000000000000000000000006E
:10227000000000000000000000000000000000005E
:10228000000000000000000000000000000000004E
:10229000000000000000000000000000000000003E
:1022A000000000000000000000000000000000002E
:1022B000000000000000000000000000000000001E
:1022C000000000000000000000000000000000000E
:1022D00000000000000000000000000000000000FE
:1022E00000000000000000000000000000000000EE
:1022F00000000000000000000000000000000000DE
:1023000000000000000000000000000000000000CD
:1023100000000000000000000000000000000000BD
:1023200000000000000000000000000000000000AD
:10233000000000000000000000000000000000009D
:10234000000000000000000000000000000000008D
:10235000000000000000000000000000000000007D
:10236000000000000000000000000000000000006D
:10237000000000000000000000000000000000005D
:10238000000000000000000000000000000000004D
:1023900000000000000039E74A4921240000000045
:1023A000000000000000000000000000000000002D
:1023B000000000000000000000000000000000001D
:1023C000000000000000000000000000000000000D
:1023D00000000000000000000000000000000000FD
:1023E00000000000000000000000000000000000ED
:1023F00000000000000000000000000000000000DD
:1024000000000000000000000000000021244A49F4
:1024100039E700000000000000000000000000009C
:1024200000000000000000000000000000000000AC
:10243000000000000000000000000000000000009C
:10244000000000000000000000000000000000008C
:10245000000000000000000000000000000000007C
:10246000000000000000000000000000000000006C
:10247000000000000000000000000000000000005C
:10248000000000000000000000000000000000004C
:10249000000000000000000000000000000000003C
:1024A000000000000000000000000000000000002C
:1024B000000000000000000000000000000000001C
:1024C000000000000000000000000000000000000C
:1024D00000000000000000000000000000000000FC
:1024E00000000000000000000000000000000000EC
:1024F00000000000000000000000000000000000DC
:1025000000000000000000000000000000000000CB
:1025100000000000000000000000000000000000BB
:1025200000000000000000000000000000000000AB
:10253000000000000000000000000000000000009B
:10254000000000000000000000000000000000008B
:10255000000000000000000000000000000000007B
:10256000000000000000000000000000000000006B
:1025700000000000000010824A494A291062000051
:10258000000000000000000000000000000000004B
:10259000000000000000000000000000000000003B
:1025A000000000000000000000000000000000002B
:1025B000000000000000000000000000000000001B
:1025C000000000000000000000000000000000000B
:1025D00000000000000000000000000000000000FB
:1025E0000000000000000000000010824A294A4953
:1025F0001082000000000000000000000000000049
:1026000000000000000000000000000000000000CA
:1026100000000000000000000000000000000000BA
:1026200000000000000000000000000000000000AA
:10263000000000000000000000000000000000009A
:10264000000000000000000000000000000000008A
:10265000000000000000000000000000000000007A
:10266000000000000000000000000000000000006A
:10267000000000000000000000000000000000005A
:10268000000000000000000000000000000000004A
:10269000000000000000000000000000000000003A
:1026A000000000000000000000000000000000002A
:1026B000000000000000000000000000000000001A
:1026C000000000000000000000000000000000000A
:1026D00000000000000000000000000000000000FA
:1026E00000000000000000000000000000000000EA
:1026F00000000000000000000000000000000000DA
:1027000000000000000000000000000000000000C9
:1027100000000000000000000000000000000000B9
:1027200000000000000000000000000000000000A9
:102730000000000000000000000000000000000099
:102740000000000000000000000000000000000089
:10275000000000000000000029454A4941E800202F
:102760000000000000000000000000000000000069
:102770000000000000000000000000000000000059
:102780000000000000000000000000000000000049
:102790000000000000000000000000000000000039
:1027A0000000000000000000000000000000000029
:1027B0000000000000000000000000000000000019
:1027C0000000000000000000082142084A49294595
:1027D00000000000000000000000000000000000F9
:1027E00000000000000000000000000000000000E9
:1027F00000000000000000000000000000000000D9
:1028000000000000000000000000000000000000C8
:1028100000000000000000000000000000000000B8
:1028200000000000000000000000000000000000A8
:102830000000000000000000000000000000000098
:102840000000000000000000000000000000000088
:102850000000000000000000000000000000000078
:102860000000000000000000000000000000000068
:102870000000000000000000000000000000000058
:102880000000000000000000000000000000000048
:102890000000000000000000000000000000000038
:1028A0000000000000000000000000000000000028
:1028B0000000000000000000000000000000000018
:1028C0000000000000000000000000000000000008
:1028D00000000000000000000000000000000000F8
:1028E00000000000000000000000000000000000E8
:1028F00000000000000000000000000000000000D8
:1029000000000000000000000000000000000000C7
:1029100000000000000000000000000000000000B7
:1029200000000000000000000000000000000000A7
:102930000000000000000000000039C74A4931864D
:102940000000000000000000000000000000000087
:102950000000000000000000000000000000000077
:102960000000000000000000000000000000000067
:102970000000000000000000000000000000000057
:102980000000000000000000000000000000000047
:102990000000000000000000000000000000000037
:1029A000000000000000000031864A4939C70000DD
:1029B0000000000000000000000000000000000017
:1029C0000000000000000000000000000000000007
:1029D00000000000000000000000000000000000F7
:1029E00000000000000000000000000000000000E7
:1029F00000000000000000000000000000000000D7
:102A000000000000000000000000000000000000C6
:102A100000000000000000000000000000000000B6
:102A200000000000000000000000000000000000A6
:102A30000000000000000000000000000000000096
:102A40000000000000000000000000000000000086
:102A50000000000000000000000000000000000076
:102A60000000000000000000000000000000000066
:102A70000000000000000000000000000000000056
:102A80000000000000000000000000000000000046
:102A90000000000000000000000000000000000036
:102AA0000000000000000000000000000000000026
:102AB0000000000000000000000000000000000016
:102AC0000000000000000000000000000000000006
:102AD00000000000000000000000000000000000F6
:102AE00000000000000000000000000000000000E6
:102AF00000000000000000000000000000000000D6
:102B000000000000000000000000000000000000C5
:102B100000000000000000000000084142284A496F
:102B20002945000000000000000000000000000037
:102B30000000000000000000000000000000000095
:102B40000000000000000000000000000000000085
:102B50000000000000000000000000000000000075
:102B60000000000000000000000000000000000065
:102B70000000000000000000000000000000000055
:102B800000000000000029454A4942280841000091
:102B90000000000000000000000000000000000035
:102BA0000000000000000000000000000000000025
:102BB0000000000000000000000000000000000015
:102BC0000000000000000000000000000000000005
:102BD00000000000000000000000000000000000F5
:102BE00000000000000000000000000000000000E5
:102BF00000000000000000000000000000000000D5
:102C000000000000000000000000000000000000C4
:102C100000000000000000000000000000000000B4
:102C200000000000000000000000000000000000A4
:102C30000000000000000000000000000000000094
:102C40000000000000000000000000000000000084
:102C50000000000000000000000000000000000074
:102C60000000000000000000000000000000000064
:102C70000000000000000000000000000000000054
:102C80000000000000000000000000000000000044
:102C90000000000000000000000000000000000034
:102CA0000000000000000000000000000000000024
:102CB0000000000000000000000000000000000014
:102CC0000000000000000000000000000000000004
:102CD00000000000000000000000000000000000F4
:102CE00000000000000000000000000000000000E4
:102CF00000000000000000000000000010824A29CF
:102D00004A4921040000000000000000000000000B
:102D100000000000000000000000000000000000B3
:102D200000000000000000000000000000000000A3
:102D30000000000000000000000000000000000093
:102D40000000000000000000000000000000000083
:102D50000000000000000000000000000000000073
:102D60000000000021044A494A2910A20000000086
:102D70000000000000000000000000000000000053
:102D80000000000000000000000000000000000043
:102D90000000000000000000000000000000000033
:102DA0000000000000000000000000000000000023
:102DB0000000000000000000000000000000000013
:102DC0000000000000000000000000000000000003
:102DD00000000000000000000000000000000000F3
:102DE00000000000000000000000000000000000E3
:102DF00000000000000000000000000000000000D3
:102E000000000000000000000000000000000000C2
:102E100000000000000000000000000000000000B2
:102E200000000000000000000000000000000000A2
:102E30000000000000000000000000000000000092
:102E40000000000000000000000000000000000082
:102E50000000000000000000000000000000000072
:102E60000000000000000000000000000000000062
:102E70000000000000000000000000000000000052
:102E80000000000000000000000000000000000042
:102E90000000000000000000000000000000000032
:102EA0000000000000000000000000000000000022
:102EB0000000000000000000000000000000000012
:102EC0000000000000000000000000000000000002
:102ED000000000000000000000000000000018C317
:102EE0004A494A4921040000000000000000000097
:102EF00000000000000000000000000000000000D2
:102F000000000000000000000000000000000000C1
:102F100000000000000000000000000000000000B1
:102F200000000000000000000000000000000000A1
:102F30000000000000000000000000000000000091
:102F4000000021044A494A4918C30000000000005B
:102F50000000000000000000000000000000000071
:102F60000000000000000000000000000000000061
:102F70000000000000000000000000000000000051
:102F80000000000000000000000000000000000041
:102F90000000000000000000000000000000000031
:102FA0000000000000000000000000000000000021
:102FB0000000000000000000000000000000000011
:102FC0000000000000000000000000000000000001
:102FD00000000000000000000000000000000000F1
:102FE00000000000000000000000000000000000E1
:102FF00000000000000000000000000000000000D1
:1030000000000000000000000000000000000000C0
:1030100000000000000000000000000000000000B0
:1030200000000000000000000000000000000000A0
:103030000000000000000000000000000000000090
:103040000000000000000000000000000000000080
:103050000000000000000000000000000000000070
:103060000000000000000000000000000000000060
:103070000000000000000000000000000000000050
:103080000000000000000000000000000000000040
:103090000000000000000000000000000000000030
:1030A0000000000000000000000000000000000020
:1030B0000000000000000000000000000000000010
:1030C00020E44A494A492945000000000000000068
:1030D00000000000000000000000000000000000F0
:1030E00000000000000000000000000000000000E0
:1030F00000000000000000000000000000000000D0
:1031000000000000000000000000000000000000BF
:1031100000000000000000000000000000000000AF
:1031200029454A494A4918E3000000000000000010
:10313000000000000000000000000000000000008F
:10314000000000000000000000000000000000007F
:10315000000000000000000000000000000000006F
:10316000000000000000000000000000000000005F
:10317000000000000000000000000000000000004F
:10318000000000000000000000000000000000003F
:10319000000000000000000000000000000000002F
:1031A000000000000000000000000000000000001F
:1031B000000000000000000000000000000000000F
:1031C00000000000000000000000000000000000FF
:1031D00000000000000000000000000000000000EF
:1031E00000000000000000000000000000000000DF
:1031F00000000000000000000000000000000000CF
:1032000000000000000000000000000000000000BE
:1032100000000000000000000000000000000000AE
:10322000000000000000000000000000000000009E
:10323000000000000000000000000000000000008E
:10324000000000000000000000000000000000007E
:10325000000000000000000000000000000000006E
:10326000000000000000000000000000000000005E
:10327000000000000000000000000000000000004E
:10328000000000000000000000000000000000003E
:10329000000000000000000000000000000000002E
:1032A000000018C34A294A49318600200000000066
:1032B000000000000000000000000000000000000E
:1032C00000000000000000000000000000000000FE
:1032D00000000000000000000000000000000000EE
:1032E00000000000000000000000000000000000DE
:1032F00000000000000000000000000008213186EE
:103300004A494A2918C300000000000000000000DC
:1033100000000000000000000000000000000000AD
:10332000000000000000000000000000000000009D
:10333000000000000000000000000000000000008D
:10334000000000000000000000000000000000007D
:10335000000000000000000000000000000000006D
:10336000000000000000000000000000000000005D
:10337000000000000000000000000000000000004D
:10338000000000000000000000000000000000003D
:10339000000000000000000000000000000000002D
:1033A000000000000000000000000000000000001D
:1033B000000000000000000000000000000000000D
:1033C00000000000000000000000000000000000FD
:1033D00000000000000000000000000000000000ED
:1033E00000000000000000000000000000000000DD
:1033F00000000000000000000000000000000000CD
:1034000000000000000000000000000000000000BC
:1034100000000000000000000000000000000000AC
:10342000000000000000000000000000000000009C
:10343000000000000000000000000000000000008C
:10344000000000000000000000000000000000007C
:10345000000000000000000000000000000000006C
:10346000000000000000000000000000000000005C
:10347000000000000000000000000000000000004C
:103480000000000010A242284A4941E810620000F2
:10349000000000000000000000000000000000002C
:1034A000000000000000000000000000000000001C
:1034B000000000000000000000000000000000000C
:1034C00000000000000000000000000000000000FC
:1034D00000000000000000000000108242084A497D
:1034E00042281082000000000000000000000000E0
:1034F00000000000000000000000000000000000CC
:1035000000000000000000000000000000000000BB
:1035100000000000000000000000000000000000AB
:10352000000000000000000000000000000000009B
:10353000000000000000000000000000000000008B
:10354000000000000000000000000000000000007B
:10355000000000000000000000000000000000006B
:10356000000000000000000000000000000000005B
:10357000000000000000000000000000000000004B
:10358000000000000000000000000000000000003B
:10359000000000000000000000000000000000002B
:1035A000000000000000000000000000000000001B
:1035B000000000000000000000000000000000000B
:1035C00000000000000000000000000000000000FB
:1035D00000000000000000000000000000000000EB
:1035E00000000000000000000000000000000000DB
:1035F00000000000000000000000000000000000CB
:1036000000000000000000000000000000000000BA
:1036100000000000000000000000000000000000AA
:10362000000000000000000000000000000000009A
:10363000000000000000000000000000000000008A
:10364000000000000000000000000000000000007A
:10365000000000000000000000000000000000006A
:10366000000000000000084139C74A494A292124C6
:10367000000000000000000000000000000000004A
:10368000000000000000000000000000000000003A
:10369000000000000000000000000000000000002A
:1036A000000000000000000000000000000000001A
:1036B000000000000000002021244A294A4939C79F
:1036C00008410000000000000000000000000000B1
:1036D00000000000000000000000000000000000EA
:1036E00000000000000000000000000000000000DA
:1036F00000000000000000000000000000000000CA
:1037000000000000000000000000000000000000B9
:1037100000000000000000000000000000000000A9
:103720000000000000000000000000000000000099
:103730000000000000000000000000000000000089
:103740000000000000000000000000000000000079
:103750000000000000000000000000000000000069
:103760000000000000000000000000000000000059
:103770000000000000000000000000000000000049
:103780000000000000000000000000000000000039
:103790000000000000000000000000000000000029
:1037A0000000000000000000000000000000000019
:1037B0000000000000000000000000000000000009
:1037C00000000000000000000000000000000000F9
:1037D00000000000000000000000000000000000E9
:1037E00000000000000000000000000000000000D9
:1037F00000000000000000000000000000000000C9
:1038000000000000000000000000000000000000B8
:1038100000000000000000000000000000000000A8
:103820000000000000000000000000000000000098
:103830000000000000000000000000000000000088
:103840000000000000000000000029454A494A49E4
:1038500041E818A300000000000000000000000084
:103860000000000000000000000000000000000058
:103870000000000000000000000000000000000048
:103880000000000000000000000000000000000038
:103890000000000018A341E84A494A4929450000B0
:1038A0000000000000000000000000000000000018
:1038B0000000000000000000000000000000000008
:1038C00000000000000000000000000000000000F8
:1038D00000000000000000000000000000000000E8
:1038E00000000000000000000000000000000000D8
:1038F00000000000000000000000000000000000C8
:1039000000000000000000000000000000000000B7
:1039100000000000000000000000000000000000A7
:103920000000000000000000000000000000000097
:103930000000000000000000000000000000000087
:103940000000000000000000000000000000000077
:103950000000000000000000000000000000000067
:103960000000000000000000000000000000000057
:103970000000000000000000000000000000000047
:103980000000000000000000000000000000000037
:103990000000000000000000000000000000000027
:1039A0000000000000000000000000000000000017
:1039B0000000000000000000000000000000000007
:1039C00000000000000000000000000000000000F7
:1039D00000000000000000000000000000000000E7
:1039E00000000000000000000000000000000000D7
:1039F00000000000000000000000000000000000C7
:103A000000000000000000000000000000000000B6
:103A100000000000000000000000000000000000A6
:103A2000000000000000000000000000108239E7E4
:103A30004A494A4939C718A30000000000000000A5
:103A40000000000000000000000000000000000076
:103A50000000000000000000000000000000000066
:103A60000000000000000000000000000000000056
:103A7000108231A64A494A4939E710820000000005
:103A80000000000000000000000000000000000036
:103A90000000000000000000000000000000000026
:103AA0000000000000000000000000000000000016
:103AB0000000000000000000000000000000000006
:103AC00000000000000000000000000000000000F6
:103AD00000000000000000000000000000000000E6
:103AE00000000000000000000000000000000000D6
:103AF00000000000000000000000000000000000C6
:103B000000000000000000000000000000000000B5
:103B100000000000000000000000000000000000A5
:103B20000000000000000000000000000000000095
:103B30000000000000000000000000000000000085
:103B40000000000000000000000000000000000075
:103B50000000000000000000000000000000000065
:103B60000000000000000000000000000000000055
:103B70000000000000000000000000000000000045
:103B80000000000000000000000000000000000035
:103B90000000000000000000000000000000000025
:103BA0000000000000000000000000000000000015
:103BB0000000000000000000000000000000000005
:103BC00000000000000000000000000000000000F5
:103BD00000000000000000000000000000000000E5
:103BE00000000000000000000000000000000000D5
:103BF00000000000000000000000000000000000C5
:103C000000000000000000000000000000000000B4
:103C1000210442084A494A4939C720E408210000E2
:103C20000000000000000000000000000000000094
:103C30000000000000000000000000000000000084
:103C400000000000000000000000082120E439C747
:103C50004A494A49420821040000000000000000CF
:103C60000000000000000000000000000000000054
:103C70000000000000000000000000000000000044
:103C80000000000000000000000000000000000034
:103C90000000000000000000000000000000000024
:103CA0000000000000000000000000000000000014
:103CB0000000000000000000000000000000000004
:103CC00000000000000000000000000000000000F4
:103CD00000000000000000000000000000000000E4
:103CE00000000000000000000000000000000000D4
:103CF00000000000000000000000000000000000C4
:103D000000000000000000000000000000000000B3
:103D100000000000000000000000000000000000A3
:103D20000000000000000000000000000000000093
:103D30000000000000000000000000000000000083
:103D40000000000000000000000000000000000073
:103D50000000000000000000000000000000000063
:103D60000000000000000000000000000000000053
:103D70000000000000000000000000000000000043
:103D80000000000000000000000000000000000033
:103D90000000000000000000000000000000000023
:103DA0000000000000000000000000000000000013
:103DB0000000000000000000000000000000000003
:103DC00000000000000000000000000000000000F3
:103DD00000000000000000000000000000000000E3
:103DE00000000000000000000000000000000000D3
:103DF00000000020210442084A494A494A293186E4
:103E000018E308410000000000000000000000006E
:103E100000000000000000000000000000000000A2
:103E200000000000084118E331864A294A494A49FE
:103E300042082104002000000000000000000000F3
:103E40000000000000000000000000000000000072
:103E50000000000000000000000000000000000062
:103E60000000000000000000000000000000000052
:103E70000000000000000000000000000000000042
:103E80000000000000000000000000000000000032
:103E90000000000000000000000000000000000022
:103EA0000000000000000000000000000000000012
:103EB0000000000000000000000000000000000002
:103EC00000000000000000000000000000000000F2
:103ED00000000000000000000000000000000000E2
:103EE00000000000000000000000000000000000D2
:103EF00000000000000000000000000000000000C2
:103F000000000000000000000000000000000000B1
:103F100000000000000000000000000000000000A1
:103F20000000000000000000000000000000000091
:103F30000000000000000000000000000000000081
:103F40000000000000000000000000000000000071
:103F50000000000000000000000000000000000061
:103F60000000000000000000000000000000000051
:103F70000000000000000000000000000000000041
:103F80000000000000000000000000000000000031
:103F90000000000000000000000000000000000021
:103FA0000000000000000000000000000000000011
:103FB0000000000000000000000000000000000001
:103FC00000000000000000000000000000000000F1
:103FD000000000000000000018C331A64A494A4909
:103FE0004A494A4941E83166212418C31062084110
:103FF00008210000000008210841106218C3212494
:10400000318641E84A494A494A494A4931A618C3D2
:1040100000000000000000000000000000000000A0
:104020000000000000000000000000000000000090
:104030000000000000000000000000000000000080
:104040000000000000000000000000000000000070
:104050000000000000000000000000000000000060
:104060000000000000000000000000000000000050
:104070000000000000000000000000000000000040
:104080000000000000000000000000000000000030
:104090000000000000000000000000000000000020
:1040A0000000000000000000000000000000000010
:1040B0000000000000000000000000000000000000
:1040C00000000000000000000000000000000000F0
:1040D00000000000000000000000000000000000E0
:1040E00000000000000000000000000000000000D0
:1040F00000000000000000000000000000000000C0
:1041000000000000000000000000000000000000AF
:10411000000000000000000000000000000000009F
:10412000000000000000000000000000000000008F
:10413000000000000000000000000000000000007F
:10414000000000000000000000000000000000006F
:10415000000000000000000000000000000000005F
:10416000000000000000000000000000000000004F
:10417000000000000000000000000000000000003F
:10418000000000000000000000000000000000002F
:10419000000000000000000000000000000000001F
:1041A000000000000000000000000000000000000F
:1041B000000000000000000000000000084120E4B2
:1041C000318642284A494A494A494A494A494A495C
:1041D0004A494A494A494A494A494A494A494A4947
:1041E0004A494A494228318620E40841000000003B
:1041F00000000000000000000000000000000000BF
:1042000000000000000000000000000000000000AE
:10421000000000000000000000000000000000009E
:10422000000000000000000000000000000000008E
:10423000000000000000000000000000000000007E
:10424000000000000000000000000000000000006E
:10425000000000000000000000000000000000005E
:10426000000000000000000000000000000000004E
:10427000000000000000000000000000000000003E
:10428000000000000000000000000000000000002E
:10429000000000000000000000000000000000001E
:1042A000000000000000000000000000000000000E
:1042B00000000000000000000000000000000000FE
:1042C00000000000000000000000000000000000EE
:1042D00000000000000000000000000000000000DE
:1042E00000000000000000000000000000000000CE
:1042F00000000000000000000000000000000000BE
:1043000000000000000000000000000000000000AD
:10431000000000000000000000000000000000009D
:10432000000000000000000000000000000000008D
:10433000000000000000000000000000000000007D
:10434000000000000000000000000000000000006D
:10435000000000000000000000000000000000005D
:10436000000000000000000000000000000000004D
:10437000000000000000000000000000000000003D
:10438000000000000000000000000000000000002D
:10439000000000000000000000000000000000001D
:1043A00000000000106218E32925318639E741E852
:1043B00042284A294A29422841E839E731862925F5
:1043C00018E3106200000000000000000000000080
:1043D00000000000000000000000000000000000DD
:1043E00000000000000000000000000000000000CD
:1043F00000000000000000000000000000000000BD
:1044000000000000000000000000000000000000AC
:10441000000000000000000000000000000000009C
:10442000000000000000000000000000000000008C
:10443000000000000000000000000000000000007C
:10444000000000000000000000000000000000006C
:10445000000000000000000000000000000000005C
:10446000000000000000000000000000000000004C
:10447000000000000000000000000000000000003C
:10448000000000000000000000000000000000002C
:10449000000000000000000000000000000000001C
:1044A000000000000000000000000000000000000C
:1044B00000000000000000000000000000000000FC
:1044C00000000000000000000000000000000000EC
:1044D00000000000000000000000000000000000DC
:1044E00000000000000000000000000000000000CC
:1044F00000000000000000000000000000000000BC
:1045000000000000000000000000000000000000AB
:10451000000000000000000000000000000000009B
:10452000000000000000000000000000000000008B
:10453000000000000000000000000000000000007B
:10454000000000000000000000000000000000006B
:10455000000000000000000000000000000000005B
:10456000000000000000000000000000000000004B
:10457000000000000000000000000000000000003B
:10458000000000000000000000000000000000002B
:10459000000000000000000000000000000000001B
:1045A000000000000000000000000000000000000B
:1045B00000000000000000000000000000000000FB
:1045C00000000000000000000000000000000000EB
:1045D00000000000000000000000000000000000DB
:1045E00000000000000000000000000000000000CB
:1045F00000000000000000000000000000000000BB
:1046000000000000000000000000000000000000AA
:10461000000000000000000000000000000000009A
:10462000000000000000000000000000000000008A
:10463000000000000000000000000000000000007A
:10464000000000000000000000000000000000006A
:10465000000000000000000000000000000000005A
:10466000000000000000000000000000000000004A
:10467000000000000000000000000000000000003A
:10468000000000000000000000000000000000002A
:10469000000000000000000000000000000000001A
:1046A000000000000000000000000000000000000A
:1046B00000000000000000000000000000000000FA
:1046C00000000000000000000000000000000000EA
:1046D00000000000000000000000000000000000DA
:1046E00000000000000000000000000000000000CA
:1046F00000000000000000000000000000000000BA
:1047000000000000000000000000000000000000A9
:104710000000000000000000000000000000000099
:104720000000000000000000000000000000000089
:104730000000000000000000000000000000000079
:104740000000000000000000000000000000000069
:104750000000000000000000000000000000000059
:104760000000000000000000000000000000000049
:104770000000000000000000000000000000000039
:104780000000000000000000000000000000000029
:104790000000000000000000000000000000000019
:1047A0000000000000000000000000000000000009
:1047B00000000000000000000000000000000000F9
:1047C00000000000000000000000000000000000E9
:1047D00000000000000000000000000000000000D9
:1047E00000000000000000000000000000000000C9
:1047F00000000000000000000000000000000000B9
:1048000000000000000000000000000000000000A8
:104810000000000000000000000000000000000098
:104820000000000000000000000000000000000088
:104830000000000000000000000000000000000078
:104840000000000000000000000000000000000068
:104850000000000000000000000000000000000058
:104860000000000000000000000000000000000048
:104870000000000000000000000000000000000038
:104880000000000000000000000000000000000028
:104890000000000000000000000000000000000018
:1048A0000000000000000000000000000000000008
:1048B00000000000000000000000000000000000F8
:1048C00000000000000000000000000000000000E8
:1048D00000000000000000000000000000000000D8
:1048E00000000000000000000000000000000000C8
:1048F00000000000000000000000000000000000B8
:1049000000000000000000000000000000000000A7
:104910000000000000000000000000000000000097
:104920000000000000000000000000000000000087
:104930000000000000000000000000000000000077
:104940000000000000000000000000000000000067
:104950000000000000000000000000000000000057
:104960000000000000000000000000000000000047
:104970000000000000000000000000000000000037
:104980000000000000000000000000000000000027
:104990000000000000000000000000000000000017
:1049A0000000000000000000000000000000000007
:1049B00000000000000000000000000000000000F7
:1049C00000000000000000000000000000000000E7
:1049D00000000000000000000000000000000000D7
:1049E00000000000000000000000000000000000C7
:1049F00000000000000000000000000000000000B7
:104A000000000000000000000000000000000000A6
:104A10000000000000000000000000000000000096
:104A20000000000000000000000000000000000086
:104A30000000000000000000000000000000000076
:104A40000000000000000000000000000000000066
:104A50000000000000000000000000000000000056
:104A60000000000000000000000000000000000046
:104A70000000000000000000000000000000000036
:104A80000000000000000000000000000000000026
:104A90000000000000000000000000000000000016
:104AA0000000000000000000000000000000000006
:104AB00000000000000000000000000000000000F6
:104AC00000000000000000000000000000000000E6
:104AD00000000000000000000000000000000000D6
:104AE00000000000000000000000000000000000C6
:104AF00000000000000000000000000000000000B6
:104B000000000000000000000000000000000000A5
:104B10000000000000000000000000000000000095
:104B20000000000000000000000000000000000085
:104B30000000000000000000000000000000000075
:104B40000000000000000000000000000000000065
:104B50000000000000000000000000000000000055
:104B60000000000000000000000000000000000045
:104B70000000000000000000000000000000000035
:104B80000000000000000000000000000000000025
:104B90000000000000000000000000000000000015
:104BA0000000000000000000000000000000000005
:104BB00000000000000000000000000000000000F5
:104BC00000000000000000000000000000000000E5
:104BD00000000000000000000000000000000000D5
:104BE00000000000000000000000000000000000C5
:104BF00000000000000000000000000000000000B5
:104C000000000000000000000000000000000000A4
:104C10000000000000000000000000000000000094
:104C20000000000000000000000000000000000084
:104C30000000000000000000000000000000000074
:104C40000000000000000000000000000000000064
:104C50000000000000000000000000000000000054
:104C60000000000000000000000000000000000044
:104C70000000000000000000000000000000000034
:104C80000000000000000000000000000000000024
:104C90000000000000000000000000000000000014
:104CA0000000000000000000000000000000000004
:104CB00000000000000000000000000000000000F4
:104CC00000000000000000000000000000000000E4
:104CD00000000000000000000000000000000000D4
:104CE00000000000000000000000000000000000C4
:104CF00000000000000000000000000000000000B4
:104D000000000000000000000000000000000000A3
:104D10000000000000000000000000000000000093
:104D20000000000000000000000000000000000083
:104D30000000000000000000000000000000000073
:104D40000000000000000000000000000000000063
:104D50000000000000000000000000000000000053
:104D60000000000000000000000000000000000043
:104D70000000000000000000000000000000000033
:104D80000000000000000000000000000000000023
:104D90000000000000000000000000000000000013
:104DA0000000000000000000000000000000000003
:104DB00000000000000000000000000000000000F3
:104DC00000000000000000000000000000000000E3
:104DD00000000000000000000000000000000000D3
:104DE00000000000000000000000000000000000C3
:104DF00000000000000000000000000000000000B3
:104E000000000000000000000000000000000000A2
:104E10000000000000000000000000000000000092
:104E20000000000000000000000000000000000082
:104E30000000000000000000000000000000000072
:104E40000000000000000000000000000000000062
:104E50000000000000000000000000000000000052
:104E60000000000000000000000000000000000042
:104E70000000000000000000000000000000000032
:104E80000000000000000000000000000000000022
:104E90000000000000000000000000000000000012
:104EA0000000000000000000000000000000000002
:104EB00000000000000000000000000000000000F2
:104EC00000000000000000000000000000000000E2
:104ED00000000000000000000000000000000000D2
:104EE00000000000000000000000000000000000C2
:104EF00000000000000000000000000000000000B2
:104F000000000000000000000000000000000000A1
:104F10000000000000000000000000000000000091
:104F20000000000000000000000000000000000081
:104F30000000000000000000000000000000000071
:104F40000000000000000000000000000000000061
:104F50000000000000000000000000000000000051
:104F60000000000000000000000000000000000041
:104F70000000000000000000000000000000000031
:104F80000000000000000000000000000000000021
:104F90000000000000000000000000000000000011
:104FA0000000000000000000000000000000000001
:104FB00000000000000000000000000000000000F1
:104FC00000000000000000000000000000000000E1
:104FD00000000000000000000000000000000000D1
:104FE00000000000000000000000000000000000C1
:104FF00000000000000000000000000000000000B1
:1050000000000000000000000000000000000000A0
:105010000000000000000000000000000000000090
:105020000000000000000000000000000000000080
:105030000000000000000000000000000000000070
:105040000000000000000000000000000000000060
:105050000000000000000000000000000000000050
:105060000000000000000000000000000000000040
:105070000000000000000000000000000000000030
:105080000000000000000000000000000000000020
:105090000000000000000000000000000000000010
:1050A0000000000000000000000000000000000000
:1050B00000000000000000000000000000000000F0
:1050C00000000000000000000000000000000000E0
:1050D00000000000000000000000000000000000D0
:1050E00000000000000000000000000000000000C0
:1050F00000000000000000000000000000000000B0
:10510000000000000000000000000000000000009F
:10511000000000000000000000000000000000008F
:10512000000000000000000000000000000000007F
:10513000000000000000000000000000000000006F
:10514000000000000000000000000000000000005F
:10515000000000000000000000000000000000004F
:10516000000000000000000000000000000000003F
:10517000000000000000000000000000000000002F
:10518000000000000000000000000000000000001F
:10519000000000000000000000000000000000000F
:1051A00000000000000000000000000000000000FF
:1051B00000000000000000000000000000000000EF
:1051C00000000000000000000000000000000000DF
:1051D00000000000000000000000000000000000CF
:1051E00000000000000000000000000000000000BF
:1051F00000000000000000000000000000000000AF
:10520000000000000000000000000000000000009E
:10521000000000000000000000000000000000008E
:10522000000000000000000000000000000000007E
:10523000000000000000000000000000000000006E
:10524000000000000000000000000000000000005E
:10525000000000000000000000000000000000004E
:10526000000000000000000000000000000000003E
:10527000000000000000000000000000000000002E
:10528000000000000000000000000000000000001E
:10529000000000000000000000000000000000000E
:1052A00000000000000000000000000000000000FE
:1052B00000000000000000000000000000000000EE
:1052C00000000000000000000000000000000000DE
:1052D00000000000000000000000000000000000CE
:1052E00000000000000000000000000000000000BE
:1052F00000000000000000000000000000000000AE
:10530000000000000000000000000000000000009D
:10531000000000000000000000000000000000008D
:10532000000000000000000000000000000000007D
:10533000000000000000000000000000000000006D
:10534000000000000000000000000000000000005D
:10535000000000000000000000000000000000004D
:10536000000000000000000000000000000000003D
:10537000000000000000000000000000000000002D
:10538000000000000000000000000000000000001D
:10539000000000000000000000000000000000000D
:1053A00000000000000000000000000000000000FD
:1053B00000000000000000000000000000000000ED
:1053C00000000000000000000000000000000000DD
:1053D00000000000000000000000000000000000CD
:1053E00000000000000000000000000000000000BD
:1053F00000000000000000000000000000000000AD
:10540000000000000000000000000000000000009C
:10541000000000000000000000000000000000008C
:10542000000000000000000000000000000000007C
:10543000000000000000000000000000000000006C
:10544000000000000000000000000000000000005C
:10545000000000000000000000000000000000004C
:10546000000000000000000000000000000000003C
:10547000000000000000000000000000000000002C
:10548000000000000000000000000000000000001C
:10549000000000000000000000000000000000000C
:1054A00000000000000000000000000000000000FC
:1054B00000000000000000000000000000000000EC
:1054C00000000000000000000000000000000000DC
:1054D00000000000000000000000000000000000CC
:1054E00000000000000000000000000000000000BC
:1054F00000000000000000000000000000000000AC
:10550000000000000000000000000000000000009B
:10551000000000000000000000000000000000008B
:10552000000000000000000000000000000000007B
:10553000000000000000000000000000000000006B
:10554000000000000000000000000000000000005B
:10555000000000000000000000000000000000004B
:10556000000000000000000000000000000000003B
:10557000000000000000000000000000000000002B
:10558000000000007CD10010FA00CA08000000BF33
:105590000000D0400000000084D10010849302106D
:1055A000726368206D616C6C6F63206572726F72DC
:1055B000000000006F3D25642066706F733D256418
:1055C0002066706F736D61783D256420663A2530E2
:1055D0003878205B25645D2000000000207B256476
:1055E0007D0A00006F202564202564205B25645D12
:1055F0000A0000004572726F723A204E6F742044A8
:105600006574656374656420435354383136542E91
:105610000D0000000A2A2A2A2050414E4943202A20
:105620002A2A0A004E6F207370696E6C6F636B7369
:105630002061726520617661696C61626C65000051
:105640004E6F2075736572204952517320617265E7
:1056500020617661696C61626C650000486172640A
:105660007761726520616C61726D20256420616CC8
:10567000726561647920636C61696D656400000026
:105680004861726420617373657274004F75742091
:105690006F66206D656D6F727900000052656C65F4
:1056A00061736500626F6F74325F773235713038C5
:1056B00030000000322E322E300000007069636F1F
:1056C000000000006D61696E5F6F696C5F705F6400
:1056D000656D6F00536570202039203230323600FE
:1056E00005005250DE65F4684C77041006005250F5
:1056F0005422A29DD456041006005250861C030268
:10570000C456041006005250BBFF3CB6BC560410F1
:1057100006005250ABB36053B4560410060052500A
:10572000E182887FA456041006005250D3F07542DF
:105730009C560410666E6900666E692B00000000BE
:105740006E616E00666E692D00000000E050001072
:105750009650001096500010D8500010965000102F
:105760009650001096500010965000109650001061
:105770009650001096500010D05000109650001017
:10578000C85000109650001096500010C0500010E5
:1057900092520010F250001086520010F250001089
:1057A000A2520010F2500010F2500010F2500010FF
:1057B000F2500010F2500010F2500010F2500010A1
:1057C000E8500010F2500010F2500010F25000109B
:1057D000F2500010F2500010E8500010E852001093
:1057E00052500010525000105250001052500010F1
:1057F00052500010525000105250001052500010E1
:1058000052500010525000105250001052500010D0
:1058100052500010525000105250001052500010C0
:1058200052500010525000105250001052500010B0
:1058300052500010525000105250001052500010A0
:105840005250001052500010525000105250001090
:1058500052500010525000105250001016550010B7
:10586000B452001016550010525000105250001043
:105870005250001052500010525000105250001060
:105880005250001052500010525000105250001050
:105890005250001052500010525000105250001040
:1058A00052500010525000109A51001052500010E7
:1058B0005250001052500010525000105250001020
:1058C0005250001052500010525000105250001010
:1058D0009A510010FC5200109A51001016550010F9
:1058E000B452001016550010525000109A5100107A
:1058F00052500010525000105250001052500010E0
:10590000525000109A5100102654001052500010AE
:105910005250001068530010525000109A5100105D
:1059200052500010525000109A5100100000000018
:10593000000000000000F03F0000000000002440D4
:1059400000000000000059400000000000408F40AF
:10595000000000000088C34000000000006AF8401A
:105960000000000080842E4100000000D01263413E
:105970000000000084D797410000000065CDCD41B4
:105980000D0A00000000000025600010000000006B
:105990002960001035600010616000105D6000102B
:1059A00000000000050F2100011C100500DF60DD74
:1059B000D88945C74C9CD2659D9E648A9F00000390
:1059C00006A60001000000000A0000000000030617
:1059D000A6000800020002009C00140003005749C2
:1059E0004E555342000000000000000000008000FF
:1059F000040001002800440065007600690063008F
:105A0000650049006E007400650072006600610068
:105A100063006500470055004900440000004E0047
:105A20007B006200630037003300390038006300F8
:105A300031002D0037003300630064002D00340076
:105A40006300620037002D00390038006200380022
:105A50002D0039003100330061003800660063001A
:105A6000610037006200660036007D000000000023
:105A700055534220737464696E202F207374646FD1
:105A8000757400000600525053B4F4A1705A04100B
:105A90005261737062657272792050690000000073
:105AA0005069636F00000000426F617264204344DC
:105AB0004300000052657365740000000902540041
:105AC000030100807D080B000202020000090400AF
:105AD0000001020200040524002001052401000148
:105AE00004240206052406000107058103080010AE
:105AF00009040100020A000000070502024000003C
:105B0000070582024000000904020000FF000105B1
:105B100012011002EF0201408A2E0A000001010268
:105B20000301000000000000905A0410A05A041065
:105B30003C8B0020A85A0410B45A0410556E6861BA
:105B40006E646C65642049525120307825780A00D3
:105B5000657020253032582077617320616C726542
:105B600061647920617661696C61626C6500000036
:105B700043616E277420636F6E74696E756520785B
:105B8000666572206F6E20696E6163746976652048
:105B90006570202530325800486C0010A86D001048
:105BA000F46D0010806D0010926D0010706D00108B
:105BB000E66C0010966C00108A6C00104E7100109C
:105BC000387100105E6D0010707100105E6D001075
:105BD0001C710010087100105E6D0010F270001052
:105BE000027000105E6D0010EE730010E073001084
:105BF000D47300105E6D00105E6D0010BE73001057
:105C0000E07300105E6D00105E6D00105E6D0010A0
:105C10005E6D00105E6D00105E6D00105E6D001018
:105C20006E730010F60D0020F60D0020D80D002038
:105C30004C0E00205C0F0020700F0020400E002052
:105C400000000000C5790010357A0010597A001064
:105C5000A57A00104D7B0010357C0010000000007C
:105C600000000000317D00108D7D0010A97D001026
:105C7000D17D0010C9600010F97E00100000000006
:105C80004E6F20444D41206368616E6E656C7320D9
:105C900061726520617661696C61626C650000000B
:105CA000646F75626C65207265736574202D3E208B
:105CB000424F4F5453454C000600525053B4F4A188
:105CC000A05C041053504920424155443A202564B9
:105CD0000A0000004445565F4D6F64756C655F496E
:105CE0006E6974204F4B200D000000006D6F6475CD
:105CF0006C6520696E6974206F6B00002564202537
:105D000064206E6F206368616E0A000025640000E5
:105D1000252B382E32660000252B342E32660000EB
:105D2000D082D083E2809AD193E2809EE280A6E284
:105D300080A0E280A1E282ACE280B0D089E280B9AA
:105D4000D08AD08CD08BD08FD192E28098E280998B
:105D5000E2809CE2809DE280A2E28093E280942037
:105D6000E284A2D199E280BAD19AD19CD19BD19FF1
:105D700020D08ED19ED088C2A4D290C2A6C2A7D075
:105D800081C2A9D084C2ABC2AC20C2AED087C2B09F
:105D9000C2B1D086D196D291C2B5C2B6C2B7D191A6
:105DA000E28496D194C2BBD198D085D195D197D0B9
:105DB00090D091D092D093D094D095D096D097D0C7
:105DC00098D099D09AD09BD09CD09DD09ED09FD077
:105DD000A0D0A1D0A2D0A3D0A4D0A5D0A6D0A7D027
:105DE000A8D0A9D0AAD0ABD0ACD0ADD0AED0AFD0D7
:105DF000B0D0B1D0B2D0B3D0B4D0B5D0B6D0B7D087
:105E0000B8D0B9D0BAD0BBD0BCD0BDD0BED0BFD135
:105E100080D181D182D183D184D185D186D187D1DE
:105E200088D189D18AD18BD18CD18DD18ED18F005F
:105E300000000000514D49383635385F696E69748D
:085E4000206661696C0000009E
:105E4800E0560410EC560410F856041004570410D9
:105E5800105704101C57041028570410B85C04107D
:045E6800845A041044
:105E6C0003000068EFF3108C72B60268002AFCD0B5
:105E7C00BFF35F8F04229A56002A0BDB00290FD048
:105E8C0000200A601B68BFF35F8F00221A608CF33E
:105E9C0010887047D0221206126801201A71F1E79F
:105EAC000020EFE7F0B5C646150000B504001E0053
:105EBC000268EFF3108172B61368002BFCD0BFF3AD
:105ECC005F8F0423E356002B2DDB2268BFF35F8F1B
:105EDC000020106081F31088D0221206127852B282
:105EEC0090469A4203D1002080BCB846F0BD0027F2
:105EFC000BE02368BFF35F8F1F6081F310882800CD
:105F0C00310000F07DFF0028EDD12268EFF3108105
:105F1C0072B61368002BFCD0BFF35F8F23797F2BF5
:105F2C00E7D9434602E0D0231B061B682371236884
:105F3C00BFF35F8F00221A6081F310880120D3E732
:105F4C00F0B5C64600B50D00040000F039FFFA228A
:105F5C0006000F00002328000021920000F048FFEB
:105F6C0036184F41002F2CDBD0231B061B68002555
:105F7C0098460BE02368BFF35F8F1D6081F3108898
:105F8C003000390000F03CFF002818D12268EFF3F4
:105F9C00108172B61368002BFCD0BFF35F8F23798E
:105FAC007F2BE7D9434623712368BFF35F8F002211
:105FBC001A6081F31088012080BCB846F0BD002027
:105FCC00FAE70126014F7642CEE7C046FFFFFF7F7E
:105FDC000268EFF3108172B61368002BFCD0BFF38C
:105FEC005F8FFF2303710368BFF35F8F00221A607A
:105FFC0081F3108840BF704710B5084C2378002BF4
:10600C000AD18023064807495B051A68C25004333D
:10601C008B42FAD10123237010BDC046798B00202E
:10602C00442300100001001010B5024B01339847B7
:10603C0010BDC04644230020074B5B680360074B30
:10604C005A6842609A688260DA68C2601A695B6951
:10605C00026143617047C0460000024004000240E8
:10606C000268074B5A604268064B5A6082689A6015
:10607C00C268DA6002691A6142695A617047C046A7
:10608C000000024004000240034B1A68C0239B002E
:10609C009343024A136070470C8001400C900140FE
:1060AC00054B1A6880239B005340C022920013407A
:1060BC00024A13607047C0460C8001400C900140AE
:1060CC001423F0B5D6464F4646469A46C0B581468F
:1060DC001888043386B098460E001B882A49140091
:1060EC009847534607001888434628491B88984709
:1060FC00534605001888434625491B889847804617
:10610C00FFF77AFF6846FFF797FFB847A847FFF7F6
:10611C00C7FF002C1BD0C0212200082702204905F4
:10612C003D008B6A1D4018420BD0002C09D0131B6C
:10613C000D2B23D84B461B78013C0B6601239C4648
:10614C00E1442300002D10D11343002BE8D1FFF7BD
:10615C009BFFC047FFF768FF6846FFF781FF06B05B
:10616C00E0BCBA46B146A846F0BD002AEDD00B6E95
:10617C00013A3370130001362343E6E7002DCFD0EC
:10618C00002ACDD0F3E7C046494600004558000030
:10619C004643000000231C4A10B59360D3601B4A91
:1061AC0000219360D3601A4A1A489360D3601A4A4C
:1061BC009360D360194A9360D360194A9360D3609B
:1061CC00184A9360D360184A9360D360174A93605F
:1061DC00D360174A9360D360164A9360D360164A13
:1061EC009360D360154A9360D360154A9360D36073
:1061FC00144A9360D360F022920000F0E9FD124B38
:10620C00124A1A6010BDC046000010500800105011
:10621C0010001050242500201800105020001050A1
:10622C002800105030001050380010504000105012
:10623C004800105050001050580010506000105082
:10624C006800105070001050F82A00208001105087
:10625C00F0B54F46D6464646C0B5204B84B09F6D30
:10626C00002F23D01E4B00249A46012399461D4B28
:10627C000126984604E001347600E4B2202C15D0B7
:10628C003E42F8D053469E654B4665086D00A343CD
:10629C00ED186D014544280000F038FC00280BD1A6
:1062AC000134B743E4B27600002FE7D104B0E0BC70
:1062BC00BA46B146A846F0BDEB8AE0210393002311
:1062CC0001A8AA78C900018001210271437100F074
:1062DC003DFC280000F0B6FBE2E7C0460000115080
:1062EC0000301150E42400209823F0B54646D646E1
:1062FC004F46CD4AC0B5D55880232C009B021026A2
:10630C0084B01C401D4273D0C84BC94C9A6AC94B0F
:10631C0000261A603B23E35C022B00D1FEE07B23BA
:10632C00E35C022B00D11CE1BB23E35C022B00D10C
:10633C0005E1FB23E35C022B00D163E13C23FF333B
:10634C00E35C022B00D148E17C23FF33E35C022B9E
:10635C0000D12DE1BC23FF33E35C022B00D112E111
:10636C00FC23FF33E35C022B00D10DE2B24BE35C68
:10637C00022B00D1F4E1B14BE35C022B00D1DBE149
:10638C00AF4BE35C022B00D1C2E1AE4BE35C022BC2
:10639C0000D1A9E1AC4BE35C022B00D190E1AB4BFB
:1063AC00E35C022B00D177E1A94BE35C022B00D11B
:1063BC005CE1A84BE35C022B00D1FAE1002E08D182
:1063CC00A54B1B78002B04D18021A44A9033890261
:1063DC00D150C022944B01A89B6C92005B055B0DC5
:1063EC00012180240280436000F0B0FB9C4EA4028B
:1063FC00EB0600D586E080235B021D4237D01C43A0
:10640C000023984602339946964B894E9A46B37EA2
:10641C00002B17D04B4642469F1A00F0E1FC012896
:10642C0000D973E0C02200213000920100F010FB73
:10643C00300000F007FB00F0D3FC012802D9874B99
:10644C005F661F660123F37043462036012B23D170
:10645C00C02301A8DB00844A038002AB42CA42C3BA
:10646C00012100F073FB80227C4B92021A65802381
:10647C005B011D4213D18023DB011D4226D18023F9
:10648C001B021D4231D1AC4200D0ACE104B0E0BCE7
:10649C00BA46B146A846F0BD01239846B7E7002698
:1064AC001C43614B1E60FFF775FE80236A465B0040
:1064BC0093801672012101A800F048FB8022674BE3
:1064CC0012031A658023DB011D42D8D01C438023A4
:1064DC0001A8DB000380012100F038FB10225F4B88
:1064EC001A6580231B021D42CDD01C43A02301A89A
:1064FC00DB000380012100F029FB8022574B1201A5
:10650C001A65C0E7FFF7A4FE340074E75346464A09
:10651C001F66536E3B40BB42FBD183E73833E65CCE
:10652C00002E00D1FBE60233E25C002A00D1F6E635
:10653C0000222000E254203000F0B2FAEFE6B8332B
:10654C00E35C002B00D1F4E6BC22A15C1E00002908
:10655C0000D1EEE600232000A354A03000F0A0FAF6
:10656C00E7E67833E35C002B00D1DDE67C22A15C0E
:10657C001E00002900D1D7E600232000A354603070
:10658C0000F08EFAD0E6B933FF33E35C002B00D178
:10659C00E6E6DE225200A15C1E00002900D1DFE6F7
:1065AC0020000023A130A354FF3000F079FAD7E685
:1065BC007933FF33E35C002B00D1CBE6BE225200D3
:1065CC00A15C1E00002900D1C4E62000002361302C
:1065DC00A354FF3000F064FABCE63933FF33E35CBC
:1065EC00002B00D1B0E69E225200A15C1E000029B7
:1065FC0000D1A9E6200000232130A354FF3000F085
:10660C004FFAA1E6F833E35C002B00D196E6FC22AE
:10661C00A15C1E00002900D190E600232000A354A9
:10662C00E03000F03DFA89E60000115000400540D2
:10663C00E4240020D02400203B0200007B02000058
:10664C00BB020000FB0200003B0300007B030000C8
:10665C00BB030000FB030000778B002000301150BF
:10666C00100002000020115000001050604BE35C41
:10667C00002B00D19DE6EF239B00E25C002A00D0AA
:10668C00A9E05C4BE35C022B00D0A2E65A4BE35C26
:10669C00002B00D092E09CE6584BE35C002B00D121
:1066AC0082E6DF229200A15C1E00002900D17BE66D
:1066BC000023A354D8239B00E01800F0F1F973E6F3
:1066CC004F4BE35C002B00D169E6CF229200A15C1A
:1066DC001E00002900D162E60023A354C8239B00AE
:1066EC00E01800F0DDF95AE6464BE35C002B00D1D4
:1066FC0050E6BF229200A15C1E00002900D149E6A1
:10670C000023A354B8239B00E01800F0C9F941E61C
:10671C003D4BE35C002B00D137E6AF229200A15C2D
:10672C001E00002900D130E60023A354A8239B00AF
:10673C00E01800F0B5F928E6344BE35C002B00D1EF
:10674C001EE69F229200A15C1E00002900D117E6D4
:10675C000023A35498239B00E01800F0A1F90FE646
:10676C002B4BE35C002B00D105E68F229200A15C41
:10677C001E00002900D1FEE50023A35488239B00B2
:10678C00E01800F08DF9F6E5F933FF33E35C002BEC
:10679C0000D1EBE5FE225200A15C1E00002900D1C5
:1067AC00E4E520000023E130A354FF3000F078F939
:1067BC00DCE5114BE35C002B00D1FFE5FF239B00D4
:1067CC00E25C002A00D104E60022E2541C3BE018F3
:1067DC0000F066F9FDE50022E254E8239B00E01886
:1067EC0000F05EF94DE721000A48694000F0E0FA3C
:1067FC00BA030000FB030000FA0300007A03000058
:10680C003A030000FA020000BA0200007A0200000B
:10681C003A0200003C5B0410F0B5D6464F464646A3
:10682C000300C0B51C8B808A8A46221C844200D986
:10683C00021C802692B2801ADD7884B2F6009C820B
:10684C001643002D02D09026B601164301277D4039
:10685C00DD705D783000002D41D151468801D9683A
:10686C001F698C46511E88468444002A32D06146EA
:10687C0002207C1C0C1BA042804108244445A441EE
:10688C0040426442044238D060463843810734D1D8
:10689C00151FAD08691C89460020002461463D582F
:1068AC0001340D500430A145F8D849468D0061469D
:1068BC004C1941467F19481BAA4209D03D782570D6
:1068CC00002805D07D786570012801D0B878A070BB
:1068DC001F699C8A8020BA1800021A613043002C70
:1068EC0002D18023DB0118435346002B00D0000457
:1068FC00E0BCBA46B146A846F0BD002061463C5CFF
:10690C000C5401308242F9D1E2E7C04682680300A0
:10691C00F0B51068002900D0000C5A788005800D65
:10692C00002A08D1DA8A8218DA821A8B824201D9BB
:10693C0000229A82F0BDDA688901451EAC461C69BA
:10694C00561800282ED00131511825000222611A48
:10695C008A428941354301322A4055426A414942B3
:10696C000A4225D06246082A22D900220021051F9E
:10697C00AD080135B7580131A75004328D42F9D812
:10698C006246AD0076196419571BA84209D03278BB
:10699C002270002F05D072786270012F01D0B2786E
:1069AC00A2701C69DA8A24188218DA821C61BCE78E
:1069BC000022B15CA15401329042FAD11C69F1E77A
:1069CC0010B50400836800211B68FFF79FFF636804
:1069DC001B685B0002D5238B834200D010BD0121C4
:1069EC002000FFF793FFF9E7084A0300126C002020
:1069FC00920703D49A78D209012A00D07047D87E26
:106A0C00023843425841C0B2F8E7C046000011506A
:106A1C0010B5FFF7E9FF00280CD00749074B8C464F
:106A2C00074A9B6A126863449B1A0020C6229A424A
:106A3C004041C0B210BDC046E0FCFFFF0040054025
:106A4C00D024002000238376436103617047C04645
:106A5C0010B58368002901D01C682140002A12D08F
:106A6C008024E400114322420DD01A6822420CD13A
:106A7C00084A0A401A60084A126C920703D40C2385
:106A8C00033BFDD28368196010BD8178034800F088
:106A9C008FF9C046FFFBFFFF00001150505B041044
:106AAC00436870B5002180251E680400FFF7B4FE12
:106ABC00134B6D011B6C05439B070FD5A3785B062D
:106ACC000FD0104B1E4080239B053343626800217E
:106ADC00136020002A00FFF7BBFF70BDA378DB0911
:106AEC00EFD0A38A002BECD001212000FFF794FEFD
:106AFC00A023054ADB05324005431343E6E7C046B5
:106B0C0000001150FFFFFFAFFFFFFFDF70B5857E68
:106B1C000400002D13D0FFF753FFA38A002B01D1E3
:106B2C00280070BD2000FFF773FF051E03D0012362
:106B3C0000252377F4E72000FFF7B2FFF0E7817818
:106B4C00014800F035F9C046705B0410F0B5CE4634
:106B5C00474680B5437805000E0085B0062B12D849
:106B6C006F4A9B00D3589F4601216E4B1A788A437B
:106B7C001A701A7801318A431A7000225A701A78E6
:106B8C0002318A431A70684B1C686269EFF31081FA
:106B9C0072B61368002BFCD0BFF35F8FA16120008D
:106BAC00290000F0FDF86269A369BFF35F8F002133
:106BBC00116083F31088002804D105B0C0BCB9461D
:106BCC00B046F0BD32006978287800F0E1F8F4E7BF
:106BDC00564A13780133DBB21370D4E75449554F3E
:106BEC00894655490024002388463A780CE04146F2
:106BFC00096863018C466344002B0AD10134E4B26A
:106C0C00511C2300A14211DB9442F0D39B1A5B016F
:106C1C004B44DB69002BF1D06968287898473A78A7
:106C2C000134E4B2511C2300A142EDDA3D4F3B7814
:106C3C005B072AD504223B7801AC9343002120004A
:106C4C0008323B7000F0C4F82B7823700523637076
:106C5C00354B1B6898465A69EFF3108172B613686E
:106C6C00002BFCD0BFF35F8F434640469961210057
:106C7C0000F096F843465A699B69BFF35F8F002179
:106C8C00116083F31088002844D1FB78DB0700D413
:106C9C0093E701AC0C220021200000F099F82B782E
:106CAC002370032363706B6863601F4B1D686A69F4
:106CBC00EFF3108172B61368002BFCD0BFF35F8F1B
:106CCC00A9612800210000F06BF86A69AB69BFF379
:106CDC005F8F0021116083F31088002800D16CE7CE
:106CEC0032006178207800F053F866E70D4B1A7883
:106CFC00D20700D461E704211A780A431A7042E7DC
:106D0C00084B1A78D20700D457E704211A788A4323
:106D1C001A7038E732006178207800F039F8B4E75F
:106D2C00245C04104C1F0020A41F0020788B002032
:106D3C00405C0410768B00209C1D002030B50400B4
:106D4C00101E0AD00A000D180221E3681942FCD06B
:106D5C0013780132A3609542F7D1E3685B0704D541
:106D6C000421A368E3681942FBD11021E36819429E
:106D7C00FCD1E3685B0704D50421A368E3681942DE
:106D8C00FBD10123236230BD7047C04600000000D8
:106D9C0001B40248844601BC604700BFF56A00108C
:106DAC0001B40248844601BC604700BF7D850010D9
:106DBC0001B40248844601BC604700BF151D001099
:106DCC0001B40248844601BC604700BF112D00107D
:106DDC0001B40248844601BC604700BF89450010DD
:106DEC0001B40248844601BC604700BF091D001075
:106DFC0001B40248844601BC604700BFF540001056
:106E0C0001B40248844601BC604700BFF12B00105E
:106E1C001600000098C500100B00100000000000C8
:106E2C000110000000000000000001000000000044
:106E3C000000000000000200000000000000000044
:106E4C000000030000000000000000000000FF0034
:106E5C000000000001B5486801318E4600477046BD
:106E6C0009380149884701BD452300100000000086
:106E7C000000000000000000000000000000000006
:106E8C00B01900200000000000000000000000000D
:106E9C00503300004C3300005433000052330000D8
:106EAC004D5300004D4300005334000043340000A8
:106EBC009D6200104D620010BD6100103561001024
:106ECC000000000000010000A81F002010000C00B2
:106EDC0000000000000000000000000000000000A6
:106EEC0000000000FF000000004004400000000013
:106EFC0000800440000000000C6A000070110020AB
:106F0C00000000005C140020C41400202C1500208C
:106F1C000000000000000000000000000000000065
:106F2C000000000000000000000000000000000055
:106F3C000000000000000000000000000000000045
:106F4C000000000000000000000000000000000035
:106F5C000000000000000000000000000000000025
:106F6C000000000000000000000000000000000015
:106F7C000000000000000000000000000000000005
:106F8C0000000000000000000000000000000000F5
:106F9C0000000000000000000000000000000000E5
:106FAC0000000000000000000100000000000000D4
:106FBC000E33CDAB34126DE6ECDE05000B00000099
:106FCC0000000000000000000000000000000000B5
:106FDC0000000000000000000000000000000000A5
:106FEC000000000000000000000000000000000095
:106FFC000000000000000000000000000000000085
:10700C000000000000000000000000000000000074
:10701C000000000000000000000000000000000064
:10702C000000000000000000000000000000000054
:10703C000000000000000000000000000000000044
:10704C000000000000000000000000000000000034
:10705C000000000000000000000000000000000024
:10706C000000000000000000000000000000000014
:10707C000000000000000000000000000000000004
:10708C0000000000000000000000000000000000F4
:10709C0000000000000000000000000000000000E4
:1070AC0000000000000000000000000000000000D4
:1070BC0000000000000000000000000000000000C4
:1070CC0000000000000000000000000000000000B4
:1070DC0000000000000000000000000000000000A4
:1070EC000000000000000000000000000000000094
:1070FC000000000000000000000000000000000084
:10710C000000000000000000000000000000000073
:10711C000000000000000000000000000000000063
:10712C000000000000000000000000000000000053
:10713C000000000000000000000000000000000043
:10714C000000000000000000000000000000000033
:10715C000000000000000000000000000000000023
:10716C000000000000000000000000000000000013
:10717C000000000000000000000000000000000003
:10718C0000000000000000000000000000000000F3
:10719C0000000000000000000000000000000000E3
:1071AC0000000000000000000000000000000000D3
:1071BC0000000000000000000000000000000000C3
:1071CC0000000000000000000000000000000000B3
:1071DC0000000000000000000000000000000000A3
:1071EC000000000000000000000000000000000093
:1071FC000000000000000000000000000000000083
:10720C000000000000000000000000000000000072
:10721C000000000000000000000000000000000062
:10722C000000000000000000000000000000000052
:10723C000000000000000000000000000000000042
:10724C000000000000000000000000000000000032
:10725C000000000000000000000000000000000022
:10726C000000000000000000000000000000000012
:10727C000000000000000000000000000000000002
:10728C0000000000000000000000000000000000F2
:10729C0000000000000000000000000000000000E2
:1072AC0000000000000000000000000000000000D2
:1072BC0000000000000000000000000000000000C2
:1072CC0000000000000000000000000000000000B2
:1072DC0000000000000000000000000000000000A2
:1072EC000000000000000000000000000000000092
:1072FC000000000000000000000000000000000082
:10730C000000000000000000000000000000000071
:10731C000000000000000000000000000000000061
:10732C000000000000000000000000000000000051
:10733C009815002098150020A0150020A0150020FD
:10734C00A8150020A8150020B0150020B0150020AD
:10735C00B8150020B8150020C0150020C01500205D
:10736C00C8150020C8150020D0150020D01500200D
:10737C00D8150020D8150020E0150020E0150020BD
:10738C00E8150020E8150020F0150020F01500206D
:10739C00F8150020F815002000160020001600201B
:1073AC0008160020081600201016002010160020C9
:1073BC001816002018160020201600202016002079
:1073CC002816002028160020301600203016002029
:1073DC0038160020381600204016002040160020D9
:1073EC004816002048160020501600205016002089
:1073FC005816002058160020601600206016002039
:10740C0068160020681600207016002070160020E8
:10741C007816002078160020801600208016002098
:10742C008816002088160020901600209016002048
:10743C009816002098160020A0160020A0160020F8
:10744C00A8160020A8160020B0160020B0160020A8
:10745C00B8160020B8160020C0160020C016002058
:10746C00C8160020C8160020D0160020D016002008
:10747C00D8160020D8160020E0160020E0160020B8
:10748C00E8160020E8160020F0160020F016002068
:10749C00F8160020F8160020001700200017002016
:1074AC0008170020081700201017002010170020C4
:1074BC001817002018170020201700202017002074
:1074CC002817002028170020301700203017002024
:1074DC0038170020381700204017002040170020D4
:1074EC004817002048170020501700205017002084
:1074FC005817002058170020601700206017002034
:10750C0068170020681700207017002070170020E3
:10751C007817002078170020801700208017002093
:10752C008817002088170020901700209017002043
:10753C009817002098170020A0170020A0170020F3
:10754C00A8170020A8170020B0170020B0170020A3
:10755C00B8170020B8170020C0170020C017002053
:10756C00C8170020C8170020D0170020D017002003
:10757C00D8170020D8170020E0170020E0170020B3
:10758C00E8170020E8170020F0170020F017002063
:10759C00F8170020F8170020001800200018002011
:1075AC0008180020081800201018002010180020BF
:1075BC00181800201818002020180020201800206F
:1075CC00281800202818002030180020301800201F
:1075DC0038180020381800204018002040180020CF
:1075EC00481800204818002050180020501800207F
:1075FC00581800205818002060180020601800202F
:10760C0068180020681800207018002070180020DE
:10761C00781800207818002080180020801800208E
:10762C00881800208818002090180020901800203E
:10763C009818002098180020A0180020A0180020EE
:10764C00A8180020A8180020B0180020B01800209E
:10765C00B8180020B8180020C0180020C01800204E
:10766C00C8180020C8180020D0180020D0180020FE
:10767C00D8180020D8180020E0180020E0180020AE
:10768C00E8180020E8180020F0180020F01800205E
:10769C00F8180020F818002000190020001900200C
:1076AC0008190020081900201019002010190020BA
:1076BC00181900201819002020190020201900206A
:1076CC00281900202819002030190020301900201A
:1076DC0038190020381900204019002040190020CA
:1076EC00481900204819002050190020501900207A
:1076FC00581900205819002060190020601900202A
:10770C0068190020681900207019002070190020D9
:10771C007819002078190020801900208019002089
:10772C008819002088190020901900209019002039
:10773C00FFFFFFFF0000020000000000000000003F
:04000005100001E9FD
:00000001FF
